customer_id,age,city,salary,membership,active
C00001,46,Chennai,33797,Basic,False
C00002,54,Mysore,131382,Premium,True
C00003,50,Mysore,129432,Basic,True
C00004,25,Mysore,57349,Premium,False
C00005,67,Hyderabad,25096,Standard,False
C00006,24,Bangalore,98133,Basic,False
C00007,59,Chennai,35634,Standard,True
C00008,66,Hyderabad,49337,Standard,False
C00009,28,Bangalore,99501,Premium,True
C00010,60,Mysore,28933,Basic,True
C00011,29,Chennai,80725,Premium,False
C00012,41,Chennai,141891,Standard,False
C00013,60,Chennai,90113,Premium,False
C00014,22,Chennai,112567,Basic,False
C00015,52,Bangalore,38847,Premium,False
C00016,66,Chennai,111319,Standard,True
C00017,43,Chennai,117832,Premium,False
C00018,56,Hyderabad,86873,Basic,False
C00019,53,Hyderabad,38708,Basic,True
C00020,46,Bangalore,94619,Standard,False
C00021,48,Chennai,125778,Basic,True
C00022,66,Hyderabad,84683,Basic,True
C00023,43,Hyderabad,93048,Standard,False
C00024,36,Bangalore,61753,Premium,False
C00025,43,Hyderabad,31146,Premium,True
C00026,31,Hyderabad,144055,Premium,True
C00027,67,Mysore,99950,Premium,True
C00028,29,Bangalore,109765,Premium,False
C00029,54,Mysore,79722,Standard,False
C00030,40,Hyderabad,98479,Premium,True
C00031,26,Mysore,117248,Premium,True
C00032,25,Chennai,42441,Premium,False
C00033,56,Bangalore,107074,Basic,True
C00034,53,Hyderabad,75180,Standard,False
C00035,25,Chennai,141204,Premium,True
C00036,46,Bangalore,120778,Premium,False
C00037,62,Chennai,83681,Premium,True
C00038,51,Mysore,43532,Standard,True
C00039,25,Mysore,132200,Standard,False
C00040,52,Chennai,130549,Basic,True
C00041,27,Hyderabad,117213,Standard,True
C00042,61,Hyderabad,136089,Standard,True
C00043,60,Hyderabad,25977,Standard,False
C00044,21,Bangalore,149480,Premium,False
C00045,22,Hyderabad,123412,Premium,True
C00046,25,Mysore,147780,Premium,False
C00047,29,Bangalore,29970,Basic,True
C00048,20,Mysore,71213,Premium,False
C00049,69,Mysore,32882,Basic,False
C00050,42,Chennai,29772,Standard,False
C00051,56,Chennai,99052,Premium,False
C00052,49,Mysore,107175,Standard,False
C00053,19,Hyderabad,96421,Basic,True
C00054,20,Bangalore,29598,Standard,False
C00055,26,Chennai,45915,Premium,False
C00056,31,Bangalore,53318,Basic,True
C00057,53,Bangalore,56420,Standard,False
C00058,54,Bangalore,133080,Premium,True
C00059,51,Mysore,37461,Basic,True
C00060,64,Bangalore,92389,Premium,False
C00061,23,Mysore,119059,Basic,False
C00062,24,Chennai,95512,Premium,True
C00063,26,Hyderabad,45858,Standard,False
C00064,26,Hyderabad,133226,Standard,True
C00065,31,Hyderabad,131412,Basic,True
C00066,20,Mysore,111049,Premium,False
C00067,64,Bangalore,57805,Premium,True
C00068,48,Hyderabad,106579,Basic,False
C00069,54,Hyderabad,141586,Basic,False
C00070,50,Chennai,135550,Basic,True
C00071,29,Chennai,149621,Basic,False
C00072,49,Mysore,143189,Standard,True
C00073,37,Hyderabad,101114,Basic,True
C00074,24,Hyderabad,58240,Basic,True
C00075,34,Hyderabad,115080,Basic,False
C00076,67,Chennai,144251,Basic,False
C00077,40,Hyderabad,132099,Premium,False
C00078,36,Chennai,46181,Basic,False
C00079,27,Chennai,48055,Standard,True
C00080,67,Bangalore,70557,Standard,True
C00081,25,Chennai,69621,Basic,False
C00082,23,Hyderabad,59223,Premium,True
C00083,22,Mysore,122052,Premium,False
C00084,48,Mysore,102338,Basic,False
C00085,54,Bangalore,31440,Standard,False
C00086,30,Hyderabad,87760,Premium,False
C00087,32,Bangalore,101435,Premium,True
C00088,20,Mysore,35605,Basic,False
C00089,47,Bangalore,70683,Basic,False
C00090,44,Mysore,69018,Basic,False
C00091,39,Hyderabad,97390,Basic,False
C00092,54,Hyderabad,77956,Basic,False
C00093,42,Mysore,35051,Basic,True
C00094,30,Mysore,46561,Basic,True
C00095,41,Bangalore,74843,Premium,True
C00096,47,Chennai,37318,Standard,True
C00097,63,Bangalore,90716,Basic,True
C00098,20,Mysore,137668,Basic,False
C00099,34,Hyderabad,49514,Basic,True
C00100,20,Bangalore,62315,Standard,True
C00101,23,Hyderabad,53066,Premium,True
C00102,67,Mysore,141479,Basic,True
C00103,32,Mysore,109427,Premium,True
C00104,26,Chennai,49052,Basic,True
C00105,60,Chennai,92370,Premium,True
C00106,69,Hyderabad,92355,Standard,True
C00107,48,Hyderabad,84259,Standard,True
C00108,58,Bangalore,149097,Standard,False
C00109,47,Chennai,126045,Basic,True
C00110,21,Chennai,66794,Basic,False
C00111,50,Chennai,39713,Standard,True
C00112,52,Hyderabad,121594,Standard,False
C00113,35,Bangalore,108154,Premium,False
C00114,48,Bangalore,86451,Premium,False
C00115,44,Mysore,128648,Standard,False
C00116,41,Bangalore,108156,Standard,True
C00117,48,Chennai,52500,Premium,False
C00118,21,Chennai,145933,Standard,False
C00119,37,Chennai,48761,Premium,True
C00120,27,Mysore,96875,Basic,True
C00121,22,Bangalore,112403,Standard,True
C00122,28,Chennai,126618,Premium,False
C00123,21,Bangalore,123655,Premium,True
C00124,40,Bangalore,39787,Standard,True
C00125,68,Chennai,80981,Standard,False
C00126,51,Chennai,141443,Basic,True
C00127,49,Bangalore,129449,Standard,True
C00128,50,Bangalore,65963,Basic,False
C00129,45,Bangalore,101603,Premium,True
C00130,46,Bangalore,51233,Premium,True
C00131,27,Hyderabad,109938,Standard,True
C00132,26,Chennai,41520,Standard,False
C00133,24,Hyderabad,134951,Standard,True
C00134,63,Bangalore,72088,Basic,True
C00135,39,Chennai,54504,Basic,True
C00136,23,Chennai,64594,Standard,True
C00137,35,Mysore,133305,Basic,False
C00138,48,Chennai,74484,Basic,False
C00139,50,Mysore,108509,Standard,False
C00140,25,Chennai,131642,Premium,False
C00141,63,Mysore,91738,Standard,True
C00142,57,Hyderabad,126945,Premium,False
C00143,66,Mysore,96329,Premium,False
C00144,50,Hyderabad,59650,Standard,True
C00145,19,Mysore,62887,Standard,False
C00146,32,Bangalore,90602,Premium,True
C00147,66,Bangalore,104596,Standard,False
C00148,61,Bangalore,103958,Premium,False
C00149,29,Chennai,82594,Premium,False
C00150,44,Hyderabad,132384,Premium,True
C00151,55,Chennai,89996,Premium,False
C00152,56,Chennai,36945,Premium,True
C00153,38,Mysore,138630,Premium,False
C00154,48,Mysore,34802,Premium,True
C00155,43,Mysore,87318,Standard,True
C00156,18,Mysore,30817,Basic,True
C00157,39,Chennai,34975,Basic,True
C00158,27,Bangalore,92292,Standard,False
C00159,34,Bangalore,69039,Premium,False
C00160,42,Mysore,121594,Basic,False
C00161,45,Mysore,68294,Basic,False
C00162,47,Hyderabad,130312,Standard,False
C00163,24,Chennai,65135,Premium,False
C00164,47,Hyderabad,28454,Premium,False
C00165,33,Chennai,101335,Basic,True
C00166,52,Mysore,77454,Basic,True
C00167,55,Bangalore,113406,Basic,False
C00168,69,Mysore,132207,Basic,True
C00169,36,Hyderabad,119711,Premium,False
C00170,32,Bangalore,38164,Basic,True
C00171,50,Mysore,48849,Basic,False
C00172,18,Mysore,63472,Premium,False
C00173,62,Bangalore,93912,Standard,False
C00174,66,Chennai,137728,Basic,False
C00175,48,Chennai,46234,Premium,True
C00176,22,Hyderabad,140479,Premium,False
C00177,46,Hyderabad,79170,Standard,True
C00178,26,Mysore,105384,Premium,False
C00179,19,Bangalore,92719,Basic,True
C00180,20,Chennai,72601,Premium,True
C00181,43,Hyderabad,125936,Basic,False
C00182,33,Chennai,136125,Premium,False
C00183,19,Hyderabad,118253,Basic,False
C00184,54,Bangalore,65161,Premium,False
C00185,32,Mysore,116849,Basic,False
C00186,65,Hyderabad,49617,Basic,True
C00187,38,Mysore,73250,Premium,True
C00188,35,Chennai,88234,Basic,False
C00189,32,Mysore,93028,Standard,True
C00190,36,Chennai,89659,Basic,True
C00191,32,Hyderabad,26784,Premium,False
C00192,31,Hyderabad,128382,Standard,True
C00193,23,Mysore,69658,Premium,False
C00194,29,Mysore,27340,Premium,True
C00195,65,Bangalore,138372,Standard,True
C00196,41,Bangalore,131078,Standard,False
C00197,27,Bangalore,104149,Basic,True
C00198,19,Bangalore,68455,Standard,False
C00199,69,Hyderabad,94875,Standard,False
C00200,18,Chennai,52022,Basic,True
C00201,34,Hyderabad,59321,Premium,False
C00202,21,Hyderabad,82243,Basic,False
C00203,55,Mysore,145835,Basic,True
C00204,37,Bangalore,99981,Premium,True
C00205,32,Hyderabad,115173,Standard,False
C00206,38,Mysore,68222,Premium,False
C00207,23,Mysore,71978,Standard,False
C00208,69,Mysore,111384,Premium,True
C00209,60,Hyderabad,62622,Basic,True
C00210,55,Hyderabad,99297,Premium,False
C00211,57,Hyderabad,40521,Standard,True
C00212,62,Mysore,117961,Standard,False
C00213,64,Hyderabad,35564,Premium,False
C00214,59,Chennai,66602,Basic,False
C00215,57,Hyderabad,62580,Basic,False
C00216,42,Mysore,147436,Standard,True
C00217,40,Hyderabad,27664,Standard,True
C00218,42,Chennai,53145,Standard,False
C00219,56,Hyderabad,54206,Basic,False
C00220,67,Mysore,51013,Premium,True
C00221,66,Chennai,78627,Standard,False
C00222,30,Bangalore,85329,Premium,True
C00223,18,Mysore,146249,Basic,False
C00224,61,Mysore,49504,Basic,False
C00225,37,Hyderabad,96717,Standard,False
C00226,69,Chennai,145012,Standard,False
C00227,67,Chennai,94515,Premium,True
C00228,32,Chennai,93139,Basic,False
C00229,39,Chennai,26629,Premium,True
C00230,59,Mysore,48181,Basic,True
C00231,32,Chennai,70554,Standard,False
C00232,66,Chennai,115198,Premium,False
C00233,35,Hyderabad,49579,Premium,True
C00234,65,Mysore,110141,Standard,True
C00235,28,Bangalore,112878,Premium,False
C00236,18,Mysore,148145,Basic,True
C00237,42,Hyderabad,37022,Basic,True
C00238,47,Bangalore,110385,Basic,False
C00239,53,Hyderabad,80262,Premium,False
C00240,64,Mysore,135135,Basic,False
C00241,63,Hyderabad,54533,Premium,True
C00242,45,Mysore,99702,Basic,True
C00243,28,Chennai,56267,Standard,False
C00244,41,Bangalore,115463,Premium,False
C00245,30,Chennai,140753,Premium,False
C00246,28,Bangalore,82409,Basic,True
C00247,47,Bangalore,58452,Basic,False
C00248,41,Chennai,123775,Standard,True
C00249,26,Chennai,28676,Standard,True
C00250,52,Chennai,143483,Premium,False
C00251,36,Hyderabad,145355,Standard,False
C00252,40,Mysore,99448,Basic,True
C00253,33,Hyderabad,41614,Standard,False
C00254,40,Hyderabad,41255,Basic,True
C00255,20,Bangalore,33264,Standard,True
C00256,39,Mysore,72695,Basic,False
C00257,30,Hyderabad,74665,Standard,False
C00258,59,Chennai,115539,Basic,True
C00259,40,Hyderabad,56344,Premium,True
C00260,49,Hyderabad,96536,Standard,True
C00261,65,Bangalore,137660,Basic,True
C00262,62,Bangalore,128843,Basic,False
C00263,62,Hyderabad,53361,Basic,False
C00264,45,Chennai,119221,Premium,True
C00265,27,Hyderabad,57296,Premium,False
C00266,49,Chennai,86786,Premium,True
C00267,39,Bangalore,38063,Basic,False
C00268,61,Bangalore,85844,Basic,False
C00269,40,Chennai,133078,Premium,False
C00270,19,Mysore,117493,Basic,True
C00271,68,Chennai,45302,Standard,False
C00272,43,Hyderabad,134089,Standard,False
C00273,24,Bangalore,115795,Basic,False
C00274,21,Mysore,119922,Standard,True
C00275,27,Mysore,126400,Premium,True
C00276,46,Mysore,129361,Basic,False
C00277,60,Chennai,113022,Premium,True
C00278,34,Bangalore,30022,Standard,False
C00279,36,Hyderabad,30679,Standard,False
C00280,28,Hyderabad,69531,Premium,False
C00281,48,Chennai,95451,Basic,False
C00282,18,Hyderabad,105981,Standard,True
C00283,31,Hyderabad,126027,Standard,False
C00284,32,Bangalore,55554,Standard,True
C00285,18,Bangalore,106950,Basic,True
C00286,56,Mysore,68106,Premium,False
C00287,37,Hyderabad,81164,Basic,True
C00288,25,Hyderabad,29042,Basic,True
C00289,24,Hyderabad,74685,Standard,True
C00290,62,Mysore,90000,Basic,False
C00291,42,Chennai,108395,Standard,False
C00292,19,Hyderabad,34402,Basic,True
C00293,21,Hyderabad,88158,Standard,True
C00294,44,Chennai,122550,Standard,False
C00295,34,Mysore,136567,Basic,False
C00296,34,Bangalore,65467,Basic,False
C00297,22,Bangalore,39573,Basic,False
C00298,40,Chennai,97875,Premium,False
C00299,45,Mysore,54548,Standard,True
C00300,39,Mysore,119649,Premium,False
C00301,35,Mysore,149411,Standard,False
C00302,32,Chennai,25673,Premium,True
C00303,34,Hyderabad,98182,Premium,False
C00304,48,Hyderabad,72061,Basic,False
C00305,22,Mysore,55880,Basic,False
C00306,43,Chennai,64636,Standard,True
C00307,48,Mysore,30611,Premium,True
C00308,61,Mysore,104116,Basic,False
C00309,52,Chennai,45363,Basic,True
C00310,54,Hyderabad,125073,Basic,False
C00311,26,Hyderabad,45208,Premium,True
C00312,43,Mysore,100604,Premium,True
C00313,58,Hyderabad,148428,Basic,True
C00314,39,Mysore,46079,Premium,False
C00315,30,Mysore,117597,Premium,True
C00316,21,Bangalore,140982,Standard,True
C00317,69,Mysore,75661,Standard,True
C00318,22,Chennai,45475,Premium,True
C00319,38,Bangalore,121422,Standard,True
C00320,26,Mysore,50131,Premium,True
C00321,42,Hyderabad,145241,Basic,True
C00322,45,Chennai,105977,Standard,True
C00323,41,Chennai,94140,Premium,True
C00324,31,Hyderabad,46892,Standard,False
C00325,35,Hyderabad,107156,Basic,True
C00326,58,Chennai,145249,Basic,False
C00327,64,Hyderabad,30865,Basic,True
C00328,37,Mysore,144791,Premium,True
C00329,40,Bangalore,87059,Premium,False
C00330,61,Mysore,29894,Basic,True
C00331,52,Hyderabad,90854,Premium,False
C00332,35,Mysore,66652,Standard,True
C00333,46,Bangalore,97065,Standard,False
C00334,61,Bangalore,93102,Premium,True
C00335,33,Bangalore,27862,Premium,False
C00336,34,Mysore,30536,Basic,False
C00337,52,Hyderabad,30111,Basic,False
C00338,40,Chennai,52165,Standard,False
C00339,36,Mysore,121697,Standard,True
C00340,64,Bangalore,44498,Standard,False
C00341,61,Bangalore,142889,Premium,False
C00342,21,Chennai,61126,Standard,False
C00343,69,Mysore,25144,Basic,True
C00344,61,Bangalore,61574,Basic,True
C00345,44,Bangalore,64630,Basic,True
C00346,36,Chennai,106485,Standard,False
C00347,21,Mysore,37355,Premium,True
C00348,60,Chennai,110404,Premium,True
C00349,50,Chennai,128825,Standard,True
C00350,41,Chennai,148913,Standard,True
C00351,41,Hyderabad,46370,Standard,True
C00352,41,Mysore,45756,Premium,True
C00353,67,Hyderabad,66388,Standard,True
C00354,68,Hyderabad,127826,Standard,False
C00355,57,Chennai,51777,Premium,False
C00356,67,Bangalore,136935,Premium,True
C00357,57,Chennai,65468,Premium,True
C00358,56,Bangalore,111754,Premium,False
C00359,54,Hyderabad,49641,Basic,False
C00360,58,Bangalore,25047,Basic,True
C00361,19,Bangalore,130241,Premium,True
C00362,23,Hyderabad,33032,Premium,False
C00363,44,Bangalore,128909,Premium,True
C00364,23,Bangalore,109385,Premium,False
C00365,43,Mysore,36002,Basic,False
C00366,37,Chennai,43917,Premium,True
C00367,66,Hyderabad,96944,Standard,True
C00368,28,Bangalore,37762,Basic,True
C00369,45,Chennai,111980,Premium,True
C00370,61,Mysore,81584,Standard,False
C00371,41,Mysore,74065,Basic,True
C00372,63,Chennai,96207,Premium,True
C00373,58,Bangalore,53065,Basic,True
C00374,67,Chennai,55152,Basic,True
C00375,46,Mysore,85663,Basic,False
C00376,58,Hyderabad,27783,Basic,True
C00377,44,Bangalore,76119,Standard,True
C00378,33,Chennai,130852,Basic,False
C00379,53,Bangalore,82621,Standard,True
C00380,58,Bangalore,29615,Standard,True
C00381,44,Mysore,129723,Premium,True
C00382,29,Hyderabad,110553,Basic,True
C00383,26,Bangalore,61138,Premium,False
C00384,50,Hyderabad,124739,Basic,False
C00385,56,Mysore,94536,Standard,True
C00386,54,Mysore,39912,Premium,False
C00387,54,Mysore,48010,Premium,True
C00388,48,Mysore,98223,Standard,False
C00389,28,Hyderabad,31499,Basic,False
C00390,57,Hyderabad,57279,Basic,True
C00391,46,Hyderabad,37461,Standard,False
C00392,58,Chennai,35499,Basic,False
C00393,60,Bangalore,112480,Basic,True
C00394,69,Mysore,146324,Premium,True
C00395,68,Hyderabad,53459,Basic,False
C00396,21,Chennai,127892,Basic,False
C00397,43,Mysore,94600,Premium,True
C00398,23,Chennai,86389,Premium,False
C00399,25,Mysore,109874,Premium,False
C00400,38,Bangalore,88137,Premium,False
C00401,65,Chennai,104470,Basic,True
C00402,40,Bangalore,110186,Premium,True
C00403,50,Hyderabad,48246,Premium,False
C00404,24,Hyderabad,106130,Standard,True
C00405,26,Hyderabad,138837,Premium,False
C00406,26,Mysore,76976,Premium,True
C00407,69,Chennai,70292,Premium,False
C00408,53,Chennai,68723,Standard,False
C00409,41,Mysore,49697,Basic,True
C00410,64,Hyderabad,143579,Standard,False
C00411,67,Hyderabad,42036,Standard,False
C00412,65,Bangalore,43800,Premium,True
C00413,60,Mysore,131332,Basic,True
C00414,25,Mysore,96308,Basic,True
C00415,22,Hyderabad,77655,Basic,False
C00416,38,Bangalore,115836,Basic,False
C00417,36,Hyderabad,82101,Standard,True
C00418,42,Hyderabad,72147,Standard,True
C00419,40,Chennai,147734,Basic,False
C00420,45,Bangalore,83703,Premium,False
C00421,36,Hyderabad,59320,Premium,True
C00422,59,Hyderabad,58669,Basic,False
C00423,33,Hyderabad,95256,Premium,False
C00424,57,Chennai,41746,Standard,True
C00425,57,Chennai,131367,Standard,False
C00426,36,Chennai,85044,Basic,False
C00427,40,Mysore,91728,Basic,True
C00428,48,Hyderabad,40874,Basic,False
C00429,44,Mysore,65572,Basic,False
C00430,61,Chennai,108808,Basic,True
C00431,39,Bangalore,93840,Basic,False
C00432,49,Mysore,27365,Premium,True
C00433,30,Bangalore,147617,Basic,False
C00434,65,Bangalore,33226,Standard,True
C00435,46,Bangalore,130043,Basic,True
C00436,56,Bangalore,123895,Standard,True
C00437,59,Bangalore,100169,Premium,False
C00438,52,Mysore,42420,Basic,False
C00439,19,Hyderabad,129199,Standard,True
C00440,19,Chennai,77965,Standard,True
C00441,19,Hyderabad,26760,Standard,True
C00442,54,Chennai,134336,Basic,False
C00443,50,Bangalore,146560,Premium,True
C00444,43,Bangalore,87954,Standard,True
C00445,43,Hyderabad,95694,Basic,False
C00446,49,Hyderabad,79783,Standard,False
C00447,51,Mysore,107476,Premium,False
C00448,65,Chennai,106981,Basic,False
C00449,22,Hyderabad,112839,Standard,True
C00450,22,Mysore,135481,Standard,False
C00451,67,Mysore,28090,Basic,True
C00452,29,Chennai,69152,Premium,False
C00453,51,Chennai,140773,Standard,False
C00454,39,Hyderabad,92140,Premium,True
C00455,66,Mysore,105099,Premium,False
C00456,53,Hyderabad,124893,Standard,False
C00457,54,Bangalore,125715,Standard,True
C00458,26,Hyderabad,100204,Basic,True
C00459,20,Bangalore,45765,Basic,True
C00460,58,Bangalore,137880,Basic,True
C00461,50,Chennai,76334,Premium,True
C00462,54,Hyderabad,101934,Standard,True
C00463,32,Chennai,147199,Basic,True
C00464,45,Mysore,25047,Standard,True
C00465,44,Mysore,32290,Basic,False
C00466,22,Bangalore,85855,Basic,False
C00467,49,Mysore,73474,Premium,True
C00468,36,Mysore,76790,Standard,False
C00469,64,Mysore,138663,Basic,False
C00470,46,Bangalore,98376,Basic,False
C00471,28,Bangalore,77151,Premium,False
C00472,64,Chennai,102676,Premium,False
C00473,45,Mysore,48754,Standard,True
C00474,48,Chennai,52453,Standard,True
C00475,18,Bangalore,105298,Basic,True
C00476,38,Hyderabad,92104,Premium,False
C00477,29,Chennai,143179,Premium,True
C00478,32,Hyderabad,131132,Premium,False
C00479,61,Mysore,132540,Basic,False
C00480,43,Mysore,102025,Premium,False
C00481,21,Mysore,130827,Standard,False
C00482,35,Hyderabad,139074,Premium,True
C00483,63,Chennai,95055,Basic,True
C00484,64,Bangalore,52318,Premium,False
C00485,18,Bangalore,85621,Standard,True
C00486,57,Hyderabad,63828,Basic,False
C00487,62,Chennai,35377,Premium,False
C00488,37,Hyderabad,34774,Standard,True
C00489,69,Hyderabad,42794,Premium,False
C00490,53,Bangalore,47479,Basic,False
C00491,46,Hyderabad,77021,Premium,False
C00492,20,Bangalore,27224,Premium,False
C00493,69,Chennai,25247,Standard,True
C00494,39,Mysore,66676,Premium,True
C00495,43,Bangalore,56417,Basic,False
C00496,41,Hyderabad,139839,Basic,False
C00497,20,Mysore,32756,Premium,False
C00498,61,Chennai,70298,Basic,True
C00499,36,Bangalore,120095,Standard,False
C00500,48,Chennai,106313,Basic,False
C00501,35,Chennai,86953,Standard,True
C00502,56,Mysore,92988,Basic,True
C00503,62,Hyderabad,144185,Basic,False
C00504,43,Hyderabad,106291,Basic,True
C00505,30,Mysore,81413,Standard,True
C00506,61,Chennai,95568,Basic,True
C00507,40,Hyderabad,86955,Basic,False
C00508,53,Hyderabad,85750,Standard,False
C00509,26,Bangalore,111466,Basic,True
C00510,65,Bangalore,44295,Basic,True
C00511,33,Bangalore,92792,Premium,True
C00512,69,Hyderabad,130750,Standard,True
C00513,22,Mysore,37828,Basic,False
C00514,38,Chennai,104782,Standard,False
C00515,30,Chennai,143578,Premium,True
C00516,32,Chennai,27416,Standard,False
C00517,36,Hyderabad,84767,Premium,False
C00518,40,Mysore,79311,Standard,True
C00519,24,Mysore,27139,Premium,True
C00520,46,Mysore,117580,Premium,True
C00521,41,Mysore,90852,Standard,True
C00522,35,Hyderabad,65061,Standard,False
C00523,53,Mysore,92497,Standard,True
C00524,18,Hyderabad,37172,Premium,False
C00525,23,Bangalore,54140,Basic,False
C00526,69,Hyderabad,74777,Basic,True
C00527,62,Mysore,120490,Standard,False
C00528,43,Chennai,63869,Standard,False
C00529,49,Bangalore,95082,Premium,True
C00530,27,Chennai,113135,Premium,True
C00531,59,Hyderabad,105816,Premium,False
C00532,43,Chennai,103041,Standard,True
C00533,18,Bangalore,120739,Basic,False
C00534,60,Chennai,100947,Basic,False
C00535,58,Bangalore,114995,Standard,True
C00536,27,Mysore,117055,Premium,True
C00537,58,Mysore,47797,Premium,True
C00538,22,Bangalore,42248,Premium,True
C00539,41,Chennai,124929,Basic,True
C00540,50,Hyderabad,127342,Premium,True
C00541,49,Mysore,67647,Basic,True
C00542,54,Mysore,37508,Standard,True
C00543,48,Hyderabad,31719,Premium,True
C00544,19,Chennai,43205,Standard,True
C00545,25,Chennai,39216,Premium,False
C00546,68,Mysore,36362,Premium,False
C00547,57,Bangalore,101435,Standard,False
C00548,40,Bangalore,76442,Premium,False
C00549,20,Mysore,142218,Premium,True
C00550,65,Hyderabad,57413,Basic,True
C00551,32,Mysore,82002,Standard,False
C00552,37,Hyderabad,43611,Premium,False
C00553,58,Mysore,125375,Premium,False
C00554,43,Chennai,122148,Basic,False
C00555,63,Mysore,68643,Basic,False
C00556,20,Mysore,60427,Standard,True
C00557,22,Mysore,83340,Premium,False
C00558,52,Hyderabad,29253,Standard,True
C00559,49,Bangalore,85879,Standard,True
C00560,40,Mysore,36205,Standard,False
C00561,35,Bangalore,101317,Standard,True
C00562,44,Mysore,26908,Standard,True
C00563,38,Bangalore,33004,Standard,True
C00564,30,Chennai,77603,Basic,True
C00565,62,Chennai,35431,Standard,True
C00566,48,Mysore,121544,Standard,False
C00567,64,Bangalore,110888,Premium,False
C00568,28,Chennai,111013,Standard,False
C00569,27,Chennai,56808,Basic,False
C00570,38,Chennai,85025,Premium,True
C00571,44,Hyderabad,52604,Premium,True
C00572,66,Chennai,137903,Standard,True
C00573,64,Hyderabad,61026,Premium,False
C00574,24,Chennai,66803,Standard,False
C00575,47,Hyderabad,84148,Basic,True
C00576,48,Chennai,70022,Basic,True
C00577,22,Hyderabad,102047,Basic,True
C00578,45,Chennai,33040,Basic,False
C00579,19,Hyderabad,47032,Standard,False
C00580,61,Bangalore,82869,Basic,False
C00581,39,Hyderabad,95331,Basic,True
C00582,37,Hyderabad,73294,Standard,False
C00583,38,Bangalore,50623,Basic,False
C00584,20,Mysore,149878,Standard,True
C00585,18,Mysore,98876,Premium,False
C00586,69,Chennai,104283,Basic,True
C00587,55,Chennai,126288,Basic,False
C00588,34,Mysore,122538,Standard,False
C00589,31,Mysore,59091,Standard,False
C00590,69,Chennai,31073,Basic,True
C00591,24,Mysore,100627,Standard,True
C00592,38,Mysore,119276,Premium,False
C00593,59,Chennai,87554,Basic,False
C00594,48,Hyderabad,130470,Standard,True
C00595,56,Mysore,47174,Premium,False
C00596,43,Mysore,25929,Standard,True
C00597,51,Bangalore,92192,Premium,True
C00598,60,Hyderabad,124540,Premium,False
C00599,25,Bangalore,73433,Basic,True
C00600,33,Mysore,134728,Basic,True
C00601,51,Bangalore,38148,Basic,False
C00602,27,Hyderabad,38989,Basic,True
C00603,44,Chennai,110459,Basic,False
C00604,27,Chennai,82740,Premium,False
C00605,32,Bangalore,97139,Basic,True
C00606,51,Chennai,146653,Basic,False
C00607,65,Hyderabad,58031,Basic,False
C00608,57,Bangalore,64120,Standard,False
C00609,33,Chennai,77340,Standard,False
C00610,20,Bangalore,95075,Basic,True
C00611,18,Hyderabad,42000,Premium,True
C00612,20,Hyderabad,142156,Premium,True
C00613,19,Mysore,109343,Basic,False
C00614,36,Mysore,128576,Standard,True
C00615,53,Bangalore,52050,Basic,False
C00616,19,Mysore,77035,Premium,False
C00617,47,Mysore,79881,Standard,False
C00618,50,Bangalore,43567,Premium,False
C00619,35,Hyderabad,39514,Basic,True
C00620,29,Bangalore,117771,Standard,True
C00621,51,Mysore,55134,Basic,True
C00622,47,Mysore,98890,Standard,True
C00623,45,Hyderabad,106693,Basic,True
C00624,44,Hyderabad,47763,Premium,True
C00625,58,Hyderabad,85117,Premium,True
C00626,42,Hyderabad,40548,Standard,True
C00627,44,Hyderabad,84833,Basic,False
C00628,27,Hyderabad,47647,Basic,True
C00629,49,Chennai,124157,Basic,True
C00630,68,Hyderabad,148592,Basic,False
C00631,41,Mysore,147718,Basic,False
C00632,25,Chennai,58637,Standard,False
C00633,24,Chennai,79218,Premium,False
C00634,49,Bangalore,111150,Premium,False
C00635,44,Chennai,42272,Standard,True
C00636,53,Mysore,129683,Premium,False
C00637,23,Hyderabad,55433,Premium,False
C00638,30,Hyderabad,142493,Standard,True
C00639,62,Hyderabad,49114,Basic,True
C00640,68,Hyderabad,73593,Standard,True
C00641,18,Chennai,112446,Basic,False
C00642,36,Bangalore,134491,Standard,False
C00643,24,Chennai,119561,Basic,True
C00644,43,Chennai,112889,Standard,False
C00645,28,Bangalore,116664,Premium,False
C00646,51,Chennai,47255,Premium,True
C00647,24,Bangalore,70762,Standard,True
C00648,55,Bangalore,59002,Standard,True
C00649,41,Mysore,110860,Premium,False
C00650,53,Mysore,107818,Standard,False
C00651,21,Mysore,54120,Basic,False
C00652,32,Bangalore,112621,Premium,True
C00653,22,Hyderabad,141049,Basic,False
C00654,21,Hyderabad,135372,Premium,False
C00655,55,Bangalore,44355,Premium,False
C00656,49,Mysore,82687,Standard,False
C00657,68,Hyderabad,146028,Standard,False
C00658,41,Hyderabad,105679,Basic,True
C00659,44,Bangalore,143877,Basic,False
C00660,54,Chennai,66206,Standard,False
C00661,42,Hyderabad,60334,Standard,False
C00662,39,Chennai,89843,Standard,False
C00663,54,Bangalore,124700,Standard,False
C00664,41,Chennai,62817,Standard,False
C00665,44,Hyderabad,115285,Standard,True
C00666,62,Hyderabad,44224,Standard,True
C00667,35,Bangalore,115236,Standard,False
C00668,51,Mysore,128331,Standard,False
C00669,21,Chennai,67024,Standard,True
C00670,42,Hyderabad,34965,Basic,False
C00671,39,Hyderabad,67198,Basic,False
C00672,30,Hyderabad,125179,Standard,True
C00673,19,Hyderabad,145546,Standard,True
C00674,56,Hyderabad,137364,Standard,False
C00675,22,Bangalore,101036,Standard,True
C00676,25,Mysore,76507,Premium,False
C00677,48,Mysore,78230,Standard,True
C00678,64,Bangalore,74536,Basic,True
C00679,19,Mysore,73196,Basic,False
C00680,20,Mysore,67446,Basic,False
C00681,52,Bangalore,87914,Premium,True
C00682,21,Chennai,143084,Basic,False
C00683,38,Chennai,148225,Standard,True
C00684,32,Bangalore,75926,Standard,False
C00685,25,Chennai,52014,Premium,False
C00686,39,Hyderabad,138678,Basic,False
C00687,48,Mysore,65602,Standard,True
C00688,51,Chennai,66341,Standard,True
C00689,55,Chennai,83272,Basic,False
C00690,66,Bangalore,135650,Premium,False
C00691,57,Bangalore,36860,Premium,False
C00692,40,Bangalore,137350,Premium,True
C00693,22,Mysore,141910,Premium,True
C00694,39,Hyderabad,54721,Premium,False
C00695,29,Chennai,46312,Standard,False
C00696,37,Hyderabad,86168,Basic,True
C00697,63,Mysore,77693,Standard,True
C00698,37,Mysore,34522,Premium,True
C00699,56,Mysore,98129,Basic,False
C00700,47,Chennai,111255,Standard,False
C00701,40,Bangalore,25332,Premium,False
C00702,62,Chennai,42569,Standard,True
C00703,31,Chennai,63424,Premium,False
C00704,67,Hyderabad,35079,Basic,False
C00705,35,Mysore,53670,Standard,True
C00706,46,Hyderabad,88378,Basic,False
C00707,40,Hyderabad,64189,Premium,False
C00708,62,Chennai,119961,Premium,False
C00709,37,Mysore,127578,Standard,True
C00710,54,Mysore,83410,Basic,False
C00711,44,Bangalore,100941,Basic,True
C00712,45,Bangalore,135424,Basic,True
C00713,35,Chennai,107678,Premium,False
C00714,29,Bangalore,46712,Basic,False
C00715,28,Chennai,53475,Standard,True
C00716,34,Mysore,117240,Basic,False
C00717,21,Mysore,115849,Premium,True
C00718,68,Mysore,138823,Basic,False
C00719,44,Mysore,28349,Basic,True
C00720,53,Mysore,65722,Basic,False
C00721,39,Mysore,103651,Basic,True
C00722,54,Mysore,31190,Basic,False
C00723,36,Mysore,97407,Basic,True
C00724,50,Hyderabad,126974,Standard,False
C00725,65,Chennai,43618,Basic,True
C00726,26,Mysore,25900,Basic,False
C00727,30,Chennai,80443,Premium,False
C00728,60,Bangalore,27840,Premium,True
C00729,69,Bangalore,88310,Basic,True
C00730,46,Bangalore,84347,Standard,False
C00731,66,Chennai,107651,Standard,False
C00732,24,Mysore,45545,Premium,True
C00733,40,Chennai,137656,Basic,False
C00734,43,Hyderabad,88812,Basic,True
C00735,58,Mysore,104858,Basic,False
C00736,44,Hyderabad,92608,Basic,True
C00737,49,Chennai,128274,Standard,False
C00738,45,Bangalore,34323,Premium,True
C00739,32,Hyderabad,74210,Basic,False
C00740,28,Hyderabad,63525,Premium,False
C00741,36,Bangalore,41914,Premium,True
C00742,42,Chennai,91742,Premium,True
C00743,42,Bangalore,53638,Basic,False
C00744,68,Chennai,93285,Basic,False
C00745,61,Hyderabad,31779,Basic,True
C00746,26,Chennai,68072,Basic,True
C00747,23,Hyderabad,126377,Premium,True
C00748,49,Hyderabad,101697,Basic,False
C00749,41,Mysore,25486,Premium,False
C00750,27,Mysore,122282,Premium,False
C00751,40,Chennai,75903,Basic,False
C00752,58,Bangalore,46855,Basic,True
C00753,53,Hyderabad,133716,Premium,False
C00754,56,Mysore,75170,Basic,True
C00755,33,Mysore,50657,Premium,True
C00756,47,Mysore,43951,Premium,True
C00757,34,Mysore,37472,Premium,False
C00758,24,Bangalore,34405,Premium,True
C00759,50,Bangalore,39709,Basic,True
C00760,58,Hyderabad,70023,Basic,False
C00761,66,Chennai,60862,Basic,False
C00762,36,Mysore,25264,Basic,False
C00763,32,Mysore,100727,Premium,False
C00764,65,Chennai,141784,Basic,True
C00765,66,Chennai,56011,Basic,False
C00766,24,Bangalore,138724,Basic,True
C00767,66,Mysore,91021,Premium,False
C00768,36,Hyderabad,134540,Basic,True
C00769,66,Chennai,96901,Premium,True
C00770,30,Chennai,118423,Basic,True
C00771,21,Hyderabad,68007,Basic,False
C00772,40,Hyderabad,104255,Standard,True
C00773,26,Bangalore,136072,Standard,True
C00774,22,Hyderabad,119688,Premium,False
C00775,23,Chennai,34887,Premium,True
C00776,32,Hyderabad,133314,Premium,True
C00777,34,Hyderabad,148833,Premium,False
C00778,59,Mysore,80964,Standard,True
C00779,52,Chennai,108149,Basic,True
C00780,45,Hyderabad,34651,Basic,False
C00781,24,Chennai,106904,Standard,False
C00782,35,Hyderabad,41900,Standard,True
C00783,35,Chennai,87173,Standard,False
C00784,55,Chennai,68109,Basic,True
C00785,53,Mysore,133175,Standard,True
C00786,23,Chennai,25417,Basic,False
C00787,21,Bangalore,67924,Premium,True
C00788,60,Bangalore,62742,Basic,False
C00789,34,Chennai,98769,Standard,True
C00790,63,Bangalore,38934,Premium,True
C00791,24,Bangalore,91492,Standard,True
C00792,45,Hyderabad,59895,Standard,False
C00793,62,Bangalore,58334,Basic,True
C00794,50,Hyderabad,87736,Standard,True
C00795,32,Chennai,96960,Premium,False
C00796,51,Hyderabad,32425,Basic,False
C00797,69,Bangalore,114873,Standard,False
C00798,52,Chennai,105839,Premium,True
C00799,35,Chennai,91658,Premium,True
C00800,59,Bangalore,56706,Standard,True
C00801,40,Bangalore,132907,Premium,False
C00802,42,Mysore,70650,Premium,True
C00803,56,Bangalore,120568,Standard,False
C00804,25,Bangalore,60052,Premium,False
C00805,61,Mysore,101483,Standard,True
C00806,44,Hyderabad,37576,Standard,True
C00807,57,Chennai,60601,Premium,False
C00808,19,Bangalore,124977,Basic,True
C00809,57,Mysore,90747,Standard,True
C00810,53,Chennai,92264,Premium,False
C00811,66,Mysore,144662,Standard,True
C00812,57,Hyderabad,103572,Standard,True
C00813,53,Hyderabad,128530,Standard,True
C00814,59,Mysore,132068,Basic,False
C00815,40,Mysore,31415,Basic,False
C00816,52,Chennai,143274,Standard,False
C00817,36,Mysore,32367,Premium,False
C00818,40,Mysore,89785,Standard,True
C00819,26,Bangalore,61851,Premium,False
C00820,68,Hyderabad,129109,Basic,False
C00821,68,Hyderabad,122830,Standard,True
C00822,59,Chennai,72302,Standard,True
C00823,34,Bangalore,108949,Premium,False
C00824,38,Bangalore,136092,Standard,True
C00825,23,Hyderabad,146800,Standard,False
C00826,34,Hyderabad,116217,Basic,False
C00827,61,Chennai,118248,Standard,True
C00828,66,Chennai,143002,Premium,True
C00829,27,Bangalore,122859,Basic,True
C00830,67,Chennai,117382,Premium,True
C00831,45,Mysore,69171,Basic,True
C00832,24,Hyderabad,121671,Premium,True
C00833,35,Bangalore,128092,Standard,False
C00834,50,Hyderabad,110721,Basic,True
C00835,59,Bangalore,101788,Basic,True
C00836,35,Hyderabad,140865,Premium,False
C00837,42,Hyderabad,27286,Standard,True
C00838,66,Bangalore,41616,Standard,True
C00839,24,Mysore,42115,Basic,True
C00840,36,Chennai,49891,Premium,False
C00841,57,Mysore,95175,Standard,False
C00842,56,Mysore,106754,Premium,False
C00843,42,Bangalore,144507,Basic,True
C00844,56,Mysore,128191,Standard,True
C00845,23,Bangalore,36977,Standard,False
C00846,33,Hyderabad,83183,Standard,False
C00847,48,Chennai,116206,Standard,True
C00848,32,Hyderabad,131203,Premium,False
C00849,50,Chennai,115988,Premium,True
C00850,33,Mysore,149396,Standard,True
C00851,61,Mysore,40054,Premium,True
C00852,27,Chennai,31272,Premium,True
C00853,46,Hyderabad,120661,Premium,True
C00854,27,Chennai,76837,Premium,True
C00855,57,Hyderabad,77181,Standard,True
C00856,66,Chennai,142275,Standard,True
C00857,54,Bangalore,77082,Basic,False
C00858,19,Chennai,90907,Premium,False
C00859,31,Mysore,77475,Premium,False
C00860,60,Bangalore,53159,Standard,False
C00861,65,Hyderabad,28351,Standard,True
C00862,29,Mysore,139607,Basic,False
C00863,31,Hyderabad,76476,Premium,True
C00864,53,Hyderabad,53697,Premium,True
C00865,57,Hyderabad,59636,Basic,True
C00866,59,Bangalore,83718,Basic,False
C00867,69,Hyderabad,41306,Premium,False
C00868,33,Chennai,79561,Basic,True
C00869,44,Mysore,93160,Premium,True
C00870,35,Chennai,101287,Basic,True
C00871,44,Bangalore,52731,Premium,False
C00872,21,Chennai,107532,Premium,True
C00873,29,Mysore,102665,Premium,True
C00874,42,Hyderabad,98599,Standard,True
C00875,27,Bangalore,77358,Standard,False
C00876,42,Chennai,127066,Premium,True
C00877,49,Chennai,43525,Basic,False
C00878,52,Bangalore,31179,Standard,True
C00879,57,Chennai,125298,Standard,False
C00880,35,Chennai,79053,Premium,False
C00881,33,Hyderabad,72219,Basic,False
C00882,66,Mysore,85994,Standard,True
C00883,33,Mysore,71332,Basic,False
C00884,53,Bangalore,35571,Premium,True
C00885,57,Mysore,40934,Premium,True
C00886,45,Bangalore,76109,Basic,True
C00887,45,Chennai,66786,Basic,True
C00888,24,Mysore,73981,Basic,True
C00889,32,Mysore,44423,Premium,False
C00890,55,Chennai,37991,Premium,False
C00891,28,Hyderabad,72843,Basic,True
C00892,53,Bangalore,146891,Standard,True
C00893,50,Mysore,139342,Basic,True
C00894,24,Hyderabad,138976,Premium,True
C00895,67,Hyderabad,32593,Premium,True
C00896,38,Mysore,39414,Basic,True
C00897,42,Bangalore,78427,Standard,True
C00898,54,Bangalore,71741,Premium,False
C00899,39,Bangalore,84576,Basic,True
C00900,24,Bangalore,85659,Basic,True
C00901,61,Mysore,102831,Premium,True
C00902,41,Mysore,56620,Premium,True
C00903,42,Hyderabad,30247,Standard,False
C00904,39,Mysore,131479,Premium,True
C00905,38,Bangalore,45513,Premium,True
C00906,38,Hyderabad,102846,Basic,False
C00907,23,Chennai,31039,Premium,True
C00908,54,Mysore,111985,Standard,True
C00909,59,Bangalore,144601,Basic,True
C00910,25,Bangalore,36851,Standard,True
C00911,67,Mysore,76388,Basic,False
C00912,30,Bangalore,69662,Premium,True
C00913,38,Hyderabad,58112,Standard,True
C00914,44,Chennai,105084,Basic,True
C00915,37,Hyderabad,107146,Standard,True
C00916,59,Bangalore,101251,Basic,True
C00917,31,Chennai,44360,Standard,False
C00918,47,Bangalore,135919,Basic,False
C00919,30,Mysore,105460,Premium,False
C00920,64,Mysore,90615,Basic,False
C00921,55,Bangalore,145630,Premium,True
C00922,18,Bangalore,99991,Premium,False
C00923,53,Bangalore,117801,Basic,False
C00924,51,Chennai,80250,Premium,False
C00925,38,Bangalore,65659,Basic,True
C00926,38,Chennai,58353,Basic,False
C00927,23,Bangalore,35185,Premium,True
C00928,65,Mysore,149366,Basic,True
C00929,21,Bangalore,146149,Premium,False
C00930,38,Mysore,79281,Premium,True
C00931,24,Chennai,141054,Premium,True
C00932,45,Hyderabad,44209,Premium,False
C00933,37,Chennai,134758,Basic,True
C00934,42,Hyderabad,143112,Basic,True
C00935,37,Chennai,110939,Standard,True
C00936,63,Chennai,52195,Basic,True
C00937,45,Bangalore,94911,Basic,True
C00938,39,Bangalore,68010,Basic,False
C00939,31,Bangalore,111490,Premium,True
C00940,60,Hyderabad,48181,Basic,True
C00941,45,Mysore,111535,Basic,False
C00942,31,Bangalore,119556,Basic,False
C00943,48,Mysore,87324,Basic,True
C00944,60,Bangalore,55723,Basic,True
C00945,67,Hyderabad,27644,Premium,True
C00946,22,Hyderabad,36772,Standard,True
C00947,53,Bangalore,78100,Premium,True
C00948,41,Hyderabad,100213,Standard,True
C00949,38,Hyderabad,139413,Basic,False
C00950,44,Chennai,76588,Premium,True
C00951,64,Hyderabad,51184,Basic,True
C00952,29,Bangalore,58670,Standard,False
C00953,29,Hyderabad,41529,Basic,False
C00954,29,Hyderabad,78073,Standard,False
C00955,27,Bangalore,50652,Basic,True
C00956,51,Chennai,141108,Premium,True
C00957,48,Chennai,70059,Standard,False
C00958,29,Mysore,105266,Standard,True
C00959,20,Chennai,86898,Standard,False
C00960,35,Chennai,135007,Premium,False
C00961,45,Chennai,145056,Standard,False
C00962,46,Mysore,50868,Basic,False
C00963,31,Mysore,30302,Standard,False
C00964,46,Bangalore,117001,Premium,True
C00965,32,Hyderabad,64349,Standard,False
C00966,26,Hyderabad,131883,Premium,True
C00967,59,Bangalore,65045,Basic,True
C00968,20,Chennai,55769,Standard,True
C00969,67,Bangalore,51351,Basic,False
C00970,29,Chennai,93824,Basic,True
C00971,54,Mysore,36452,Basic,True
C00972,43,Hyderabad,80892,Standard,True
C00973,43,Chennai,92283,Premium,False
C00974,66,Bangalore,147335,Premium,False
C00975,63,Hyderabad,104116,Premium,True
C00976,28,Mysore,113904,Basic,False
C00977,22,Chennai,73426,Basic,True
C00978,52,Hyderabad,116766,Basic,False
C00979,23,Chennai,112881,Premium,True
C00980,55,Chennai,40854,Premium,False
C00981,42,Mysore,38417,Standard,False
C00982,40,Hyderabad,89633,Basic,True
C00983,21,Chennai,141311,Premium,True
C00984,53,Hyderabad,118008,Premium,True
C00985,37,Hyderabad,148727,Basic,False
C00986,35,Hyderabad,38244,Premium,False
C00987,57,Chennai,83741,Standard,True
C00988,49,Bangalore,121262,Standard,True
C00989,21,Mysore,43947,Basic,True
C00990,31,Bangalore,89374,Basic,False
C00991,18,Chennai,52479,Premium,False
C00992,23,Chennai,52979,Premium,False
C00993,49,Bangalore,38747,Premium,True
C00994,60,Hyderabad,81655,Premium,True
C00995,31,Bangalore,32328,Premium,False
C00996,62,Bangalore,74842,Premium,False
C00997,68,Mysore,104557,Basic,True
C00998,69,Chennai,47865,Standard,False
C00999,48,Hyderabad,131051,Premium,True
C01000,56,Bangalore,148166,Premium,True
C01001,54,Bangalore,28675,Basic,False
C01002,21,Chennai,116300,Premium,True
C01003,65,Chennai,79767,Basic,True
C01004,54,Hyderabad,130789,Premium,True
C01005,55,Chennai,122524,Premium,False
C01006,61,Chennai,99275,Premium,False
C01007,29,Mysore,91161,Premium,True
C01008,45,Bangalore,115501,Basic,True
C01009,29,Mysore,123387,Premium,True
C01010,33,Bangalore,99320,Standard,True
C01011,32,Hyderabad,105555,Basic,False
C01012,64,Mysore,26052,Standard,False
C01013,61,Mysore,52422,Premium,False
C01014,46,Bangalore,113514,Premium,False
C01015,59,Hyderabad,37728,Premium,False
C01016,44,Bangalore,33436,Basic,True
C01017,36,Mysore,141855,Standard,False
C01018,36,Chennai,80621,Premium,True
C01019,43,Hyderabad,82851,Premium,False
C01020,40,Chennai,145988,Basic,True
C01021,43,Chennai,59530,Premium,True
C01022,45,Chennai,46637,Standard,True
C01023,45,Bangalore,25084,Standard,True
C01024,59,Mysore,61589,Standard,True
C01025,25,Bangalore,64968,Premium,True
C01026,59,Mysore,76214,Basic,False
C01027,63,Chennai,26281,Standard,True
C01028,60,Bangalore,133212,Standard,False
C01029,63,Hyderabad,80495,Basic,True
C01030,45,Mysore,94564,Premium,True
C01031,47,Mysore,126753,Basic,False
C01032,40,Chennai,144528,Basic,False
C01033,34,Mysore,76470,Standard,False
C01034,63,Bangalore,69726,Basic,False
C01035,20,Bangalore,77541,Basic,True
C01036,29,Bangalore,27324,Premium,True
C01037,57,Bangalore,51318,Standard,False
C01038,37,Mysore,43622,Standard,True
C01039,32,Mysore,132628,Standard,False
C01040,65,Chennai,55847,Standard,False
C01041,58,Mysore,31605,Basic,False
C01042,45,Mysore,82593,Basic,True
C01043,29,Hyderabad,96715,Premium,False
C01044,26,Mysore,83469,Premium,False
C01045,18,Bangalore,78477,Basic,True
C01046,34,Chennai,149590,Premium,True
C01047,62,Chennai,122904,Basic,False
C01048,34,Hyderabad,71915,Premium,False
C01049,36,Hyderabad,112332,Standard,False
C01050,48,Chennai,111268,Standard,True
C01051,24,Mysore,73863,Standard,True
C01052,37,Mysore,142458,Premium,True
C01053,33,Bangalore,71427,Basic,True
C01054,26,Bangalore,137271,Premium,False
C01055,57,Bangalore,147315,Standard,True
C01056,20,Chennai,140134,Standard,True
C01057,61,Mysore,109051,Premium,False
C01058,36,Chennai,148419,Basic,True
C01059,48,Hyderabad,49212,Basic,False
C01060,38,Hyderabad,95431,Premium,True
C01061,55,Bangalore,142588,Basic,True
C01062,37,Chennai,146839,Standard,False
C01063,18,Chennai,84741,Basic,False
C01064,35,Hyderabad,99162,Basic,False
C01065,61,Hyderabad,78905,Premium,True
C01066,39,Hyderabad,77446,Premium,True
C01067,29,Bangalore,107612,Basic,False
C01068,34,Hyderabad,28333,Standard,True
C01069,45,Mysore,102750,Basic,False
C01070,20,Chennai,49853,Premium,False
C01071,66,Bangalore,121583,Standard,True
C01072,42,Hyderabad,53514,Standard,False
C01073,38,Chennai,60190,Standard,True
C01074,35,Chennai,56103,Standard,False
C01075,24,Bangalore,40019,Premium,False
C01076,30,Mysore,86621,Premium,False
C01077,50,Mysore,102389,Basic,True
C01078,69,Bangalore,84592,Basic,False
C01079,29,Bangalore,53645,Standard,True
C01080,41,Hyderabad,44597,Standard,True
C01081,58,Bangalore,70110,Premium,False
C01082,54,Bangalore,48822,Basic,True
C01083,50,Hyderabad,34624,Premium,False
C01084,23,Chennai,52244,Standard,False
C01085,45,Chennai,54159,Premium,True
C01086,61,Mysore,92222,Standard,False
C01087,68,Mysore,25579,Premium,False
C01088,48,Hyderabad,137293,Premium,True
C01089,18,Mysore,69874,Premium,True
C01090,54,Chennai,63057,Standard,False
C01091,61,Hyderabad,71498,Standard,True
C01092,48,Bangalore,106709,Standard,True
C01093,18,Hyderabad,125740,Standard,False
C01094,35,Mysore,63973,Basic,False
C01095,36,Hyderabad,79431,Premium,True
C01096,50,Hyderabad,90626,Premium,False
C01097,40,Hyderabad,51242,Basic,True
C01098,51,Mysore,55322,Premium,False
C01099,63,Mysore,90029,Standard,True
C01100,24,Mysore,67349,Basic,True
C01101,66,Bangalore,72054,Premium,False
C01102,18,Chennai,28993,Premium,False
C01103,57,Bangalore,147710,Standard,True
C01104,21,Hyderabad,147033,Premium,True
C01105,51,Hyderabad,73010,Premium,True
C01106,23,Mysore,86485,Premium,True
C01107,69,Mysore,101576,Basic,False
C01108,48,Hyderabad,84975,Basic,True
C01109,18,Chennai,117056,Standard,False
C01110,59,Mysore,101232,Basic,True
C01111,49,Mysore,59119,Standard,True
C01112,42,Chennai,67630,Basic,True
C01113,66,Hyderabad,95818,Premium,True
C01114,25,Bangalore,148445,Premium,False
C01115,62,Chennai,63478,Premium,True
C01116,31,Mysore,43676,Standard,True
C01117,48,Hyderabad,92740,Standard,False
C01118,44,Bangalore,90774,Premium,False
C01119,29,Mysore,58189,Standard,True
C01120,28,Chennai,122126,Premium,False
C01121,27,Chennai,78164,Basic,False
C01122,57,Hyderabad,36549,Premium,False
C01123,65,Chennai,53464,Basic,True
C01124,54,Hyderabad,106403,Premium,True
C01125,69,Hyderabad,129184,Premium,True
C01126,47,Chennai,136989,Basic,False
C01127,24,Chennai,130101,Basic,True
C01128,29,Mysore,87900,Premium,True
C01129,69,Hyderabad,108976,Basic,False
C01130,48,Bangalore,149917,Basic,False
C01131,68,Chennai,77837,Standard,True
C01132,66,Bangalore,90653,Standard,True
C01133,63,Chennai,41704,Premium,True
C01134,46,Mysore,85422,Standard,False
C01135,65,Chennai,115044,Standard,False
C01136,53,Hyderabad,87123,Basic,False
C01137,35,Bangalore,108676,Basic,True
C01138,57,Chennai,27545,Premium,True
C01139,35,Bangalore,46060,Basic,False
C01140,58,Mysore,141510,Basic,False
C01141,36,Chennai,145060,Standard,True
C01142,69,Mysore,107571,Standard,False
C01143,69,Chennai,43474,Basic,True
C01144,27,Hyderabad,100560,Premium,True
C01145,64,Hyderabad,28827,Standard,True
C01146,24,Chennai,38030,Standard,False
C01147,55,Hyderabad,112709,Basic,False
C01148,36,Mysore,117153,Premium,False
C01149,20,Hyderabad,54796,Premium,True
C01150,60,Bangalore,46231,Premium,True
C01151,20,Bangalore,49223,Premium,False
C01152,26,Hyderabad,50996,Premium,False
C01153,51,Hyderabad,99843,Basic,True
C01154,18,Chennai,44900,Premium,True
C01155,65,Chennai,69119,Standard,False
C01156,46,Mysore,75579,Standard,True
C01157,39,Bangalore,56278,Standard,True
C01158,43,Bangalore,46740,Premium,True
C01159,37,Bangalore,47771,Standard,False
C01160,66,Chennai,143997,Premium,False
C01161,41,Mysore,45040,Basic,False
C01162,69,Mysore,88151,Basic,False
C01163,18,Chennai,135545,Basic,False
C01164,62,Mysore,119275,Basic,True
C01165,28,Hyderabad,73667,Premium,False
C01166,37,Bangalore,131084,Standard,False
C01167,59,Chennai,91345,Basic,False
C01168,24,Bangalore,99285,Premium,True
C01169,63,Bangalore,89527,Premium,False
C01170,40,Bangalore,44937,Basic,True
C01171,22,Bangalore,64029,Basic,False
C01172,20,Bangalore,45404,Basic,True
C01173,46,Chennai,74385,Standard,True
C01174,65,Mysore,131748,Premium,True
C01175,32,Bangalore,128033,Premium,True
C01176,53,Bangalore,96862,Premium,False
C01177,25,Hyderabad,66614,Standard,False
C01178,48,Mysore,55999,Standard,True
C01179,19,Bangalore,112868,Standard,True
C01180,41,Mysore,30982,Standard,False
C01181,27,Chennai,69995,Standard,False
C01182,28,Mysore,44625,Standard,False
C01183,22,Chennai,114023,Standard,False
C01184,66,Chennai,107524,Standard,False
C01185,20,Hyderabad,144478,Premium,True
C01186,63,Bangalore,89307,Premium,False
C01187,53,Chennai,119243,Premium,False
C01188,39,Hyderabad,73409,Basic,True
C01189,66,Bangalore,90190,Standard,False
C01190,30,Bangalore,114730,Standard,True
C01191,59,Bangalore,65111,Basic,False
C01192,62,Hyderabad,117646,Premium,False
C01193,43,Chennai,76764,Premium,True
C01194,59,Chennai,49641,Standard,True
C01195,27,Hyderabad,120592,Standard,True
C01196,28,Bangalore,29093,Basic,False
C01197,43,Mysore,123008,Basic,True
C01198,20,Hyderabad,56256,Standard,False
C01199,32,Chennai,144225,Basic,True
C01200,32,Chennai,128441,Basic,True
C01201,37,Bangalore,51321,Premium,False
C01202,64,Bangalore,99967,Basic,True
C01203,49,Hyderabad,34162,Standard,False
C01204,37,Mysore,51736,Standard,False
C01205,40,Bangalore,33284,Basic,False
C01206,26,Bangalore,92117,Premium,False
C01207,36,Bangalore,108355,Premium,True
C01208,48,Hyderabad,66278,Premium,True
C01209,41,Chennai,89571,Standard,True
C01210,56,Chennai,132136,Standard,False
C01211,36,Hyderabad,62747,Standard,False
C01212,41,Hyderabad,88769,Basic,False
C01213,20,Bangalore,87101,Premium,False
C01214,40,Bangalore,52867,Basic,True
C01215,40,Mysore,26446,Premium,False
C01216,47,Hyderabad,37926,Premium,False
C01217,61,Hyderabad,45501,Premium,True
C01218,18,Hyderabad,109278,Standard,True
C01219,24,Bangalore,84662,Basic,False
C01220,50,Mysore,144437,Basic,False
C01221,44,Bangalore,77281,Premium,True
C01222,29,Mysore,127903,Standard,False
C01223,29,Mysore,73248,Basic,True
C01224,30,Chennai,105395,Standard,True
C01225,44,Hyderabad,139261,Standard,False
C01226,65,Chennai,96254,Basic,True
C01227,19,Hyderabad,87695,Premium,False
C01228,22,Chennai,79842,Premium,True
C01229,34,Bangalore,90071,Standard,True
C01230,40,Hyderabad,36633,Standard,False
C01231,39,Bangalore,70285,Standard,True
C01232,39,Hyderabad,120998,Standard,True
C01233,64,Hyderabad,62540,Basic,True
C01234,50,Hyderabad,100891,Premium,True
C01235,29,Mysore,116113,Premium,True
C01236,33,Mysore,42087,Basic,True
C01237,36,Chennai,28646,Basic,True
C01238,22,Bangalore,137344,Standard,False
C01239,47,Bangalore,72906,Standard,True
C01240,19,Bangalore,25547,Premium,False
C01241,46,Mysore,67416,Standard,True
C01242,60,Bangalore,132813,Standard,False
C01243,30,Chennai,67034,Standard,True
C01244,33,Bangalore,130867,Premium,False
C01245,45,Hyderabad,57214,Standard,True
C01246,35,Mysore,37806,Premium,True
C01247,62,Chennai,99816,Basic,False
C01248,21,Bangalore,78582,Basic,False
C01249,69,Hyderabad,127691,Basic,False
C01250,54,Bangalore,67513,Premium,False
C01251,46,Chennai,33855,Standard,False
C01252,18,Chennai,144140,Standard,True
C01253,54,Chennai,100749,Premium,True
C01254,68,Chennai,98083,Standard,False
C01255,23,Mysore,51344,Standard,False
C01256,53,Mysore,117201,Premium,False
C01257,67,Hyderabad,44869,Standard,False
C01258,61,Hyderabad,64414,Premium,True
C01259,60,Mysore,110746,Standard,False
C01260,36,Hyderabad,146663,Basic,False
C01261,55,Mysore,148353,Standard,False
C01262,66,Mysore,33781,Basic,True
C01263,20,Bangalore,133055,Standard,True
C01264,39,Mysore,46458,Standard,False
C01265,64,Hyderabad,41011,Premium,False
C01266,30,Bangalore,124328,Standard,True
C01267,24,Chennai,103689,Basic,True
C01268,30,Chennai,123370,Basic,True
C01269,63,Chennai,52016,Premium,False
C01270,25,Bangalore,79996,Standard,True
C01271,41,Bangalore,48696,Standard,False
C01272,46,Hyderabad,92682,Standard,False
C01273,30,Chennai,27138,Standard,False
C01274,23,Hyderabad,68820,Premium,False
C01275,49,Chennai,53484,Premium,True
C01276,47,Hyderabad,48518,Basic,False
C01277,39,Bangalore,72827,Premium,True
C01278,23,Mysore,117917,Premium,True
C01279,64,Hyderabad,48441,Basic,True
C01280,67,Bangalore,70188,Basic,False
C01281,68,Mysore,53660,Premium,True
C01282,45,Bangalore,147140,Standard,True
C01283,18,Bangalore,28519,Premium,True
C01284,49,Chennai,54806,Basic,False
C01285,65,Hyderabad,141407,Standard,True
C01286,64,Hyderabad,97603,Standard,False
C01287,64,Bangalore,27738,Basic,False
C01288,21,Hyderabad,45030,Basic,False
C01289,49,Bangalore,125900,Standard,True
C01290,27,Chennai,77058,Basic,True
C01291,23,Chennai,110297,Basic,True
C01292,29,Chennai,77855,Standard,True
C01293,41,Chennai,61755,Standard,False
C01294,37,Bangalore,122319,Premium,False
C01295,58,Bangalore,135293,Standard,False
C01296,37,Chennai,136599,Basic,False
C01297,49,Chennai,51303,Basic,True
C01298,60,Mysore,59022,Basic,False
C01299,45,Bangalore,118297,Basic,False
C01300,32,Chennai,136421,Premium,True
C01301,28,Hyderabad,45100,Basic,False
C01302,45,Bangalore,37303,Premium,True
C01303,52,Mysore,97392,Premium,False
C01304,54,Bangalore,69151,Standard,True
C01305,39,Hyderabad,73332,Standard,False
C01306,30,Mysore,87043,Standard,False
C01307,58,Mysore,43001,Premium,True
C01308,34,Chennai,103204,Premium,False
C01309,32,Mysore,74927,Premium,False
C01310,42,Mysore,143791,Basic,False
C01311,66,Bangalore,71645,Premium,False
C01312,43,Chennai,118231,Basic,False
C01313,26,Chennai,44544,Standard,True
C01314,69,Chennai,40640,Premium,False
C01315,19,Chennai,33010,Standard,True
C01316,54,Chennai,146760,Premium,True
C01317,29,Hyderabad,108725,Premium,True
C01318,46,Bangalore,36262,Premium,True
C01319,59,Mysore,90902,Standard,True
C01320,37,Bangalore,39251,Basic,False
C01321,24,Chennai,73573,Standard,False
C01322,32,Bangalore,111473,Premium,True
C01323,24,Chennai,133376,Basic,False
C01324,33,Bangalore,94041,Premium,True
C01325,24,Hyderabad,80168,Basic,False
C01326,43,Hyderabad,35452,Basic,True
C01327,61,Mysore,37799,Standard,False
C01328,57,Mysore,64299,Standard,True
C01329,35,Mysore,122543,Basic,False
C01330,25,Bangalore,136040,Basic,False
C01331,45,Hyderabad,39652,Premium,True
C01332,61,Bangalore,26824,Standard,True
C01333,34,Bangalore,99328,Premium,False
C01334,57,Hyderabad,31740,Premium,False
C01335,65,Hyderabad,120975,Premium,True
C01336,23,Bangalore,51907,Basic,True
C01337,52,Chennai,81695,Standard,False
C01338,24,Mysore,102122,Basic,True
C01339,37,Mysore,80472,Basic,False
C01340,42,Bangalore,29993,Basic,False
C01341,34,Hyderabad,44094,Basic,True
C01342,18,Mysore,68316,Standard,True
C01343,21,Mysore,83324,Premium,True
C01344,41,Bangalore,35955,Standard,False
C01345,62,Chennai,50834,Standard,False
C01346,66,Hyderabad,41618,Basic,True
C01347,26,Chennai,33441,Standard,False
C01348,22,Hyderabad,137851,Premium,False
C01349,49,Hyderabad,125335,Premium,True
C01350,45,Hyderabad,103108,Standard,True
C01351,39,Bangalore,132307,Standard,False
C01352,38,Chennai,76460,Premium,True
C01353,29,Chennai,139183,Standard,True
C01354,66,Mysore,88791,Standard,False
C01355,33,Hyderabad,144394,Standard,False
C01356,63,Hyderabad,94092,Premium,False
C01357,62,Mysore,78385,Standard,True
C01358,53,Mysore,86706,Basic,False
C01359,36,Hyderabad,139834,Standard,True
C01360,67,Chennai,142557,Standard,True
C01361,68,Chennai,27067,Standard,False
C01362,28,Bangalore,113222,Standard,True
C01363,66,Chennai,114702,Basic,True
C01364,37,Chennai,48700,Standard,True
C01365,68,Mysore,87753,Premium,True
C01366,25,Bangalore,56137,Basic,False
C01367,47,Bangalore,132024,Standard,False
C01368,69,Hyderabad,104346,Standard,True
C01369,50,Bangalore,118608,Standard,False
C01370,20,Bangalore,75826,Basic,False
C01371,43,Mysore,59182,Basic,False
C01372,18,Bangalore,60945,Standard,True
C01373,68,Mysore,51562,Basic,True
C01374,21,Hyderabad,117625,Basic,True
C01375,62,Bangalore,34766,Basic,False
C01376,67,Bangalore,55355,Premium,False
C01377,37,Chennai,73690,Premium,False
C01378,23,Mysore,145139,Premium,False
C01379,21,Mysore,120871,Standard,False
C01380,42,Hyderabad,146109,Premium,True
C01381,21,Mysore,118102,Basic,False
C01382,45,Mysore,139265,Basic,True
C01383,52,Hyderabad,35840,Basic,False
C01384,34,Bangalore,90336,Basic,False
C01385,55,Bangalore,80048,Premium,False
C01386,40,Chennai,104580,Basic,True
C01387,62,Bangalore,111910,Basic,False
C01388,40,Hyderabad,121228,Premium,True
C01389,56,Chennai,146542,Basic,True
C01390,27,Mysore,142842,Standard,False
C01391,25,Bangalore,94101,Standard,False
C01392,52,Mysore,114205,Premium,True
C01393,42,Bangalore,68880,Premium,True
C01394,20,Chennai,92658,Premium,False
C01395,60,Mysore,79198,Standard,False
C01396,48,Bangalore,84566,Standard,False
C01397,53,Hyderabad,25786,Premium,True
C01398,48,Hyderabad,130091,Basic,True
C01399,21,Bangalore,107785,Standard,True
C01400,21,Chennai,97953,Standard,True
C01401,25,Chennai,120574,Basic,False
C01402,69,Hyderabad,71538,Standard,True
C01403,55,Bangalore,136270,Premium,True
C01404,38,Hyderabad,56066,Premium,False
C01405,24,Mysore,114499,Standard,False
C01406,29,Chennai,57148,Standard,True
C01407,64,Chennai,133696,Basic,False
C01408,23,Chennai,148868,Basic,False
C01409,59,Chennai,91129,Standard,True
C01410,32,Mysore,53926,Basic,True
C01411,68,Hyderabad,88997,Standard,False
C01412,18,Bangalore,36442,Standard,True
C01413,66,Bangalore,144276,Standard,True
C01414,20,Chennai,56885,Standard,False
C01415,63,Hyderabad,115139,Standard,False
C01416,35,Chennai,74895,Premium,False
C01417,24,Chennai,120497,Standard,True
C01418,48,Chennai,126306,Premium,False
C01419,48,Hyderabad,112267,Standard,False
C01420,40,Mysore,29170,Basic,False
C01421,31,Hyderabad,104432,Standard,True
C01422,39,Chennai,34179,Basic,False
C01423,59,Mysore,108730,Standard,True
C01424,42,Chennai,68494,Premium,True
C01425,54,Mysore,76545,Premium,False
C01426,32,Chennai,85486,Basic,True
C01427,27,Bangalore,56860,Standard,False
C01428,62,Chennai,97067,Basic,True
C01429,41,Chennai,41877,Premium,True
C01430,28,Bangalore,46013,Basic,False
C01431,60,Mysore,47639,Premium,False
C01432,51,Mysore,91508,Standard,True
C01433,34,Mysore,80557,Basic,False
C01434,38,Hyderabad,58467,Premium,True
C01435,59,Mysore,132420,Premium,True
C01436,46,Hyderabad,69375,Premium,True
C01437,26,Bangalore,97583,Basic,False
C01438,18,Chennai,59699,Standard,False
C01439,68,Hyderabad,51078,Basic,True
C01440,32,Hyderabad,45092,Premium,True
C01441,66,Mysore,85165,Premium,False
C01442,45,Hyderabad,95711,Basic,False
C01443,34,Bangalore,96860,Standard,False
C01444,32,Bangalore,131181,Basic,True
C01445,19,Hyderabad,49623,Standard,True
C01446,54,Hyderabad,99064,Premium,True
C01447,19,Chennai,50466,Standard,True
C01448,57,Bangalore,131954,Premium,True
C01449,19,Hyderabad,149802,Basic,False
C01450,51,Bangalore,101246,Standard,True
C01451,30,Mysore,59468,Basic,True
C01452,27,Bangalore,79616,Premium,True
C01453,37,Chennai,144058,Standard,False
C01454,45,Hyderabad,94597,Standard,True
C01455,63,Bangalore,112081,Premium,False
C01456,20,Chennai,47984,Standard,True
C01457,50,Hyderabad,48654,Basic,True
C01458,50,Chennai,68829,Basic,True
C01459,54,Bangalore,92608,Premium,False
C01460,51,Hyderabad,111090,Standard,True
C01461,35,Hyderabad,75275,Standard,False
C01462,23,Bangalore,31320,Standard,True
C01463,58,Chennai,128743,Premium,False
C01464,60,Mysore,146249,Premium,True
C01465,45,Chennai,104378,Standard,True
C01466,62,Hyderabad,149099,Premium,False
C01467,29,Bangalore,125651,Premium,False
C01468,34,Mysore,63248,Premium,True
C01469,60,Bangalore,65554,Basic,True
C01470,56,Hyderabad,42373,Standard,True
C01471,55,Bangalore,97731,Basic,False
C01472,25,Hyderabad,87939,Basic,False
C01473,19,Mysore,51283,Basic,True
C01474,22,Bangalore,51340,Basic,True
C01475,66,Bangalore,41139,Basic,False
C01476,54,Hyderabad,89443,Premium,True
C01477,32,Mysore,55963,Premium,False
C01478,30,Mysore,127073,Standard,False
C01479,34,Chennai,28456,Premium,True
C01480,28,Mysore,86555,Basic,False
C01481,33,Bangalore,87009,Basic,False
C01482,20,Chennai,73816,Standard,False
C01483,31,Chennai,144825,Basic,False
C01484,36,Mysore,124588,Basic,False
C01485,34,Chennai,101594,Basic,True
C01486,62,Hyderabad,51009,Premium,True
C01487,55,Mysore,51416,Standard,False
C01488,59,Chennai,37524,Standard,False
C01489,31,Mysore,89277,Premium,True
C01490,31,Mysore,60149,Standard,False
C01491,18,Hyderabad,118686,Standard,False
C01492,35,Bangalore,40192,Basic,True
C01493,24,Chennai,80045,Premium,True
C01494,39,Bangalore,118633,Standard,True
C01495,67,Bangalore,57512,Premium,True
C01496,64,Hyderabad,119579,Standard,False
C01497,68,Chennai,28059,Premium,True
C01498,50,Mysore,114417,Standard,True
C01499,59,Chennai,39405,Standard,False
C01500,47,Chennai,129462,Standard,True
C01501,47,Mysore,145932,Standard,False
C01502,20,Bangalore,89160,Standard,False
C01503,63,Mysore,81144,Premium,False
C01504,53,Hyderabad,148473,Standard,False
C01505,32,Hyderabad,117252,Premium,False
C01506,68,Chennai,58545,Premium,False
C01507,64,Hyderabad,98081,Basic,True
C01508,57,Chennai,102666,Standard,False
C01509,29,Bangalore,128483,Premium,False
C01510,35,Chennai,109614,Premium,True
C01511,51,Hyderabad,83779,Premium,True
C01512,46,Bangalore,140461,Standard,True
C01513,47,Chennai,78050,Basic,False
C01514,20,Chennai,27575,Premium,True
C01515,39,Hyderabad,27366,Standard,False
C01516,62,Chennai,64087,Standard,False
C01517,54,Bangalore,114378,Basic,True
C01518,23,Mysore,82526,Standard,True
C01519,69,Hyderabad,74165,Basic,True
C01520,46,Bangalore,124505,Basic,False
C01521,26,Hyderabad,54483,Basic,True
C01522,22,Hyderabad,141924,Premium,False
C01523,37,Mysore,79835,Basic,True
C01524,61,Bangalore,75018,Basic,False
C01525,31,Hyderabad,56902,Basic,True
C01526,53,Mysore,148624,Premium,False
C01527,26,Hyderabad,29888,Premium,True
C01528,27,Hyderabad,75995,Standard,False
C01529,54,Mysore,145767,Premium,False
C01530,25,Bangalore,29169,Premium,True
C01531,68,Chennai,28596,Basic,False
C01532,61,Hyderabad,107428,Standard,True
C01533,44,Chennai,48601,Premium,False
C01534,53,Hyderabad,133284,Basic,True
C01535,41,Mysore,140829,Premium,True
C01536,31,Chennai,110765,Premium,True
C01537,32,Hyderabad,39467,Basic,False
C01538,28,Bangalore,94213,Standard,True
C01539,65,Mysore,91629,Premium,False
C01540,29,Hyderabad,95548,Standard,False
C01541,64,Bangalore,147331,Premium,False
C01542,64,Mysore,119186,Basic,True
C01543,59,Bangalore,132278,Standard,True
C01544,57,Mysore,52843,Standard,False
C01545,65,Chennai,73157,Premium,False
C01546,25,Hyderabad,91672,Standard,True
C01547,21,Chennai,102442,Basic,True
C01548,42,Bangalore,63188,Standard,True
C01549,57,Chennai,147834,Premium,True
C01550,40,Bangalore,117917,Basic,False
C01551,28,Chennai,29679,Basic,True
C01552,34,Chennai,142023,Basic,False
C01553,23,Bangalore,147344,Standard,True
C01554,24,Mysore,109940,Standard,False
C01555,64,Bangalore,128571,Standard,False
C01556,25,Mysore,103389,Standard,False
C01557,60,Bangalore,121885,Premium,True
C01558,39,Hyderabad,143086,Premium,False
C01559,29,Bangalore,54916,Standard,False
C01560,38,Bangalore,27941,Standard,True
C01561,53,Mysore,106060,Premium,True
C01562,30,Mysore,54118,Premium,False
C01563,37,Hyderabad,93194,Basic,True
C01564,20,Hyderabad,107756,Premium,False
C01565,57,Mysore,40287,Standard,True
C01566,43,Mysore,82776,Premium,False
C01567,40,Hyderabad,41177,Basic,True
C01568,26,Chennai,44076,Basic,False
C01569,49,Mysore,93596,Premium,True
C01570,18,Hyderabad,42052,Premium,True
C01571,62,Hyderabad,99070,Basic,True
C01572,43,Bangalore,66924,Basic,True
C01573,50,Mysore,43880,Basic,False
C01574,26,Bangalore,63919,Premium,True
C01575,39,Hyderabad,57220,Basic,False
C01576,53,Chennai,44300,Premium,True
C01577,27,Bangalore,45024,Basic,False
C01578,63,Chennai,70116,Premium,False
C01579,34,Bangalore,109291,Basic,True
C01580,57,Bangalore,45321,Premium,False
C01581,22,Bangalore,147175,Standard,False
C01582,62,Hyderabad,149744,Standard,False
C01583,49,Mysore,59452,Premium,False
C01584,34,Chennai,26480,Premium,True
C01585,62,Chennai,119099,Basic,True
C01586,42,Mysore,119323,Standard,False
C01587,66,Bangalore,93700,Basic,False
C01588,34,Hyderabad,82411,Basic,False
C01589,39,Mysore,101924,Premium,True
C01590,38,Bangalore,36135,Premium,False
C01591,41,Chennai,38824,Standard,False
C01592,28,Mysore,133422,Premium,False
C01593,23,Hyderabad,131422,Premium,True
C01594,42,Hyderabad,140662,Premium,True
C01595,45,Hyderabad,130179,Standard,True
C01596,52,Chennai,67132,Basic,True
C01597,24,Hyderabad,132823,Premium,False
C01598,34,Bangalore,116818,Standard,False
C01599,65,Hyderabad,132304,Standard,False
C01600,69,Chennai,148715,Basic,False
C01601,24,Bangalore,43618,Basic,False
C01602,30,Chennai,69889,Premium,True
C01603,33,Hyderabad,81186,Standard,False
C01604,32,Hyderabad,107501,Standard,False
C01605,30,Bangalore,139555,Standard,True
C01606,67,Hyderabad,95878,Basic,False
C01607,43,Hyderabad,148198,Standard,False
C01608,48,Bangalore,132769,Premium,True
C01609,69,Chennai,81565,Basic,False
C01610,68,Bangalore,98069,Premium,True
C01611,51,Hyderabad,87661,Standard,False
C01612,61,Mysore,43922,Premium,True
C01613,55,Chennai,142908,Basic,False
C01614,63,Mysore,89348,Basic,False
C01615,50,Chennai,74114,Basic,True
C01616,56,Hyderabad,107201,Standard,False
C01617,41,Hyderabad,52627,Standard,True
C01618,34,Mysore,112089,Basic,False
C01619,37,Hyderabad,45871,Basic,False
C01620,23,Hyderabad,117061,Basic,False
C01621,34,Mysore,94654,Basic,False
C01622,20,Bangalore,30257,Standard,True
C01623,63,Bangalore,115259,Premium,False
C01624,26,Mysore,108375,Standard,True
C01625,28,Hyderabad,95082,Standard,False
C01626,62,Mysore,44449,Basic,False
C01627,24,Chennai,41186,Standard,True
C01628,21,Hyderabad,113665,Basic,False
C01629,25,Mysore,37559,Standard,True
C01630,18,Chennai,140417,Premium,False
C01631,57,Mysore,125248,Basic,True
C01632,47,Bangalore,47216,Basic,False
C01633,28,Mysore,96946,Standard,False
C01634,20,Hyderabad,139323,Premium,True
C01635,57,Chennai,126106,Basic,False
C01636,39,Mysore,69590,Basic,True
C01637,19,Chennai,29946,Standard,False
C01638,29,Hyderabad,105392,Standard,True
C01639,44,Bangalore,145408,Basic,False
C01640,50,Mysore,111637,Standard,False
C01641,31,Bangalore,96718,Basic,True
C01642,47,Mysore,147538,Standard,False
C01643,50,Mysore,57929,Basic,True
C01644,30,Bangalore,138087,Premium,False
C01645,63,Chennai,54026,Standard,True
C01646,22,Bangalore,118660,Premium,False
C01647,37,Hyderabad,74763,Premium,False
C01648,34,Hyderabad,43617,Basic,True
C01649,50,Chennai,130424,Basic,False
C01650,62,Chennai,87433,Premium,True
C01651,68,Bangalore,27832,Basic,True
C01652,49,Bangalore,69433,Premium,False
C01653,29,Bangalore,71388,Standard,True
C01654,66,Hyderabad,128542,Basic,True
C01655,67,Chennai,143996,Standard,False
C01656,39,Bangalore,47435,Basic,False
C01657,47,Chennai,55816,Premium,False
C01658,23,Bangalore,36156,Standard,False
C01659,56,Bangalore,79081,Basic,True
C01660,62,Hyderabad,50080,Standard,True
C01661,22,Mysore,37987,Basic,False
C01662,44,Mysore,94521,Basic,False
C01663,40,Hyderabad,58866,Basic,True
C01664,64,Chennai,85062,Standard,False
C01665,62,Chennai,140641,Basic,False
C01666,26,Bangalore,46385,Basic,True
C01667,50,Bangalore,99327,Premium,False
C01668,54,Chennai,33376,Premium,False
C01669,18,Mysore,135474,Premium,False
C01670,68,Hyderabad,139091,Basic,False
C01671,59,Bangalore,36645,Standard,False
C01672,40,Bangalore,107518,Premium,False
C01673,48,Hyderabad,120062,Basic,True
C01674,60,Bangalore,85730,Basic,False
C01675,27,Bangalore,108967,Standard,True
C01676,57,Mysore,86889,Basic,False
C01677,55,Hyderabad,138836,Premium,True
C01678,65,Chennai,65332,Basic,False
C01679,26,Chennai,119991,Basic,True
C01680,23,Mysore,111178,Premium,True
C01681,49,Mysore,73637,Premium,True
C01682,44,Chennai,119964,Standard,False
C01683,32,Bangalore,77598,Standard,False
C01684,24,Hyderabad,109213,Standard,True
C01685,18,Chennai,32472,Basic,False
C01686,48,Hyderabad,97116,Premium,False
C01687,51,Hyderabad,41445,Basic,False
C01688,18,Hyderabad,71461,Standard,True
C01689,64,Hyderabad,33189,Standard,False
C01690,28,Hyderabad,64922,Premium,False
C01691,56,Mysore,28286,Standard,True
C01692,68,Mysore,93748,Premium,False
C01693,20,Mysore,129870,Basic,False
C01694,22,Bangalore,147786,Standard,False
C01695,34,Hyderabad,56161,Basic,False
C01696,18,Chennai,95805,Basic,False
C01697,68,Bangalore,28142,Standard,True
C01698,51,Mysore,59930,Basic,False
C01699,38,Mysore,39321,Standard,True
C01700,47,Hyderabad,85545,Premium,True
C01701,39,Chennai,69556,Premium,True
C01702,59,Mysore,101988,Basic,True
C01703,20,Mysore,144115,Basic,False
C01704,59,Mysore,38752,Premium,False
C01705,33,Bangalore,115619,Basic,False
C01706,43,Bangalore,98404,Premium,False
C01707,46,Bangalore,83867,Basic,True
C01708,65,Hyderabad,112099,Premium,False
C01709,55,Hyderabad,90643,Basic,False
C01710,57,Mysore,70310,Premium,False
C01711,24,Hyderabad,134141,Premium,True
C01712,54,Chennai,91651,Standard,False
C01713,52,Hyderabad,82203,Basic,False
C01714,26,Hyderabad,143629,Standard,True
C01715,46,Hyderabad,134861,Basic,False
C01716,44,Bangalore,133239,Standard,True
C01717,26,Bangalore,61221,Standard,True
C01718,40,Chennai,132765,Premium,False
C01719,52,Mysore,104071,Basic,False
C01720,36,Hyderabad,38192,Premium,False
C01721,55,Bangalore,89019,Premium,True
C01722,55,Bangalore,70448,Basic,True
C01723,45,Bangalore,124432,Premium,False
C01724,22,Hyderabad,76464,Premium,True
C01725,55,Bangalore,104577,Standard,True
C01726,58,Hyderabad,67451,Basic,True
C01727,36,Chennai,78201,Premium,False
C01728,64,Bangalore,37340,Standard,True
C01729,51,Bangalore,142957,Standard,False
C01730,54,Bangalore,54775,Basic,True
C01731,42,Bangalore,81442,Standard,False
C01732,60,Chennai,131554,Basic,False
C01733,22,Chennai,109745,Premium,True
C01734,50,Bangalore,47521,Basic,False
C01735,18,Hyderabad,61362,Basic,True
C01736,22,Chennai,64262,Premium,True
C01737,41,Hyderabad,49198,Premium,False
C01738,49,Chennai,69224,Premium,False
C01739,56,Chennai,95791,Premium,False
C01740,50,Bangalore,117265,Standard,True
C01741,25,Chennai,72930,Basic,True
C01742,44,Bangalore,112545,Premium,True
C01743,47,Bangalore,95705,Standard,True
C01744,50,Mysore,131691,Standard,False
C01745,66,Chennai,61371,Premium,True
C01746,35,Hyderabad,90947,Premium,False
C01747,37,Mysore,55079,Basic,False
C01748,24,Bangalore,125587,Standard,True
C01749,66,Bangalore,98678,Standard,True
C01750,18,Chennai,64177,Basic,False
C01751,38,Hyderabad,77897,Standard,True
C01752,62,Chennai,138128,Standard,False
C01753,36,Mysore,101335,Premium,False
C01754,51,Hyderabad,57583,Basic,False
C01755,62,Mysore,50779,Premium,False
C01756,29,Mysore,41193,Basic,False
C01757,22,Bangalore,98661,Standard,False
C01758,59,Bangalore,76552,Premium,False
C01759,38,Hyderabad,30200,Premium,True
C01760,59,Chennai,31567,Basic,True
C01761,24,Mysore,143328,Standard,False
C01762,48,Mysore,144942,Standard,False
C01763,61,Mysore,59385,Premium,True
C01764,45,Chennai,149740,Premium,True
C01765,31,Bangalore,102935,Standard,True
C01766,64,Bangalore,100207,Premium,True
C01767,54,Bangalore,96276,Standard,True
C01768,42,Hyderabad,97739,Premium,False
C01769,62,Hyderabad,123031,Standard,False
C01770,23,Hyderabad,136568,Basic,True
C01771,44,Chennai,43024,Basic,True
C01772,62,Bangalore,129033,Basic,True
C01773,61,Hyderabad,83597,Premium,True
C01774,63,Bangalore,133300,Basic,False
C01775,41,Hyderabad,50635,Standard,True
C01776,63,Chennai,115863,Basic,False
C01777,24,Chennai,140574,Standard,True
C01778,50,Chennai,101027,Premium,False
C01779,67,Chennai,135346,Standard,True
C01780,57,Hyderabad,135076,Premium,True
C01781,59,Bangalore,74415,Standard,True
C01782,56,Mysore,64532,Standard,True
C01783,18,Hyderabad,93375,Basic,False
C01784,50,Bangalore,127588,Premium,False
C01785,44,Bangalore,37771,Standard,False
C01786,60,Chennai,109962,Basic,False
C01787,55,Hyderabad,39967,Standard,False
C01788,41,Hyderabad,40087,Premium,False
C01789,36,Bangalore,99545,Basic,True
C01790,36,Bangalore,134434,Standard,False
C01791,31,Mysore,59480,Standard,False
C01792,44,Bangalore,97518,Standard,False
C01793,29,Bangalore,129043,Premium,False
C01794,64,Bangalore,68382,Premium,True
C01795,59,Mysore,30901,Premium,False
C01796,24,Bangalore,58053,Standard,True
C01797,32,Chennai,103779,Basic,False
C01798,34,Mysore,25728,Basic,True
C01799,29,Bangalore,81873,Premium,True
C01800,67,Hyderabad,135533,Premium,True
C01801,66,Hyderabad,139615,Premium,True
C01802,42,Mysore,25727,Basic,False
C01803,53,Chennai,46484,Premium,True
C01804,66,Bangalore,33179,Basic,False
C01805,19,Chennai,119065,Basic,True
C01806,22,Mysore,95667,Basic,True
C01807,26,Bangalore,90274,Basic,False
C01808,57,Bangalore,147069,Premium,False
C01809,25,Hyderabad,143814,Premium,True
C01810,51,Hyderabad,138469,Premium,False
C01811,25,Bangalore,119377,Premium,False
C01812,39,Chennai,75069,Basic,True
C01813,29,Hyderabad,124563,Standard,False
C01814,27,Mysore,74359,Standard,True
C01815,40,Hyderabad,134284,Standard,True
C01816,63,Mysore,67120,Basic,True
C01817,24,Bangalore,130556,Standard,False
C01818,27,Chennai,89042,Premium,True
C01819,22,Chennai,134546,Basic,True
C01820,20,Hyderabad,144756,Basic,False
C01821,53,Hyderabad,73299,Basic,True
C01822,42,Chennai,76579,Standard,False
C01823,25,Mysore,28273,Premium,True
C01824,39,Chennai,136609,Basic,False
C01825,29,Mysore,30511,Standard,False
C01826,48,Bangalore,108517,Standard,False
C01827,23,Hyderabad,110878,Standard,True
C01828,18,Chennai,96098,Premium,True
C01829,66,Bangalore,83023,Premium,True
C01830,35,Mysore,107510,Standard,True
C01831,44,Bangalore,135072,Standard,False
C01832,32,Mysore,91570,Premium,True
C01833,38,Bangalore,81500,Basic,True
C01834,66,Hyderabad,48160,Standard,False
C01835,68,Chennai,87444,Standard,True
C01836,24,Chennai,136551,Premium,True
C01837,36,Hyderabad,71506,Premium,True
C01838,60,Mysore,139305,Premium,False
C01839,63,Bangalore,120508,Premium,False
C01840,67,Hyderabad,128324,Standard,True
C01841,51,Hyderabad,55508,Premium,False
C01842,48,Bangalore,33292,Basic,False
C01843,18,Mysore,95366,Premium,False
C01844,37,Chennai,54540,Standard,True
C01845,51,Hyderabad,123368,Basic,True
C01846,48,Bangalore,29688,Basic,False
C01847,69,Mysore,94224,Standard,True
C01848,49,Mysore,66544,Basic,False
C01849,59,Mysore,113022,Standard,True
C01850,49,Mysore,122872,Standard,False
C01851,57,Hyderabad,60202,Premium,True
C01852,54,Bangalore,113556,Premium,True
C01853,69,Bangalore,129510,Basic,False
C01854,23,Mysore,42864,Premium,False
C01855,69,Chennai,99562,Standard,False
C01856,32,Mysore,111750,Basic,True
C01857,67,Hyderabad,53189,Premium,True
C01858,68,Chennai,96759,Premium,True
C01859,51,Mysore,138201,Premium,False
C01860,42,Chennai,78016,Standard,True
C01861,31,Mysore,85683,Basic,False
C01862,54,Bangalore,119457,Standard,True
C01863,44,Bangalore,26828,Basic,False
C01864,46,Hyderabad,114452,Basic,False
C01865,40,Hyderabad,89598,Premium,False
C01866,30,Chennai,67023,Premium,True
C01867,61,Bangalore,46014,Basic,False
C01868,44,Chennai,137742,Basic,True
C01869,23,Bangalore,81852,Basic,True
C01870,69,Hyderabad,56525,Standard,True
C01871,38,Mysore,101121,Premium,False
C01872,68,Bangalore,42199,Standard,True
C01873,63,Chennai,39384,Standard,True
C01874,37,Mysore,93657,Premium,True
C01875,49,Bangalore,133365,Premium,True
C01876,63,Bangalore,67695,Basic,False
C01877,29,Bangalore,50254,Premium,True
C01878,62,Bangalore,149135,Premium,False
C01879,20,Hyderabad,134298,Basic,True
C01880,31,Bangalore,109560,Premium,True
C01881,63,Hyderabad,39476,Premium,True
C01882,63,Bangalore,138296,Premium,False
C01883,53,Hyderabad,89117,Premium,False
C01884,25,Chennai,38479,Basic,False
C01885,50,Bangalore,79029,Basic,False
C01886,45,Mysore,57309,Standard,False
C01887,49,Chennai,101624,Standard,False
C01888,63,Bangalore,28450,Standard,False
C01889,22,Chennai,109597,Standard,True
C01890,50,Bangalore,104923,Standard,True
C01891,46,Bangalore,41352,Standard,True
C01892,28,Bangalore,103841,Standard,True
C01893,26,Mysore,66916,Basic,True
C01894,30,Bangalore,56307,Standard,True
C01895,34,Mysore,123375,Premium,True
C01896,55,Bangalore,141254,Premium,True
C01897,18,Hyderabad,52989,Premium,True
C01898,37,Hyderabad,31470,Premium,True
C01899,26,Bangalore,38090,Standard,False
C01900,51,Mysore,145312,Basic,True
C01901,66,Mysore,137618,Basic,False
C01902,51,Bangalore,77233,Standard,True
C01903,31,Hyderabad,110970,Basic,True
C01904,46,Mysore,66608,Standard,True
C01905,34,Chennai,55171,Basic,False
C01906,46,Mysore,111187,Premium,False
C01907,37,Mysore,148248,Basic,False
C01908,45,Bangalore,75391,Basic,False
C01909,32,Mysore,54440,Premium,False
C01910,57,Hyderabad,73212,Standard,False
C01911,39,Hyderabad,144482,Standard,True
C01912,36,Mysore,31990,Premium,False
C01913,63,Bangalore,79789,Standard,True
C01914,60,Bangalore,52529,Premium,False
C01915,65,Chennai,56656,Standard,False
C01916,52,Hyderabad,41918,Standard,True
C01917,30,Hyderabad,69799,Basic,False
C01918,25,Bangalore,103036,Premium,True
C01919,28,Hyderabad,141434,Standard,True
C01920,39,Hyderabad,103422,Standard,False
C01921,34,Chennai,34572,Premium,True
C01922,65,Hyderabad,49286,Standard,True
C01923,42,Hyderabad,48907,Standard,False
C01924,41,Chennai,36741,Basic,False
C01925,25,Bangalore,141350,Basic,False
C01926,40,Hyderabad,31633,Standard,False
C01927,24,Hyderabad,69278,Standard,True
C01928,52,Mysore,109144,Premium,True
C01929,18,Mysore,29693,Premium,False
C01930,23,Bangalore,145701,Premium,False
C01931,30,Chennai,106103,Basic,True
C01932,45,Mysore,109278,Premium,True
C01933,35,Hyderabad,126809,Basic,False
C01934,49,Bangalore,76715,Standard,True
C01935,63,Mysore,124812,Standard,True
C01936,63,Bangalore,83162,Standard,True
C01937,64,Chennai,88547,Premium,True
C01938,41,Mysore,33169,Premium,True
C01939,68,Chennai,114691,Basic,False
C01940,48,Bangalore,109636,Premium,True
C01941,64,Bangalore,125192,Basic,True
C01942,26,Chennai,106737,Standard,False
C01943,62,Chennai,132445,Basic,False
C01944,42,Mysore,48809,Premium,False
C01945,64,Chennai,103731,Standard,True
C01946,65,Chennai,57101,Basic,False
C01947,67,Mysore,139319,Premium,True
C01948,56,Chennai,107857,Standard,True
C01949,68,Bangalore,56235,Basic,True
C01950,25,Bangalore,82192,Basic,True
C01951,31,Chennai,122982,Premium,True
C01952,46,Chennai,67455,Standard,False
C01953,24,Bangalore,143633,Basic,False
C01954,44,Chennai,33758,Basic,True
C01955,68,Mysore,32159,Basic,False
C01956,31,Bangalore,43242,Standard,False
C01957,51,Hyderabad,83171,Basic,False
C01958,41,Bangalore,132355,Basic,False
C01959,33,Hyderabad,96506,Basic,False
C01960,60,Bangalore,40944,Premium,True
C01961,55,Hyderabad,32889,Premium,False
C01962,31,Mysore,30132,Premium,False
C01963,41,Mysore,50914,Premium,False
C01964,27,Mysore,74210,Basic,False
C01965,54,Mysore,26755,Basic,False
C01966,30,Bangalore,62966,Premium,True
C01967,63,Bangalore,52380,Standard,False
C01968,53,Mysore,32058,Standard,True
C01969,27,Chennai,148314,Standard,False
C01970,42,Bangalore,91122,Premium,False
C01971,41,Hyderabad,140001,Basic,False
C01972,50,Bangalore,28023,Basic,True
C01973,68,Hyderabad,89974,Premium,True
C01974,39,Chennai,107840,Standard,False
C01975,57,Chennai,143944,Premium,True
C01976,35,Hyderabad,143483,Standard,False
C01977,68,Mysore,95111,Premium,False
C01978,37,Chennai,26140,Standard,False
C01979,19,Mysore,46420,Standard,True
C01980,28,Hyderabad,50137,Premium,True
C01981,41,Bangalore,125117,Basic,True
C01982,63,Chennai,126343,Basic,True
C01983,69,Chennai,108317,Standard,False
C01984,24,Bangalore,140927,Premium,True
C01985,53,Chennai,127515,Basic,True
C01986,68,Chennai,136381,Basic,True
C01987,33,Hyderabad,77261,Premium,True
C01988,31,Chennai,113313,Standard,False
C01989,37,Chennai,74096,Premium,False
C01990,64,Bangalore,110541,Premium,False
C01991,42,Chennai,98755,Standard,True
C01992,21,Hyderabad,71166,Standard,False
C01993,29,Chennai,66607,Premium,False
C01994,50,Bangalore,40197,Basic,True
C01995,29,Bangalore,115144,Standard,False
C01996,42,Mysore,118435,Standard,False
C01997,23,Mysore,122157,Premium,True
C01998,48,Chennai,113243,Premium,False
C01999,36,Hyderabad,27838,Premium,False
C02000,43,Hyderabad,108107,Standard,False
C02001,46,Bangalore,63670,Premium,False
C02002,35,Chennai,49920,Basic,True
C02003,27,Chennai,45894,Premium,True
C02004,30,Chennai,124829,Standard,True
C02005,48,Mysore,107136,Basic,False
C02006,27,Hyderabad,36623,Standard,True
C02007,40,Bangalore,94973,Standard,False
C02008,31,Hyderabad,45795,Premium,True
C02009,41,Chennai,89500,Premium,True
C02010,26,Bangalore,91513,Premium,True
C02011,55,Hyderabad,113486,Basic,False
C02012,67,Bangalore,113688,Premium,False
C02013,67,Bangalore,125987,Basic,False
C02014,47,Bangalore,113551,Standard,False
C02015,25,Hyderabad,41623,Premium,False
C02016,29,Bangalore,34648,Premium,False
C02017,36,Bangalore,112224,Standard,False
C02018,22,Bangalore,34720,Premium,False
C02019,23,Bangalore,33973,Premium,True
C02020,26,Hyderabad,97330,Basic,False
C02021,33,Bangalore,93868,Premium,True
C02022,29,Mysore,72812,Basic,True
C02023,49,Bangalore,136602,Basic,False
C02024,65,Mysore,134891,Premium,False
C02025,19,Hyderabad,41148,Standard,True
C02026,48,Hyderabad,99069,Premium,False
C02027,49,Hyderabad,145440,Premium,True
C02028,54,Bangalore,118156,Basic,True
C02029,56,Chennai,26107,Premium,True
C02030,39,Bangalore,70173,Basic,True
C02031,58,Bangalore,58934,Premium,True
C02032,65,Bangalore,127163,Standard,False
C02033,37,Chennai,90812,Standard,False
C02034,20,Chennai,119226,Basic,False
C02035,63,Chennai,144494,Basic,True
C02036,21,Bangalore,48962,Standard,False
C02037,37,Mysore,139889,Basic,False
C02038,56,Hyderabad,54900,Basic,False
C02039,44,Mysore,104049,Basic,False
C02040,39,Mysore,140658,Premium,False
C02041,31,Hyderabad,119297,Basic,True
C02042,18,Mysore,91240,Basic,False
C02043,40,Bangalore,93582,Standard,True
C02044,66,Chennai,134782,Premium,False
C02045,40,Bangalore,43984,Premium,True
C02046,53,Chennai,79986,Standard,True
C02047,69,Bangalore,27395,Premium,True
C02048,18,Chennai,148847,Premium,True
C02049,18,Mysore,94367,Standard,True
C02050,68,Chennai,85456,Premium,False
C02051,52,Bangalore,87870,Basic,False
C02052,69,Bangalore,111765,Premium,True
C02053,41,Chennai,87863,Standard,False
C02054,49,Bangalore,108340,Standard,False
C02055,38,Bangalore,109473,Standard,True
C02056,35,Mysore,28690,Premium,False
C02057,66,Hyderabad,99206,Basic,False
C02058,41,Chennai,57468,Basic,False
C02059,21,Bangalore,35303,Basic,True
C02060,33,Hyderabad,144739,Standard,False
C02061,55,Chennai,136430,Standard,False
C02062,21,Chennai,69445,Premium,False
C02063,45,Bangalore,104283,Basic,False
C02064,54,Bangalore,112441,Standard,False
C02065,60,Mysore,91672,Premium,False
C02066,32,Mysore,119323,Standard,True
C02067,26,Hyderabad,59153,Premium,False
C02068,54,Chennai,146450,Basic,False
C02069,39,Hyderabad,134209,Premium,False
C02070,32,Chennai,142470,Standard,False
C02071,50,Hyderabad,52704,Standard,False
C02072,49,Hyderabad,66046,Premium,False
C02073,20,Hyderabad,94346,Standard,False
C02074,56,Mysore,87931,Standard,True
C02075,18,Bangalore,139221,Premium,True
C02076,54,Chennai,126704,Basic,False
C02077,52,Bangalore,123685,Premium,True
C02078,66,Chennai,89615,Premium,True
C02079,35,Chennai,129662,Standard,False
C02080,66,Bangalore,56920,Premium,False
C02081,37,Bangalore,55580,Standard,False
C02082,24,Chennai,129269,Premium,True
C02083,44,Mysore,29005,Standard,False
C02084,55,Bangalore,83052,Premium,False
C02085,47,Bangalore,137900,Premium,True
C02086,22,Hyderabad,88496,Basic,True
C02087,41,Mysore,54193,Basic,False
C02088,49,Chennai,106935,Standard,True
C02089,40,Hyderabad,59354,Standard,False
C02090,59,Chennai,108903,Basic,False
C02091,45,Hyderabad,57985,Standard,True
C02092,28,Chennai,133097,Basic,True
C02093,22,Chennai,27668,Premium,False
C02094,25,Bangalore,133514,Premium,False
C02095,22,Mysore,111510,Premium,False
C02096,28,Bangalore,84255,Standard,False
C02097,33,Hyderabad,53055,Premium,False
C02098,39,Hyderabad,118930,Premium,False
C02099,58,Chennai,134289,Standard,False
C02100,48,Mysore,38962,Standard,True
C02101,47,Mysore,83936,Premium,False
C02102,50,Bangalore,75874,Basic,True
C02103,54,Chennai,45477,Premium,False
C02104,45,Hyderabad,117184,Standard,False
C02105,20,Bangalore,28074,Basic,True
C02106,65,Hyderabad,45662,Standard,False
C02107,20,Chennai,121240,Basic,True
C02108,32,Mysore,97051,Basic,False
C02109,69,Chennai,87256,Premium,True
C02110,33,Bangalore,131508,Standard,False
C02111,57,Hyderabad,44567,Basic,True
C02112,32,Chennai,60223,Premium,False
C02113,37,Mysore,139507,Premium,True
C02114,65,Hyderabad,148440,Basic,True
C02115,33,Chennai,139574,Premium,True
C02116,48,Chennai,36450,Premium,True
C02117,51,Mysore,106246,Standard,True
C02118,59,Chennai,110024,Basic,False
C02119,63,Mysore,107325,Premium,True
C02120,24,Bangalore,43429,Standard,True
C02121,34,Hyderabad,67908,Premium,True
C02122,41,Chennai,143737,Basic,False
C02123,49,Bangalore,85357,Basic,True
C02124,38,Hyderabad,47085,Standard,False
C02125,21,Bangalore,54637,Standard,False
C02126,44,Chennai,44428,Premium,False
C02127,28,Mysore,120414,Standard,True
C02128,40,Chennai,136720,Premium,False
C02129,18,Bangalore,96282,Premium,False
C02130,60,Hyderabad,115227,Basic,False
C02131,39,Bangalore,144708,Premium,True
C02132,46,Chennai,84029,Basic,False
C02133,35,Mysore,28623,Standard,False
C02134,56,Mysore,126108,Basic,False
C02135,39,Mysore,100262,Standard,True
C02136,51,Hyderabad,105980,Premium,True
C02137,41,Chennai,60533,Basic,True
C02138,42,Mysore,117534,Standard,True
C02139,45,Chennai,132330,Basic,True
C02140,55,Chennai,147435,Premium,True
C02141,56,Hyderabad,113992,Standard,False
C02142,54,Bangalore,144711,Standard,False
C02143,29,Mysore,81872,Premium,True
C02144,35,Mysore,137061,Premium,True
C02145,36,Mysore,115194,Standard,False
C02146,49,Chennai,47446,Standard,True
C02147,19,Mysore,123288,Basic,True
C02148,59,Bangalore,134048,Standard,True
C02149,42,Mysore,65381,Standard,True
C02150,55,Mysore,135511,Standard,False
C02151,24,Chennai,121091,Standard,True
C02152,28,Mysore,68601,Basic,True
C02153,49,Bangalore,42891,Standard,True
C02154,28,Mysore,55940,Standard,True
C02155,21,Mysore,48288,Premium,True
C02156,46,Mysore,120040,Premium,True
C02157,56,Bangalore,81450,Basic,False
C02158,29,Chennai,46102,Standard,False
C02159,54,Bangalore,62959,Basic,True
C02160,24,Chennai,71671,Premium,True
C02161,18,Mysore,42245,Basic,True
C02162,28,Bangalore,113418,Premium,True
C02163,29,Chennai,76701,Premium,False
C02164,52,Hyderabad,136435,Premium,True
C02165,59,Mysore,136392,Premium,True
C02166,44,Chennai,25388,Standard,True
C02167,67,Hyderabad,124174,Premium,True
C02168,31,Mysore,133650,Standard,True
C02169,18,Hyderabad,99584,Basic,True
C02170,69,Hyderabad,72859,Premium,False
C02171,63,Bangalore,115962,Basic,False
C02172,49,Bangalore,123434,Basic,True
C02173,59,Chennai,114322,Basic,False
C02174,40,Chennai,104670,Standard,False
C02175,24,Bangalore,48513,Standard,True
C02176,43,Bangalore,141034,Standard,True
C02177,30,Mysore,113476,Premium,False
C02178,56,Mysore,55410,Standard,False
C02179,29,Hyderabad,61761,Premium,True
C02180,37,Hyderabad,133727,Standard,True
C02181,56,Chennai,80916,Basic,True
C02182,22,Hyderabad,129486,Standard,False
C02183,41,Mysore,89266,Basic,True
C02184,59,Hyderabad,122563,Standard,True
C02185,39,Chennai,147951,Basic,True
C02186,40,Chennai,104403,Standard,False
C02187,24,Mysore,36434,Standard,True
C02188,57,Hyderabad,31998,Basic,False
C02189,29,Mysore,139393,Basic,True
C02190,26,Chennai,70364,Basic,True
C02191,46,Mysore,62523,Standard,False
C02192,69,Mysore,27362,Standard,False
C02193,34,Chennai,92768,Standard,True
C02194,58,Mysore,120801,Premium,False
C02195,59,Hyderabad,83389,Basic,False
C02196,69,Bangalore,107260,Premium,True
C02197,21,Mysore,82866,Basic,True
C02198,27,Mysore,124854,Basic,False
C02199,33,Hyderabad,149230,Basic,False
C02200,68,Bangalore,133631,Standard,True
C02201,50,Mysore,142906,Basic,True
C02202,46,Hyderabad,131698,Standard,False
C02203,27,Bangalore,47675,Standard,False
C02204,43,Mysore,76011,Premium,True
C02205,50,Hyderabad,94225,Premium,True
C02206,64,Hyderabad,49206,Standard,False
C02207,19,Hyderabad,45538,Basic,False
C02208,28,Mysore,98720,Basic,False
C02209,29,Hyderabad,82346,Premium,True
C02210,32,Hyderabad,51332,Standard,True
C02211,24,Bangalore,149466,Basic,True
C02212,53,Mysore,52284,Premium,True
C02213,60,Chennai,76487,Standard,True
C02214,68,Mysore,66833,Standard,False
C02215,29,Mysore,78422,Basic,False
C02216,36,Chennai,97711,Standard,True
C02217,19,Bangalore,51621,Premium,False
C02218,63,Chennai,100492,Basic,False
C02219,64,Mysore,28631,Premium,False
C02220,33,Mysore,53190,Standard,False
C02221,56,Chennai,101312,Premium,False
C02222,30,Hyderabad,100972,Standard,False
C02223,53,Hyderabad,30564,Basic,False
C02224,32,Mysore,131143,Premium,True
C02225,49,Chennai,117556,Standard,True
C02226,68,Mysore,61814,Basic,False
C02227,57,Mysore,105432,Premium,True
C02228,46,Bangalore,106305,Premium,False
C02229,25,Chennai,64365,Basic,True
C02230,61,Chennai,89827,Basic,True
C02231,60,Mysore,109488,Premium,False
C02232,57,Chennai,29578,Premium,False
C02233,29,Mysore,142963,Premium,False
C02234,21,Hyderabad,123440,Basic,True
C02235,62,Mysore,95521,Basic,False
C02236,47,Hyderabad,48786,Premium,False
C02237,68,Bangalore,75081,Standard,False
C02238,18,Hyderabad,28105,Basic,True
C02239,66,Hyderabad,46723,Premium,False
C02240,22,Chennai,45996,Standard,True
C02241,58,Bangalore,54959,Premium,False
C02242,60,Chennai,116427,Standard,True
C02243,54,Chennai,53089,Basic,True
C02244,57,Bangalore,43288,Premium,False
C02245,45,Chennai,82965,Premium,True
C02246,53,Bangalore,79682,Standard,True
C02247,23,Hyderabad,134488,Standard,False
C02248,27,Bangalore,99518,Standard,True
C02249,57,Hyderabad,136925,Basic,True
C02250,54,Hyderabad,110074,Premium,True
C02251,50,Chennai,64551,Premium,False
C02252,59,Hyderabad,95785,Premium,False
C02253,48,Bangalore,146363,Premium,True
C02254,54,Chennai,32388,Basic,False
C02255,58,Chennai,42062,Standard,True
C02256,68,Chennai,142162,Premium,False
C02257,36,Hyderabad,38081,Premium,True
C02258,61,Bangalore,100731,Basic,False
C02259,54,Chennai,61745,Premium,True
C02260,67,Chennai,68058,Basic,False
C02261,18,Chennai,134740,Premium,True
C02262,62,Hyderabad,119650,Standard,False
C02263,22,Bangalore,71019,Standard,True
C02264,22,Mysore,62292,Basic,True
C02265,67,Mysore,40841,Premium,False
C02266,53,Mysore,60256,Basic,True
C02267,42,Chennai,136554,Premium,False
C02268,18,Bangalore,120276,Premium,False
C02269,29,Mysore,148781,Basic,True
C02270,38,Bangalore,59051,Premium,False
C02271,31,Mysore,41756,Premium,False
C02272,23,Chennai,49314,Standard,True
C02273,36,Bangalore,74544,Standard,False
C02274,35,Chennai,80287,Standard,True
C02275,23,Chennai,129651,Basic,True
C02276,41,Chennai,114552,Standard,False
C02277,56,Chennai,112483,Premium,False
C02278,31,Mysore,39574,Standard,True
C02279,55,Hyderabad,146479,Basic,False
C02280,20,Hyderabad,105714,Premium,True
C02281,22,Hyderabad,87152,Standard,False
C02282,61,Bangalore,44903,Premium,False
C02283,48,Chennai,118499,Premium,False
C02284,65,Hyderabad,103519,Basic,False
C02285,24,Mysore,94034,Premium,False
C02286,23,Mysore,33668,Premium,False
C02287,28,Hyderabad,40919,Standard,False
C02288,31,Hyderabad,36110,Standard,False
C02289,57,Hyderabad,101737,Premium,False
C02290,46,Mysore,79628,Premium,True
C02291,42,Chennai,137093,Premium,True
C02292,47,Mysore,74291,Standard,False
C02293,55,Hyderabad,112581,Standard,False
C02294,42,Hyderabad,98361,Premium,True
C02295,35,Hyderabad,112491,Premium,True
C02296,55,Hyderabad,29754,Basic,False
C02297,45,Chennai,122647,Premium,False
C02298,34,Hyderabad,119080,Basic,False
C02299,65,Mysore,40298,Basic,False
C02300,36,Chennai,43400,Standard,False
C02301,31,Bangalore,77335,Basic,False
C02302,42,Chennai,102031,Standard,False
C02303,28,Hyderabad,26841,Basic,True
C02304,48,Bangalore,114407,Premium,True
C02305,63,Chennai,31756,Premium,True
C02306,34,Bangalore,79936,Basic,False
C02307,51,Bangalore,30917,Premium,True
C02308,55,Bangalore,28309,Basic,False
C02309,66,Chennai,45246,Standard,True
C02310,44,Hyderabad,41508,Premium,True
C02311,29,Chennai,55358,Standard,False
C02312,50,Hyderabad,31714,Basic,True
C02313,63,Bangalore,40109,Basic,True
C02314,63,Bangalore,89960,Premium,False
C02315,19,Chennai,26148,Premium,False
C02316,62,Bangalore,60995,Basic,False
C02317,44,Chennai,37395,Premium,True
C02318,35,Chennai,48900,Standard,False
C02319,61,Mysore,47428,Basic,False
C02320,27,Mysore,128482,Standard,False
C02321,61,Hyderabad,149754,Standard,False
C02322,28,Bangalore,127463,Premium,False
C02323,29,Hyderabad,25104,Basic,True
C02324,50,Bangalore,120250,Basic,True
C02325,32,Chennai,91417,Standard,False
C02326,32,Mysore,124534,Premium,True
C02327,37,Hyderabad,107413,Basic,False
C02328,40,Chennai,119716,Premium,False
C02329,48,Hyderabad,148087,Basic,False
C02330,40,Mysore,58191,Basic,True
C02331,25,Bangalore,70204,Premium,True
C02332,20,Chennai,72631,Premium,False
C02333,44,Chennai,128770,Premium,True
C02334,25,Bangalore,130993,Premium,True
C02335,32,Chennai,143967,Basic,True
C02336,42,Mysore,26231,Standard,True
C02337,44,Bangalore,106161,Basic,True
C02338,27,Hyderabad,31086,Basic,False
C02339,56,Bangalore,140008,Basic,False
C02340,48,Bangalore,87096,Premium,False
C02341,27,Mysore,93760,Premium,True
C02342,24,Mysore,149592,Standard,True
C02343,33,Hyderabad,143177,Premium,True
C02344,18,Hyderabad,57497,Standard,False
C02345,53,Bangalore,69284,Standard,True
C02346,27,Chennai,64328,Premium,True
C02347,21,Mysore,86260,Standard,False
C02348,30,Chennai,60380,Basic,True
C02349,38,Chennai,89782,Standard,True
C02350,57,Chennai,141098,Standard,True
C02351,68,Mysore,33795,Standard,False
C02352,65,Bangalore,129009,Premium,True
C02353,60,Chennai,49067,Premium,True
C02354,64,Mysore,138966,Standard,True
C02355,35,Mysore,44321,Standard,False
C02356,33,Hyderabad,115153,Basic,False
C02357,32,Hyderabad,113131,Basic,True
C02358,29,Mysore,67962,Basic,True
C02359,18,Chennai,70127,Basic,True
C02360,43,Hyderabad,104876,Premium,False
C02361,18,Bangalore,31676,Basic,False
C02362,68,Chennai,40983,Basic,True
C02363,49,Mysore,49836,Standard,False
C02364,62,Hyderabad,86544,Premium,False
C02365,69,Bangalore,120017,Basic,True
C02366,40,Chennai,51920,Basic,True
C02367,53,Chennai,142396,Standard,True
C02368,30,Chennai,38247,Basic,False
C02369,53,Hyderabad,122435,Standard,False
C02370,68,Chennai,26045,Standard,False
C02371,23,Bangalore,73618,Premium,False
C02372,58,Bangalore,35076,Premium,False
C02373,62,Mysore,96743,Premium,True
C02374,62,Hyderabad,47930,Basic,True
C02375,54,Chennai,76787,Standard,True
C02376,68,Bangalore,80304,Premium,False
C02377,49,Chennai,140320,Standard,False
C02378,61,Hyderabad,40093,Basic,False
C02379,46,Mysore,35594,Standard,True
C02380,40,Bangalore,43492,Basic,True
C02381,41,Bangalore,120822,Basic,False
C02382,49,Hyderabad,78397,Premium,True
C02383,47,Chennai,56865,Premium,True
C02384,38,Mysore,112884,Basic,False
C02385,53,Hyderabad,145104,Standard,True
C02386,61,Chennai,82078,Basic,False
C02387,34,Mysore,67998,Standard,False
C02388,57,Hyderabad,98529,Premium,True
C02389,37,Chennai,25474,Standard,False
C02390,19,Mysore,149764,Basic,False
C02391,50,Bangalore,73684,Premium,True
C02392,27,Bangalore,31878,Standard,False
C02393,36,Hyderabad,143739,Standard,True
C02394,30,Bangalore,79869,Premium,True
C02395,20,Chennai,80846,Premium,False
C02396,26,Bangalore,61239,Basic,True
C02397,52,Chennai,99251,Premium,False
C02398,47,Mysore,79048,Standard,True
C02399,19,Chennai,100227,Standard,False
C02400,68,Mysore,58933,Standard,False
C02401,57,Mysore,133700,Premium,False
C02402,51,Chennai,87765,Basic,False
C02403,52,Chennai,80455,Basic,False
C02404,48,Bangalore,90494,Premium,False
C02405,54,Bangalore,80738,Standard,True
C02406,43,Hyderabad,76653,Premium,True
C02407,51,Chennai,94921,Premium,False
C02408,34,Mysore,149594,Basic,False
C02409,63,Hyderabad,127912,Standard,False
C02410,67,Chennai,134348,Basic,True
C02411,29,Chennai,85448,Premium,True
C02412,48,Mysore,133137,Basic,True
C02413,52,Bangalore,148675,Standard,False
C02414,41,Hyderabad,39871,Premium,False
C02415,46,Bangalore,123287,Basic,True
C02416,65,Chennai,85598,Basic,False
C02417,32,Chennai,80126,Standard,False
C02418,56,Chennai,121183,Basic,False
C02419,32,Mysore,55732,Basic,False
C02420,59,Hyderabad,100954,Premium,False
C02421,28,Bangalore,54296,Standard,True
C02422,34,Mysore,93049,Basic,False
C02423,24,Chennai,116864,Basic,True
C02424,23,Chennai,93459,Basic,False
C02425,49,Hyderabad,76961,Basic,False
C02426,29,Mysore,106705,Basic,False
C02427,24,Mysore,98640,Standard,True
C02428,64,Chennai,60350,Premium,True
C02429,33,Mysore,31818,Basic,True
C02430,20,Chennai,36227,Standard,True
C02431,58,Mysore,103524,Premium,False
C02432,68,Mysore,85090,Standard,False
C02433,60,Mysore,73478,Standard,True
C02434,34,Mysore,30354,Premium,True
C02435,20,Hyderabad,35225,Basic,True
C02436,32,Mysore,141702,Standard,True
C02437,68,Hyderabad,131150,Premium,False
C02438,20,Chennai,143118,Premium,True
C02439,34,Bangalore,101857,Premium,True
C02440,67,Bangalore,58606,Basic,False
C02441,33,Hyderabad,37237,Premium,True
C02442,35,Mysore,100654,Standard,False
C02443,42,Bangalore,121590,Basic,True
C02444,54,Mysore,60693,Basic,True
C02445,39,Hyderabad,146304,Basic,True
C02446,43,Hyderabad,85231,Basic,True
C02447,23,Chennai,135941,Premium,False
C02448,49,Bangalore,107722,Premium,True
C02449,62,Bangalore,106748,Basic,False
C02450,61,Chennai,72637,Standard,False
C02451,20,Hyderabad,94745,Basic,True
C02452,62,Mysore,116324,Standard,True
C02453,19,Hyderabad,88360,Basic,True
C02454,58,Chennai,78413,Premium,False
C02455,61,Chennai,37690,Basic,True
C02456,48,Hyderabad,49588,Basic,False
C02457,62,Bangalore,93947,Basic,False
C02458,65,Bangalore,117200,Basic,True
C02459,28,Bangalore,143577,Basic,False
C02460,63,Hyderabad,120656,Standard,True
C02461,66,Chennai,106048,Premium,True
C02462,42,Mysore,126257,Basic,True
C02463,39,Hyderabad,83632,Basic,True
C02464,52,Chennai,50919,Premium,True
C02465,20,Hyderabad,138831,Standard,False
C02466,48,Hyderabad,47262,Standard,False
C02467,58,Hyderabad,136793,Premium,False
C02468,30,Chennai,25519,Standard,False
C02469,32,Mysore,129860,Basic,False
C02470,31,Chennai,79140,Basic,True
C02471,20,Chennai,102786,Standard,False
C02472,30,Hyderabad,37223,Standard,True
C02473,23,Hyderabad,124597,Premium,True
C02474,54,Bangalore,135333,Standard,False
C02475,38,Mysore,26770,Basic,False
C02476,49,Hyderabad,89843,Basic,False
C02477,23,Hyderabad,130329,Premium,False
C02478,19,Hyderabad,146385,Premium,True
C02479,20,Chennai,72562,Standard,True
C02480,51,Chennai,129658,Standard,True
C02481,29,Chennai,120742,Premium,True
C02482,37,Mysore,124614,Standard,True
C02483,26,Chennai,147104,Premium,True
C02484,53,Hyderabad,50964,Premium,True
C02485,41,Chennai,96710,Premium,False
C02486,36,Mysore,29480,Standard,True
C02487,31,Mysore,122308,Premium,True
C02488,60,Hyderabad,46578,Standard,True
C02489,21,Hyderabad,68908,Premium,True
C02490,20,Bangalore,46066,Standard,True
C02491,22,Chennai,58642,Basic,False
C02492,59,Mysore,56526,Basic,False
C02493,33,Bangalore,80945,Basic,True
C02494,52,Chennai,29640,Premium,False
C02495,67,Hyderabad,62695,Premium,True
C02496,62,Bangalore,98072,Basic,False
C02497,26,Bangalore,113823,Standard,True
C02498,62,Mysore,25652,Basic,False
C02499,43,Bangalore,115237,Basic,False
C02500,57,Mysore,105363,Premium,False
C02501,38,Mysore,72509,Basic,True
C02502,49,Mysore,26217,Standard,False
C02503,50,Chennai,73227,Premium,False
C02504,18,Bangalore,149791,Basic,True
C02505,62,Chennai,124672,Standard,True
C02506,55,Mysore,114023,Premium,False
C02507,67,Hyderabad,80140,Standard,False
C02508,20,Mysore,121738,Standard,True
C02509,18,Hyderabad,47072,Premium,True
C02510,41,Mysore,96327,Premium,True
C02511,60,Chennai,34186,Premium,True
C02512,61,Bangalore,105417,Basic,True
C02513,67,Mysore,100455,Basic,True
C02514,48,Chennai,93675,Basic,True
C02515,64,Bangalore,87569,Standard,True
C02516,43,Hyderabad,91144,Premium,False
C02517,38,Mysore,127899,Basic,False
C02518,21,Hyderabad,59355,Standard,True
C02519,42,Hyderabad,145518,Basic,True
C02520,48,Mysore,102724,Basic,False
C02521,22,Mysore,96811,Standard,True
C02522,39,Bangalore,118211,Premium,False
C02523,40,Mysore,85985,Standard,False
C02524,48,Hyderabad,148215,Standard,True
C02525,23,Mysore,91367,Premium,True
C02526,20,Chennai,97067,Standard,False
C02527,64,Mysore,74321,Basic,True
C02528,52,Bangalore,60690,Basic,False
C02529,61,Mysore,69309,Standard,False
C02530,28,Hyderabad,116135,Premium,True
C02531,50,Chennai,113831,Basic,True
C02532,33,Chennai,61465,Standard,True
C02533,52,Chennai,141139,Basic,True
C02534,47,Chennai,67210,Basic,False
C02535,22,Hyderabad,80948,Standard,True
C02536,30,Mysore,44463,Basic,True
C02537,42,Mysore,71013,Standard,True
C02538,50,Chennai,83008,Basic,True
C02539,66,Bangalore,90220,Premium,False
C02540,50,Chennai,48926,Premium,True
C02541,69,Mysore,45351,Standard,True
C02542,18,Mysore,69687,Premium,False
C02543,68,Hyderabad,105327,Premium,False
C02544,31,Bangalore,58697,Standard,False
C02545,20,Chennai,69108,Standard,True
C02546,45,Bangalore,60180,Premium,False
C02547,41,Mysore,145954,Premium,False
C02548,29,Hyderabad,97556,Premium,False
C02549,63,Mysore,138304,Standard,False
C02550,33,Chennai,32094,Standard,False
C02551,57,Bangalore,145436,Basic,False
C02552,43,Mysore,39469,Premium,False
C02553,31,Hyderabad,88225,Standard,True
C02554,50,Chennai,41144,Basic,True
C02555,42,Bangalore,87378,Standard,False
C02556,57,Hyderabad,122610,Basic,False
C02557,30,Bangalore,52754,Basic,True
C02558,54,Chennai,42813,Basic,False
C02559,18,Hyderabad,119199,Standard,False
C02560,41,Bangalore,93208,Premium,True
C02561,25,Chennai,69735,Standard,False
C02562,28,Bangalore,27356,Standard,True
C02563,45,Mysore,96004,Standard,False
C02564,64,Hyderabad,63575,Basic,True
C02565,57,Mysore,64906,Premium,True
C02566,23,Bangalore,126467,Basic,False
C02567,48,Bangalore,115289,Basic,True
C02568,52,Chennai,87422,Premium,True
C02569,32,Bangalore,144171,Standard,False
C02570,62,Hyderabad,43791,Standard,False
C02571,47,Hyderabad,67407,Standard,False
C02572,34,Hyderabad,94004,Premium,False
C02573,44,Chennai,129774,Premium,False
C02574,21,Hyderabad,38883,Standard,True
C02575,54,Mysore,119205,Standard,False
C02576,22,Bangalore,121873,Basic,True
C02577,54,Chennai,138370,Premium,True
C02578,51,Hyderabad,60442,Basic,False
C02579,68,Hyderabad,136831,Standard,True
C02580,23,Mysore,54841,Premium,False
C02581,29,Mysore,36954,Basic,True
C02582,26,Bangalore,27286,Premium,False
C02583,18,Bangalore,94941,Premium,True
C02584,21,Bangalore,87756,Basic,False
C02585,53,Hyderabad,102496,Premium,False
C02586,40,Hyderabad,30628,Standard,False
C02587,67,Hyderabad,25694,Standard,True
C02588,57,Hyderabad,52137,Basic,False
C02589,60,Chennai,119065,Basic,False
C02590,57,Bangalore,41506,Premium,False
C02591,34,Mysore,137048,Standard,True
C02592,61,Chennai,136628,Standard,False
C02593,29,Bangalore,130281,Basic,False
C02594,50,Chennai,145723,Standard,False
C02595,53,Chennai,122835,Basic,False
C02596,49,Chennai,50927,Standard,False
C02597,52,Bangalore,132224,Premium,False
C02598,57,Bangalore,55275,Basic,True
C02599,54,Chennai,105371,Basic,False
C02600,63,Hyderabad,73913,Basic,False
C02601,38,Chennai,134227,Standard,True
C02602,41,Chennai,113803,Standard,False
C02603,34,Chennai,145111,Standard,True
C02604,59,Bangalore,92430,Basic,False
C02605,24,Bangalore,83331,Standard,True
C02606,61,Mysore,138260,Basic,False
C02607,48,Hyderabad,70630,Premium,False
C02608,28,Hyderabad,110004,Basic,True
C02609,35,Mysore,74238,Basic,True
C02610,35,Bangalore,134224,Basic,False
C02611,24,Hyderabad,48039,Basic,True
C02612,51,Chennai,90675,Basic,False
C02613,69,Bangalore,47436,Basic,False
C02614,68,Bangalore,120915,Standard,False
C02615,48,Chennai,83993,Premium,True
C02616,43,Chennai,84071,Premium,True
C02617,68,Bangalore,92476,Standard,False
C02618,53,Chennai,80578,Standard,True
C02619,53,Chennai,146245,Basic,True
C02620,31,Hyderabad,98666,Basic,True
C02621,38,Bangalore,62082,Basic,False
C02622,63,Chennai,111949,Standard,True
C02623,31,Hyderabad,125662,Basic,True
C02624,50,Bangalore,37662,Premium,True
C02625,63,Mysore,27945,Standard,True
C02626,62,Bangalore,47173,Standard,True
C02627,60,Hyderabad,78353,Standard,False
C02628,63,Hyderabad,34249,Premium,False
C02629,48,Chennai,92681,Standard,False
C02630,40,Hyderabad,35336,Premium,True
C02631,67,Mysore,95085,Basic,True
C02632,20,Mysore,72091,Standard,True
C02633,50,Hyderabad,61930,Standard,True
C02634,45,Mysore,42255,Standard,True
C02635,47,Bangalore,141542,Premium,True
C02636,18,Mysore,149626,Standard,True
C02637,43,Chennai,88550,Basic,False
C02638,20,Chennai,46445,Standard,False
C02639,61,Bangalore,55635,Basic,True
C02640,20,Chennai,112095,Standard,True
C02641,69,Chennai,86932,Premium,False
C02642,60,Hyderabad,52495,Standard,False
C02643,61,Bangalore,123709,Standard,True
C02644,50,Mysore,42142,Standard,True
C02645,29,Hyderabad,30774,Standard,False
C02646,46,Bangalore,60503,Premium,True
C02647,60,Mysore,68727,Standard,False
C02648,65,Bangalore,103371,Premium,True
C02649,24,Chennai,85354,Standard,True
C02650,30,Chennai,141411,Premium,True
C02651,63,Chennai,148743,Standard,False
C02652,34,Bangalore,37960,Standard,True
C02653,24,Bangalore,36891,Standard,False
C02654,54,Bangalore,55290,Standard,True
C02655,27,Bangalore,66418,Basic,True
C02656,35,Mysore,113645,Standard,False
C02657,55,Hyderabad,44504,Premium,False
C02658,59,Mysore,82195,Premium,True
C02659,61,Bangalore,82062,Basic,True
C02660,62,Hyderabad,99293,Standard,True
C02661,47,Chennai,119737,Standard,False
C02662,20,Chennai,118255,Standard,True
C02663,34,Bangalore,96149,Premium,True
C02664,19,Mysore,124317,Basic,False
C02665,35,Bangalore,123175,Basic,False
C02666,24,Hyderabad,90504,Basic,True
C02667,31,Chennai,33843,Premium,True
C02668,62,Bangalore,45865,Standard,False
C02669,28,Hyderabad,104008,Standard,False
C02670,57,Hyderabad,143689,Basic,True
C02671,42,Bangalore,90856,Premium,False
C02672,51,Bangalore,48274,Basic,False
C02673,25,Mysore,40183,Basic,False
C02674,43,Hyderabad,31820,Basic,True
C02675,69,Chennai,122745,Premium,True
C02676,37,Mysore,41431,Standard,False
C02677,53,Mysore,76735,Standard,False
C02678,37,Hyderabad,113800,Standard,True
C02679,32,Chennai,108110,Basic,True
C02680,45,Mysore,136691,Basic,False
C02681,30,Mysore,81246,Standard,False
C02682,45,Mysore,86063,Standard,True
C02683,42,Hyderabad,100771,Basic,True
C02684,27,Mysore,54899,Standard,True
C02685,32,Mysore,75476,Standard,True
C02686,62,Chennai,52689,Premium,True
C02687,59,Hyderabad,67339,Premium,False
C02688,62,Hyderabad,119916,Basic,False
C02689,46,Bangalore,124001,Standard,True
C02690,39,Bangalore,55803,Standard,True
C02691,62,Mysore,145656,Basic,False
C02692,64,Bangalore,130581,Standard,False
C02693,55,Chennai,93407,Standard,True
C02694,20,Mysore,129427,Basic,True
C02695,29,Bangalore,92894,Standard,False
C02696,56,Hyderabad,60345,Premium,False
C02697,51,Chennai,63300,Standard,False
C02698,56,Bangalore,99591,Standard,False
C02699,53,Mysore,91215,Premium,True
C02700,38,Chennai,51765,Standard,True
C02701,61,Mysore,137962,Premium,False
C02702,45,Mysore,82148,Basic,False
C02703,59,Hyderabad,65868,Basic,False
C02704,46,Chennai,127850,Basic,True
C02705,36,Bangalore,112192,Premium,True
C02706,22,Hyderabad,83480,Standard,False
C02707,54,Hyderabad,84700,Standard,True
C02708,33,Chennai,144310,Standard,True
C02709,55,Mysore,99322,Basic,True
C02710,45,Chennai,35631,Basic,True
C02711,25,Chennai,27794,Standard,True
C02712,53,Hyderabad,106154,Premium,False
C02713,69,Chennai,119116,Standard,False
C02714,46,Mysore,148080,Premium,True
C02715,41,Bangalore,92197,Basic,True
C02716,45,Bangalore,33852,Standard,True
C02717,45,Bangalore,78740,Premium,True
C02718,51,Mysore,49840,Standard,False
C02719,22,Hyderabad,64873,Basic,False
C02720,57,Bangalore,93498,Standard,False
C02721,54,Chennai,59536,Premium,True
C02722,50,Bangalore,122692,Basic,True
C02723,44,Mysore,122505,Basic,True
C02724,54,Hyderabad,149826,Standard,False
C02725,68,Hyderabad,28020,Premium,False
C02726,68,Bangalore,31563,Standard,True
C02727,59,Bangalore,115167,Premium,True
C02728,39,Mysore,122367,Standard,False
C02729,24,Hyderabad,82298,Basic,False
C02730,36,Hyderabad,58317,Standard,True
C02731,37,Chennai,143561,Standard,False
C02732,64,Mysore,74797,Basic,True
C02733,44,Mysore,84210,Standard,True
C02734,41,Bangalore,87055,Basic,False
C02735,29,Mysore,78995,Premium,True
C02736,47,Bangalore,86063,Premium,False
C02737,60,Chennai,53252,Standard,False
C02738,34,Bangalore,57565,Basic,True
C02739,64,Hyderabad,64346,Basic,False
C02740,39,Bangalore,47123,Basic,False
C02741,46,Chennai,102818,Standard,True
C02742,54,Mysore,47235,Premium,False
C02743,39,Chennai,105761,Standard,True
C02744,48,Bangalore,72202,Premium,True
C02745,25,Hyderabad,58637,Standard,True
C02746,26,Chennai,140115,Basic,False
C02747,45,Bangalore,36849,Premium,True
C02748,19,Chennai,92911,Basic,True
C02749,45,Hyderabad,29165,Basic,True
C02750,67,Bangalore,128872,Basic,False
C02751,69,Hyderabad,103357,Premium,False
C02752,32,Bangalore,85404,Standard,True
C02753,59,Hyderabad,50528,Premium,False
C02754,22,Bangalore,69172,Standard,False
C02755,41,Mysore,46282,Basic,False
C02756,33,Chennai,53830,Standard,False
C02757,30,Hyderabad,100984,Basic,False
C02758,55,Bangalore,56580,Premium,True
C02759,57,Mysore,32341,Standard,True
C02760,21,Mysore,62110,Premium,True
C02761,43,Mysore,112992,Premium,False
C02762,56,Mysore,102331,Standard,False
C02763,66,Hyderabad,144807,Standard,False
C02764,58,Chennai,143129,Standard,False
C02765,47,Mysore,94387,Standard,False
C02766,53,Mysore,68290,Premium,False
C02767,46,Hyderabad,92911,Premium,False
C02768,22,Hyderabad,53746,Basic,False
C02769,67,Bangalore,112080,Basic,False
C02770,37,Mysore,118213,Standard,False
C02771,41,Chennai,50937,Premium,False
C02772,29,Chennai,149508,Basic,False
C02773,43,Hyderabad,78972,Basic,True
C02774,56,Bangalore,77469,Basic,False
C02775,22,Hyderabad,55971,Premium,False
C02776,45,Hyderabad,30995,Standard,False
C02777,22,Chennai,119191,Standard,True
C02778,47,Hyderabad,68182,Basic,True
C02779,64,Chennai,107723,Premium,False
C02780,48,Mysore,131316,Standard,True
C02781,63,Bangalore,76823,Premium,True
C02782,39,Chennai,93875,Basic,True
C02783,32,Hyderabad,146553,Premium,True
C02784,35,Hyderabad,61350,Standard,True
C02785,61,Hyderabad,67704,Premium,True
C02786,61,Mysore,106824,Standard,True
C02787,62,Mysore,84519,Standard,False
C02788,38,Hyderabad,126594,Premium,False
C02789,26,Chennai,27269,Standard,False
C02790,53,Chennai,81197,Basic,True
C02791,19,Hyderabad,46263,Basic,True
C02792,44,Chennai,88882,Premium,False
C02793,57,Hyderabad,97348,Premium,False
C02794,22,Mysore,138166,Basic,True
C02795,28,Hyderabad,50315,Premium,False
C02796,64,Mysore,65729,Basic,True
C02797,57,Hyderabad,50970,Standard,True
C02798,26,Hyderabad,128826,Standard,True
C02799,60,Bangalore,128651,Premium,False
C02800,48,Hyderabad,136011,Basic,False
C02801,63,Hyderabad,81430,Premium,True
C02802,53,Mysore,60615,Premium,True
C02803,64,Bangalore,91256,Premium,False
C02804,65,Chennai,83216,Premium,False
C02805,48,Hyderabad,72477,Premium,False
C02806,43,Chennai,132452,Premium,False
C02807,18,Chennai,128589,Standard,True
C02808,45,Chennai,129532,Standard,True
C02809,41,Hyderabad,46839,Standard,False
C02810,42,Chennai,139122,Premium,True
C02811,49,Hyderabad,77257,Premium,False
C02812,31,Hyderabad,30836,Premium,True
C02813,49,Chennai,87829,Basic,True
C02814,25,Mysore,81514,Standard,False
C02815,66,Hyderabad,107442,Standard,False
C02816,26,Bangalore,34971,Standard,False
C02817,36,Mysore,117544,Basic,True
C02818,62,Hyderabad,54792,Premium,False
C02819,33,Hyderabad,65406,Basic,True
C02820,56,Mysore,55894,Standard,False
C02821,55,Bangalore,103345,Standard,True
C02822,52,Chennai,44588,Standard,False
C02823,66,Mysore,126166,Basic,True
C02824,27,Hyderabad,92700,Standard,True
C02825,32,Chennai,74069,Standard,True
C02826,52,Chennai,145784,Standard,True
C02827,58,Bangalore,148228,Standard,True
C02828,69,Hyderabad,43437,Basic,True
C02829,67,Chennai,122977,Standard,False
C02830,69,Chennai,43935,Premium,True
C02831,56,Bangalore,112531,Standard,True
C02832,69,Bangalore,108496,Basic,False
C02833,19,Bangalore,131699,Basic,False
C02834,46,Chennai,51173,Standard,True
C02835,62,Mysore,139582,Premium,False
C02836,20,Bangalore,48806,Basic,True
C02837,53,Chennai,64114,Standard,True
C02838,57,Bangalore,49156,Standard,True
C02839,34,Hyderabad,70595,Standard,False
C02840,38,Bangalore,31786,Premium,True
C02841,52,Bangalore,34097,Standard,False
C02842,50,Chennai,62367,Standard,True
C02843,34,Hyderabad,54438,Premium,False
C02844,48,Bangalore,125253,Basic,True
C02845,35,Mysore,129653,Basic,False
C02846,54,Bangalore,49953,Basic,False
C02847,35,Mysore,67126,Standard,False
C02848,53,Hyderabad,65456,Standard,True
C02849,49,Hyderabad,64470,Premium,False
C02850,36,Hyderabad,131676,Basic,False
C02851,36,Chennai,55677,Basic,True
C02852,62,Mysore,59526,Basic,True
C02853,40,Chennai,79140,Standard,True
C02854,66,Chennai,30452,Premium,True
C02855,47,Bangalore,77773,Premium,False
C02856,41,Mysore,26766,Basic,True
C02857,31,Mysore,62391,Standard,False
C02858,27,Hyderabad,141476,Standard,False
C02859,55,Mysore,76335,Premium,False
C02860,59,Chennai,103562,Premium,True
C02861,21,Mysore,49234,Standard,False
C02862,27,Bangalore,57908,Standard,False
C02863,46,Mysore,98110,Standard,False
C02864,68,Hyderabad,36003,Premium,False
C02865,69,Hyderabad,35863,Basic,False
C02866,64,Mysore,100371,Standard,True
C02867,66,Bangalore,116262,Basic,False
C02868,68,Bangalore,147017,Standard,True
C02869,48,Mysore,119453,Basic,True
C02870,53,Hyderabad,149364,Premium,False
C02871,45,Mysore,76536,Premium,False
C02872,43,Bangalore,146232,Premium,False
C02873,39,Bangalore,34864,Basic,True
C02874,48,Bangalore,26314,Basic,True
C02875,40,Hyderabad,129866,Basic,False
C02876,43,Chennai,102820,Premium,False
C02877,24,Mysore,47806,Standard,True
C02878,34,Bangalore,130864,Premium,True
C02879,69,Bangalore,63340,Premium,False
C02880,29,Hyderabad,102596,Basic,True
C02881,39,Bangalore,44142,Standard,False
C02882,67,Chennai,37951,Standard,True
C02883,47,Chennai,25536,Standard,False
C02884,33,Bangalore,74700,Basic,False
C02885,21,Chennai,75402,Premium,False
C02886,31,Chennai,147671,Basic,False
C02887,59,Mysore,78037,Premium,True
C02888,35,Chennai,87601,Basic,False
C02889,51,Chennai,124305,Basic,True
C02890,35,Mysore,126240,Standard,False
C02891,52,Mysore,41981,Premium,True
C02892,66,Chennai,124862,Standard,True
C02893,67,Chennai,136617,Premium,False
C02894,65,Bangalore,143211,Basic,False
C02895,18,Mysore,50600,Standard,True
C02896,57,Bangalore,119692,Basic,True
C02897,56,Hyderabad,36977,Premium,False
C02898,39,Chennai,71771,Premium,False
C02899,34,Mysore,32093,Standard,False
C02900,33,Bangalore,58415,Basic,False
C02901,28,Hyderabad,149089,Basic,False
C02902,36,Chennai,85857,Basic,True
C02903,69,Hyderabad,127576,Basic,False
C02904,30,Chennai,102855,Premium,False
C02905,43,Bangalore,122672,Premium,True
C02906,18,Bangalore,109259,Premium,True
C02907,27,Chennai,140806,Standard,False
C02908,46,Chennai,58641,Premium,True
C02909,62,Mysore,77013,Basic,True
C02910,59,Hyderabad,85580,Premium,True
C02911,67,Chennai,59497,Basic,True
C02912,21,Hyderabad,30763,Basic,False
C02913,40,Bangalore,135968,Basic,True
C02914,51,Hyderabad,102336,Standard,False
C02915,57,Bangalore,102287,Basic,True
C02916,54,Hyderabad,93768,Standard,False
C02917,24,Hyderabad,146757,Standard,False
C02918,51,Hyderabad,79377,Basic,True
C02919,39,Hyderabad,127243,Basic,False
C02920,26,Hyderabad,123708,Premium,False
C02921,31,Hyderabad,148157,Standard,False
C02922,35,Hyderabad,87569,Basic,True
C02923,26,Mysore,68551,Standard,True
C02924,37,Bangalore,74289,Premium,True
C02925,35,Chennai,138363,Premium,False
C02926,68,Hyderabad,69756,Standard,True
C02927,28,Mysore,65546,Basic,False
C02928,37,Mysore,66754,Basic,True
C02929,69,Chennai,89939,Standard,False
C02930,69,Hyderabad,70318,Premium,True
C02931,34,Bangalore,140370,Basic,True
C02932,34,Chennai,61940,Standard,True
C02933,20,Mysore,135536,Premium,True
C02934,44,Bangalore,127740,Standard,False
C02935,67,Hyderabad,54120,Premium,True
C02936,37,Chennai,131562,Standard,True
C02937,35,Hyderabad,104448,Premium,False
C02938,61,Mysore,98816,Basic,True
C02939,27,Hyderabad,79283,Basic,False
C02940,61,Mysore,40343,Premium,False
C02941,26,Chennai,82595,Basic,False
C02942,20,Bangalore,114175,Basic,False
C02943,28,Hyderabad,129417,Premium,True
C02944,20,Mysore,60672,Basic,True
C02945,44,Bangalore,43906,Standard,False
C02946,54,Hyderabad,54894,Basic,True
C02947,24,Bangalore,111285,Standard,False
C02948,23,Chennai,71924,Premium,True
C02949,53,Bangalore,133317,Premium,True
C02950,18,Chennai,120514,Standard,False
C02951,34,Chennai,60288,Premium,True
C02952,60,Mysore,113396,Basic,False
C02953,49,Bangalore,92661,Standard,True
C02954,36,Hyderabad,88369,Basic,False
C02955,29,Mysore,30214,Premium,True
C02956,39,Bangalore,33006,Basic,True
C02957,64,Bangalore,145208,Standard,False
C02958,58,Mysore,59789,Standard,True
C02959,69,Chennai,93626,Standard,False
C02960,66,Bangalore,119987,Basic,True
C02961,45,Hyderabad,127057,Basic,False
C02962,42,Mysore,135286,Basic,False
C02963,64,Mysore,145645,Basic,False
C02964,53,Chennai,103380,Basic,True
C02965,55,Chennai,100780,Standard,False
C02966,21,Hyderabad,38878,Basic,True
C02967,62,Hyderabad,75524,Standard,True
C02968,63,Hyderabad,113750,Standard,False
C02969,19,Hyderabad,142803,Standard,True
C02970,46,Mysore,133524,Premium,True
C02971,64,Bangalore,146079,Standard,True
C02972,65,Bangalore,118604,Premium,True
C02973,22,Mysore,69656,Premium,True
C02974,49,Chennai,72406,Standard,True
C02975,57,Mysore,126089,Standard,True
C02976,45,Hyderabad,109663,Basic,True
C02977,53,Bangalore,52208,Standard,True
C02978,65,Bangalore,146151,Standard,True
C02979,67,Bangalore,36844,Premium,False
C02980,49,Mysore,74297,Premium,True
C02981,48,Chennai,138532,Premium,False
C02982,31,Chennai,77237,Basic,True
C02983,43,Bangalore,35149,Premium,False
C02984,20,Mysore,104515,Basic,True
C02985,61,Chennai,110789,Basic,False
C02986,22,Hyderabad,50684,Basic,False
C02987,45,Mysore,46425,Premium,True
C02988,20,Bangalore,131586,Premium,True
C02989,18,Bangalore,35016,Basic,False
C02990,54,Bangalore,129806,Basic,True
C02991,43,Bangalore,139958,Standard,True
C02992,52,Mysore,32959,Premium,True
C02993,41,Mysore,98904,Basic,True
C02994,55,Mysore,62560,Premium,False
C02995,44,Mysore,127072,Basic,True
C02996,18,Bangalore,47938,Basic,True
C02997,43,Chennai,49638,Premium,False
C02998,66,Hyderabad,118179,Standard,False
C02999,65,Mysore,79020,Standard,False
C03000,63,Mysore,34882,Basic,True
C03001,49,Bangalore,114351,Premium,False
C03002,62,Mysore,75901,Basic,False
C03003,55,Hyderabad,61117,Premium,False
C03004,32,Mysore,140356,Standard,True
C03005,30,Chennai,67259,Premium,True
C03006,25,Hyderabad,113838,Premium,True
C03007,47,Hyderabad,139133,Basic,True
C03008,68,Bangalore,82141,Standard,False
C03009,29,Chennai,125561,Basic,False
C03010,63,Mysore,73391,Basic,False
C03011,27,Mysore,131260,Standard,False
C03012,55,Hyderabad,102051,Standard,True
C03013,52,Chennai,31569,Premium,False
C03014,52,Mysore,61693,Premium,False
C03015,20,Hyderabad,67893,Premium,True
C03016,65,Mysore,63362,Basic,True
C03017,52,Hyderabad,99100,Basic,True
C03018,61,Hyderabad,56443,Basic,True
C03019,40,Hyderabad,135731,Basic,False
C03020,18,Chennai,79145,Basic,False
C03021,63,Bangalore,126354,Premium,False
C03022,63,Chennai,27207,Standard,False
C03023,31,Bangalore,131887,Premium,False
C03024,49,Bangalore,126795,Basic,True
C03025,43,Chennai,111942,Standard,True
C03026,18,Mysore,36484,Basic,True
C03027,39,Mysore,94973,Basic,True
C03028,37,Hyderabad,43439,Basic,False
C03029,44,Chennai,128035,Basic,True
C03030,43,Bangalore,45713,Standard,False
C03031,64,Chennai,145583,Premium,False
C03032,42,Bangalore,111110,Basic,False
C03033,43,Mysore,125979,Basic,False
C03034,37,Hyderabad,37832,Basic,False
C03035,29,Mysore,63295,Standard,True
C03036,67,Hyderabad,147950,Standard,False
C03037,31,Bangalore,123389,Standard,False
C03038,69,Chennai,57640,Premium,False
C03039,28,Hyderabad,30486,Premium,True
C03040,39,Bangalore,105135,Premium,False
C03041,68,Mysore,149072,Premium,True
C03042,59,Mysore,85150,Basic,True
C03043,65,Mysore,141500,Basic,True
C03044,26,Mysore,120836,Basic,True
C03045,26,Bangalore,117128,Standard,True
C03046,18,Mysore,32324,Premium,False
C03047,30,Chennai,58523,Basic,False
C03048,63,Bangalore,134392,Standard,False
C03049,22,Mysore,83623,Basic,False
C03050,40,Mysore,105163,Basic,True
C03051,48,Mysore,58353,Standard,True
C03052,67,Chennai,73746,Premium,False
C03053,22,Bangalore,144151,Premium,False
C03054,33,Hyderabad,49506,Standard,False
C03055,50,Mysore,76606,Standard,False
C03056,41,Mysore,65877,Standard,False
C03057,26,Bangalore,86222,Premium,True
C03058,38,Chennai,48915,Standard,False
C03059,60,Chennai,43601,Standard,False
C03060,57,Mysore,115337,Basic,False
C03061,60,Bangalore,64390,Premium,False
C03062,26,Hyderabad,70979,Basic,True
C03063,61,Bangalore,130334,Basic,True
C03064,29,Mysore,87485,Premium,True
C03065,65,Chennai,45150,Standard,True
C03066,33,Hyderabad,127173,Basic,False
C03067,49,Chennai,145826,Basic,True
C03068,62,Chennai,51923,Standard,False
C03069,31,Bangalore,64471,Basic,False
C03070,27,Chennai,106941,Premium,True
C03071,60,Bangalore,77048,Basic,False
C03072,60,Hyderabad,45262,Standard,True
C03073,24,Mysore,80806,Premium,False
C03074,62,Chennai,107517,Standard,True
C03075,44,Bangalore,99948,Basic,True
C03076,53,Chennai,129856,Premium,False
C03077,69,Mysore,32415,Standard,False
C03078,46,Bangalore,136929,Basic,False
C03079,42,Chennai,127828,Premium,False
C03080,60,Bangalore,128903,Premium,True
C03081,23,Bangalore,106612,Basic,True
C03082,41,Hyderabad,135979,Basic,False
C03083,35,Bangalore,49672,Premium,True
C03084,34,Chennai,140654,Basic,True
C03085,66,Mysore,78290,Premium,True
C03086,60,Chennai,47701,Standard,False
C03087,33,Mysore,148972,Basic,False
C03088,47,Hyderabad,114716,Standard,True
C03089,56,Hyderabad,132150,Basic,True
C03090,27,Bangalore,87666,Basic,True
C03091,48,Hyderabad,109882,Standard,True
C03092,24,Bangalore,75571,Standard,True
C03093,67,Hyderabad,88749,Basic,True
C03094,21,Hyderabad,75891,Premium,True
C03095,64,Hyderabad,143164,Standard,False
C03096,54,Hyderabad,58461,Standard,True
C03097,18,Hyderabad,73986,Standard,True
C03098,28,Hyderabad,73185,Basic,True
C03099,25,Chennai,90166,Standard,False
C03100,19,Chennai,38390,Basic,False
C03101,22,Mysore,33534,Basic,False
C03102,52,Hyderabad,65350,Standard,True
C03103,29,Mysore,41281,Standard,True
C03104,42,Hyderabad,109137,Premium,True
C03105,69,Bangalore,60090,Basic,True
C03106,33,Chennai,86689,Basic,False
C03107,21,Bangalore,90721,Basic,True
C03108,61,Chennai,81637,Standard,False
C03109,25,Bangalore,115666,Basic,True
C03110,42,Hyderabad,68989,Premium,True
C03111,40,Chennai,104158,Basic,False
C03112,45,Hyderabad,141249,Premium,True
C03113,23,Mysore,36358,Premium,False
C03114,42,Bangalore,68769,Basic,True
C03115,62,Mysore,102423,Basic,True
C03116,39,Bangalore,62754,Standard,False
C03117,61,Hyderabad,32515,Standard,False
C03118,26,Bangalore,27262,Premium,True
C03119,36,Mysore,143374,Basic,True
C03120,39,Chennai,131031,Premium,False
C03121,29,Hyderabad,31425,Basic,True
C03122,56,Bangalore,97717,Basic,False
C03123,43,Chennai,91590,Basic,False
C03124,51,Bangalore,98295,Basic,False
C03125,21,Chennai,64572,Basic,False
C03126,43,Hyderabad,123289,Standard,True
C03127,44,Hyderabad,114701,Basic,False
C03128,50,Bangalore,118119,Standard,False
C03129,30,Chennai,104800,Basic,False
C03130,26,Mysore,126721,Premium,True
C03131,42,Mysore,64691,Standard,True
C03132,69,Hyderabad,100541,Basic,True
C03133,20,Bangalore,148471,Premium,True
C03134,30,Mysore,149257,Premium,True
C03135,67,Hyderabad,110050,Standard,True
C03136,21,Mysore,135506,Basic,False
C03137,22,Mysore,138108,Basic,False
C03138,64,Hyderabad,107752,Premium,True
C03139,52,Hyderabad,102780,Premium,False
C03140,30,Mysore,99803,Premium,False
C03141,68,Bangalore,80301,Standard,False
C03142,27,Mysore,39863,Standard,True
C03143,45,Hyderabad,85743,Premium,False
C03144,24,Mysore,111299,Basic,True
C03145,34,Bangalore,25707,Premium,True
C03146,22,Hyderabad,121519,Premium,False
C03147,21,Chennai,140306,Basic,True
C03148,68,Bangalore,88381,Premium,False
C03149,60,Chennai,107071,Standard,True
C03150,50,Bangalore,137113,Premium,True
C03151,63,Chennai,58503,Standard,True
C03152,62,Bangalore,60773,Standard,True
C03153,36,Chennai,38216,Premium,False
C03154,22,Chennai,53898,Premium,False
C03155,67,Hyderabad,104123,Standard,True
C03156,31,Mysore,102017,Standard,False
C03157,22,Bangalore,102986,Standard,False
C03158,31,Mysore,52056,Basic,True
C03159,37,Chennai,47994,Premium,False
C03160,56,Chennai,112872,Premium,True
C03161,60,Hyderabad,106408,Premium,False
C03162,24,Mysore,109991,Basic,False
C03163,43,Chennai,77141,Standard,False
C03164,32,Mysore,72023,Premium,True
C03165,53,Hyderabad,42534,Premium,True
C03166,64,Bangalore,53284,Premium,False
C03167,35,Bangalore,54165,Standard,False
C03168,51,Chennai,39031,Standard,False
C03169,29,Hyderabad,120518,Basic,False
C03170,53,Mysore,88437,Standard,True
C03171,61,Hyderabad,102891,Premium,True
C03172,62,Mysore,61717,Basic,True
C03173,62,Mysore,61288,Basic,False
C03174,20,Mysore,115184,Standard,False
C03175,40,Hyderabad,52434,Standard,True
C03176,24,Chennai,149400,Standard,True
C03177,30,Bangalore,144549,Premium,True
C03178,56,Hyderabad,124689,Premium,False
C03179,68,Mysore,43936,Standard,True
C03180,30,Chennai,135627,Standard,False
C03181,64,Hyderabad,58463,Premium,False
C03182,40,Mysore,90158,Standard,False
C03183,42,Mysore,101443,Standard,False
C03184,25,Hyderabad,103452,Standard,False
C03185,69,Hyderabad,79972,Premium,False
C03186,24,Hyderabad,61983,Basic,True
C03187,40,Hyderabad,126746,Premium,True
C03188,42,Hyderabad,113293,Standard,True
C03189,32,Chennai,115984,Standard,True
C03190,58,Chennai,126538,Standard,False
C03191,49,Bangalore,67708,Premium,True
C03192,39,Mysore,142945,Standard,False
C03193,52,Chennai,108294,Standard,False
C03194,39,Mysore,108194,Standard,False
C03195,41,Mysore,112172,Basic,True
C03196,27,Chennai,80089,Premium,False
C03197,52,Bangalore,125320,Basic,True
C03198,63,Chennai,27955,Premium,True
C03199,64,Hyderabad,114807,Premium,True
C03200,62,Hyderabad,84019,Premium,False
C03201,23,Mysore,88885,Basic,False
C03202,27,Hyderabad,57604,Basic,False
C03203,62,Mysore,124406,Basic,False
C03204,69,Chennai,59241,Basic,True
C03205,42,Mysore,62902,Premium,True
C03206,59,Hyderabad,40324,Basic,False
C03207,48,Mysore,77540,Standard,True
C03208,66,Hyderabad,40108,Premium,True
C03209,57,Mysore,134975,Premium,True
C03210,18,Bangalore,32510,Premium,True
C03211,66,Mysore,79082,Basic,False
C03212,32,Hyderabad,43454,Premium,False
C03213,43,Hyderabad,82415,Standard,False
C03214,65,Hyderabad,49638,Basic,False
C03215,47,Hyderabad,136533,Standard,False
C03216,50,Mysore,35799,Premium,True
C03217,53,Mysore,138695,Basic,False
C03218,58,Chennai,100753,Basic,True
C03219,22,Chennai,106793,Premium,False
C03220,37,Bangalore,89175,Standard,False
C03221,52,Chennai,132450,Premium,True
C03222,23,Hyderabad,48868,Premium,False
C03223,56,Hyderabad,134796,Standard,False
C03224,36,Bangalore,79387,Standard,False
C03225,19,Chennai,41400,Premium,True
C03226,19,Mysore,136896,Premium,True
C03227,54,Bangalore,118005,Premium,True
C03228,23,Hyderabad,133996,Standard,True
C03229,27,Hyderabad,124225,Basic,False
C03230,63,Hyderabad,64039,Basic,True
C03231,58,Hyderabad,54025,Standard,False
C03232,59,Hyderabad,103952,Premium,False
C03233,51,Hyderabad,73453,Basic,True
C03234,57,Mysore,69860,Premium,False
C03235,23,Bangalore,107770,Basic,False
C03236,40,Hyderabad,74546,Standard,False
C03237,65,Mysore,32822,Basic,True
C03238,48,Chennai,61259,Basic,False
C03239,62,Mysore,48281,Premium,False
C03240,52,Mysore,141955,Standard,True
C03241,39,Hyderabad,114621,Standard,True
C03242,44,Chennai,145358,Standard,False
C03243,27,Bangalore,148911,Standard,False
C03244,37,Hyderabad,63532,Basic,True
C03245,34,Mysore,73850,Basic,True
C03246,45,Mysore,123189,Premium,False
C03247,67,Hyderabad,108759,Basic,False
C03248,39,Hyderabad,84811,Standard,False
C03249,60,Mysore,100215,Basic,True
C03250,34,Mysore,129431,Standard,False
C03251,38,Bangalore,138435,Standard,True
C03252,18,Mysore,121307,Basic,True
C03253,21,Hyderabad,101637,Basic,True
C03254,24,Mysore,69896,Premium,True
C03255,37,Mysore,78661,Standard,True
C03256,68,Chennai,81731,Standard,True
C03257,50,Chennai,125174,Premium,False
C03258,37,Hyderabad,27758,Standard,False
C03259,57,Hyderabad,49404,Standard,False
C03260,55,Bangalore,83516,Standard,True
C03261,44,Bangalore,102736,Standard,True
C03262,69,Hyderabad,143189,Basic,True
C03263,39,Bangalore,148856,Basic,False
C03264,42,Mysore,76075,Premium,True
C03265,35,Mysore,129841,Basic,False
C03266,38,Hyderabad,53968,Premium,True
C03267,45,Bangalore,111130,Basic,True
C03268,55,Mysore,100696,Premium,True
C03269,40,Chennai,79135,Standard,True
C03270,23,Chennai,131803,Basic,True
C03271,56,Bangalore,66906,Standard,True
C03272,21,Hyderabad,90157,Premium,True
C03273,46,Bangalore,68780,Premium,False
C03274,24,Mysore,101814,Premium,False
C03275,31,Hyderabad,135683,Basic,False
C03276,47,Hyderabad,87718,Premium,False
C03277,19,Chennai,78447,Basic,True
C03278,30,Mysore,82852,Standard,True
C03279,20,Hyderabad,32238,Basic,True
C03280,51,Bangalore,95776,Standard,False
C03281,43,Hyderabad,120802,Standard,False
C03282,63,Mysore,131410,Standard,False
C03283,57,Bangalore,54931,Standard,False
C03284,68,Bangalore,27684,Standard,False
C03285,23,Bangalore,56373,Basic,True
C03286,48,Chennai,143260,Premium,False
C03287,58,Hyderabad,88434,Standard,True
C03288,33,Hyderabad,127657,Standard,False
C03289,43,Hyderabad,88296,Premium,True
C03290,42,Chennai,94179,Premium,True
C03291,51,Mysore,133197,Basic,False
C03292,50,Chennai,88502,Premium,True
C03293,27,Hyderabad,57798,Basic,True
C03294,62,Chennai,83272,Basic,True
C03295,67,Hyderabad,136560,Premium,False
C03296,55,Chennai,61060,Basic,True
C03297,21,Chennai,120546,Standard,False
C03298,55,Bangalore,100784,Premium,True
C03299,27,Bangalore,89592,Basic,False
C03300,18,Mysore,95736,Basic,True
C03301,45,Chennai,56949,Basic,True
C03302,21,Hyderabad,97733,Standard,False
C03303,50,Mysore,75387,Standard,False
C03304,47,Hyderabad,79795,Standard,True
C03305,34,Mysore,67260,Standard,True
C03306,56,Hyderabad,48892,Basic,False
C03307,28,Hyderabad,98315,Premium,False
C03308,32,Mysore,43269,Basic,True
C03309,67,Chennai,149883,Standard,True
C03310,32,Hyderabad,79233,Premium,True
C03311,29,Bangalore,119167,Basic,True
C03312,57,Bangalore,101827,Standard,True
C03313,63,Bangalore,36225,Standard,False
C03314,55,Mysore,28378,Premium,True
C03315,22,Chennai,35045,Standard,False
C03316,24,Bangalore,141693,Premium,True
C03317,44,Mysore,117463,Premium,False
C03318,26,Hyderabad,54263,Standard,False
C03319,28,Chennai,100585,Premium,False
C03320,33,Chennai,92116,Standard,True
C03321,24,Bangalore,121153,Basic,False
C03322,30,Bangalore,108033,Premium,True
C03323,38,Bangalore,98546,Standard,True
C03324,37,Mysore,54780,Premium,False
C03325,20,Mysore,126607,Basic,True
C03326,58,Hyderabad,132481,Standard,True
C03327,45,Chennai,58023,Premium,True
C03328,43,Chennai,94622,Basic,True
C03329,49,Mysore,31060,Premium,False
C03330,19,Hyderabad,144787,Basic,False
C03331,45,Chennai,93579,Basic,False
C03332,33,Bangalore,34138,Premium,False
C03333,51,Hyderabad,71407,Basic,False
C03334,38,Bangalore,131920,Premium,False
C03335,68,Chennai,112004,Basic,False
C03336,29,Hyderabad,30011,Premium,True
C03337,48,Mysore,28944,Basic,False
C03338,32,Hyderabad,125583,Premium,True
C03339,59,Bangalore,78769,Basic,True
C03340,51,Chennai,118264,Standard,False
C03341,42,Bangalore,27533,Basic,False
C03342,44,Chennai,91379,Premium,True
C03343,47,Chennai,32113,Premium,False
C03344,30,Hyderabad,34759,Premium,True
C03345,59,Hyderabad,52309,Standard,True
C03346,44,Hyderabad,30503,Basic,True
C03347,43,Hyderabad,120190,Basic,True
C03348,27,Mysore,145607,Standard,True
C03349,30,Bangalore,105207,Premium,True
C03350,33,Hyderabad,110757,Premium,True
C03351,55,Mysore,125593,Standard,False
C03352,67,Hyderabad,114916,Premium,True
C03353,27,Hyderabad,51942,Basic,False
C03354,21,Mysore,109760,Premium,True
C03355,42,Hyderabad,120467,Basic,False
C03356,63,Bangalore,75789,Premium,True
C03357,61,Hyderabad,101282,Standard,True
C03358,33,Bangalore,32355,Standard,True
C03359,55,Mysore,114104,Premium,True
C03360,25,Bangalore,48076,Basic,False
C03361,46,Hyderabad,117801,Standard,True
C03362,60,Bangalore,131897,Standard,False
C03363,36,Chennai,39701,Basic,True
C03364,44,Mysore,125155,Premium,False
C03365,31,Chennai,133683,Basic,False
C03366,50,Bangalore,104165,Basic,True
C03367,30,Hyderabad,145673,Basic,True
C03368,21,Hyderabad,26360,Premium,False
C03369,43,Mysore,149870,Premium,True
C03370,18,Bangalore,146522,Basic,False
C03371,58,Mysore,70165,Basic,False
C03372,27,Chennai,65197,Standard,True
C03373,54,Hyderabad,87404,Premium,True
C03374,18,Chennai,133039,Basic,True
C03375,64,Bangalore,112004,Standard,True
C03376,32,Chennai,88722,Standard,True
C03377,53,Mysore,60519,Premium,True
C03378,40,Hyderabad,55981,Basic,False
C03379,69,Hyderabad,118632,Standard,True
C03380,47,Hyderabad,81353,Premium,False
C03381,31,Hyderabad,27155,Premium,False
C03382,33,Chennai,35393,Standard,True
C03383,60,Chennai,112948,Premium,False
C03384,48,Mysore,66126,Premium,False
C03385,56,Chennai,42310,Basic,False
C03386,26,Chennai,83885,Basic,False
C03387,23,Chennai,130322,Premium,True
C03388,68,Bangalore,145162,Basic,False
C03389,52,Mysore,116365,Premium,True
C03390,69,Hyderabad,64089,Premium,True
C03391,50,Bangalore,100766,Basic,True
C03392,38,Bangalore,112625,Standard,False
C03393,41,Mysore,135192,Premium,False
C03394,27,Hyderabad,70273,Standard,True
C03395,33,Chennai,61207,Standard,False
C03396,33,Hyderabad,142869,Premium,False
C03397,34,Chennai,30139,Premium,True
C03398,23,Bangalore,53415,Premium,True
C03399,56,Mysore,121800,Standard,True
C03400,38,Bangalore,64393,Standard,False
C03401,22,Chennai,137968,Premium,True
C03402,51,Bangalore,42581,Premium,False
C03403,54,Mysore,64370,Standard,False
C03404,52,Mysore,30543,Premium,False
C03405,56,Chennai,149024,Basic,True
C03406,34,Mysore,110018,Premium,False
C03407,42,Bangalore,125360,Premium,True
C03408,19,Hyderabad,76756,Standard,False
C03409,24,Chennai,96550,Standard,True
C03410,20,Bangalore,80040,Standard,False
C03411,59,Chennai,126817,Basic,True
C03412,18,Chennai,96229,Basic,True
C03413,20,Mysore,147663,Premium,False
C03414,48,Mysore,40597,Basic,False
C03415,27,Chennai,132804,Standard,True
C03416,22,Hyderabad,60858,Standard,True
C03417,63,Mysore,93441,Basic,False
C03418,69,Chennai,132033,Basic,True
C03419,52,Mysore,117256,Basic,True
C03420,39,Mysore,51828,Basic,True
C03421,54,Mysore,134550,Premium,True
C03422,50,Mysore,112246,Standard,False
C03423,42,Hyderabad,54143,Premium,True
C03424,55,Bangalore,65092,Premium,False
C03425,55,Mysore,47279,Basic,True
C03426,30,Bangalore,122054,Standard,True
C03427,27,Chennai,75890,Standard,True
C03428,44,Chennai,141307,Standard,True
C03429,40,Hyderabad,58584,Standard,True
C03430,26,Mysore,35564,Basic,True
C03431,51,Hyderabad,148330,Premium,True
C03432,32,Chennai,146938,Standard,False
C03433,55,Chennai,28468,Premium,False
C03434,24,Mysore,82112,Premium,False
C03435,26,Mysore,143848,Basic,False
C03436,34,Chennai,106137,Standard,False
C03437,20,Mysore,30095,Basic,True
C03438,20,Chennai,43050,Premium,True
C03439,22,Hyderabad,141945,Standard,True
C03440,49,Mysore,111392,Basic,False
C03441,69,Hyderabad,91385,Premium,True
C03442,63,Hyderabad,63833,Premium,True
C03443,22,Bangalore,133544,Standard,True
C03444,35,Bangalore,35028,Standard,False
C03445,33,Bangalore,111570,Standard,False
C03446,21,Hyderabad,148449,Standard,False
C03447,39,Chennai,93342,Standard,True
C03448,53,Bangalore,141143,Premium,False
C03449,53,Chennai,111282,Premium,True
C03450,18,Chennai,103620,Standard,False
C03451,19,Mysore,100488,Basic,True
C03452,19,Chennai,94663,Premium,False
C03453,64,Bangalore,85735,Standard,False
C03454,45,Bangalore,56449,Premium,False
C03455,55,Chennai,58316,Standard,False
C03456,47,Bangalore,85278,Premium,False
C03457,38,Chennai,135494,Basic,True
C03458,51,Hyderabad,113294,Standard,True
C03459,61,Hyderabad,110801,Standard,True
C03460,51,Bangalore,144473,Standard,False
C03461,66,Hyderabad,59390,Premium,False
C03462,35,Hyderabad,59725,Basic,False
C03463,32,Mysore,129472,Standard,True
C03464,19,Mysore,25801,Basic,False
C03465,48,Chennai,55214,Basic,True
C03466,69,Bangalore,28206,Basic,False
C03467,20,Hyderabad,101611,Premium,True
C03468,19,Mysore,72326,Basic,False
C03469,55,Bangalore,81811,Premium,False
C03470,34,Hyderabad,33875,Premium,True
C03471,24,Chennai,116499,Premium,False
C03472,64,Bangalore,142757,Basic,True
C03473,38,Bangalore,70956,Premium,True
C03474,30,Bangalore,90765,Premium,False
C03475,57,Mysore,27153,Premium,False
C03476,27,Bangalore,35475,Standard,False
C03477,56,Mysore,49088,Standard,False
C03478,39,Chennai,56097,Basic,False
C03479,44,Mysore,76997,Basic,True
C03480,19,Mysore,33188,Premium,True
C03481,66,Chennai,100408,Premium,True
C03482,54,Hyderabad,75639,Premium,True
C03483,47,Hyderabad,106307,Premium,False
C03484,20,Mysore,74416,Premium,True
C03485,67,Bangalore,43454,Basic,False
C03486,20,Hyderabad,84195,Standard,True
C03487,61,Hyderabad,131648,Basic,False
C03488,62,Hyderabad,81185,Standard,False
C03489,50,Bangalore,49138,Premium,False
C03490,27,Chennai,125597,Basic,True
C03491,52,Mysore,36071,Basic,False
C03492,46,Bangalore,35275,Premium,False
C03493,54,Bangalore,88591,Premium,False
C03494,69,Chennai,129741,Premium,True
C03495,39,Hyderabad,109077,Standard,False
C03496,39,Hyderabad,130987,Basic,False
C03497,28,Mysore,28665,Basic,False
C03498,62,Mysore,139158,Premium,False
C03499,61,Mysore,149220,Premium,False
C03500,60,Hyderabad,147643,Basic,True
C03501,19,Hyderabad,128801,Basic,True
C03502,47,Hyderabad,85604,Premium,False
C03503,36,Hyderabad,121286,Standard,False
C03504,45,Chennai,29543,Standard,False
C03505,31,Bangalore,68950,Basic,False
C03506,58,Chennai,81769,Basic,False
C03507,36,Hyderabad,28628,Basic,True
C03508,38,Chennai,133637,Basic,False
C03509,47,Mysore,96217,Premium,False
C03510,19,Mysore,146152,Premium,False
C03511,48,Mysore,32863,Premium,True
C03512,18,Hyderabad,65368,Standard,False
C03513,50,Mysore,63900,Standard,False
C03514,35,Chennai,123280,Premium,True
C03515,47,Bangalore,54368,Standard,True
C03516,37,Bangalore,120288,Premium,True
C03517,28,Chennai,99415,Standard,True
C03518,39,Bangalore,136674,Basic,True
C03519,69,Chennai,81868,Standard,True
C03520,65,Chennai,73311,Standard,True
C03521,57,Chennai,74748,Basic,False
C03522,32,Chennai,36080,Standard,False
C03523,33,Mysore,128837,Standard,True
C03524,23,Hyderabad,29139,Standard,False
C03525,21,Mysore,142328,Premium,True
C03526,32,Mysore,112769,Standard,True
C03527,32,Hyderabad,112001,Basic,True
C03528,61,Chennai,138702,Standard,False
C03529,41,Mysore,70733,Premium,True
C03530,59,Hyderabad,68780,Basic,False
C03531,51,Chennai,126605,Premium,False
C03532,32,Mysore,102412,Premium,False
C03533,31,Chennai,77102,Standard,False
C03534,30,Mysore,34557,Basic,False
C03535,33,Chennai,88136,Premium,False
C03536,29,Chennai,71706,Standard,False
C03537,24,Chennai,110584,Premium,True
C03538,69,Mysore,136924,Premium,False
C03539,69,Hyderabad,108283,Basic,True
C03540,33,Chennai,76622,Basic,False
C03541,45,Hyderabad,69236,Premium,False
C03542,46,Mysore,137552,Premium,True
C03543,38,Bangalore,42013,Premium,True
C03544,44,Mysore,101498,Basic,True
C03545,19,Chennai,60320,Basic,False
C03546,52,Hyderabad,52159,Basic,True
C03547,19,Mysore,141514,Standard,False
C03548,46,Mysore,35329,Basic,False
C03549,68,Hyderabad,131185,Basic,True
C03550,67,Chennai,84078,Standard,True
C03551,21,Bangalore,109899,Standard,True
C03552,23,Chennai,83095,Premium,True
C03553,48,Bangalore,69318,Basic,True
C03554,26,Hyderabad,53774,Standard,True
C03555,31,Hyderabad,69174,Standard,False
C03556,24,Bangalore,68964,Basic,True
C03557,47,Mysore,46931,Premium,True
C03558,25,Hyderabad,100108,Basic,True
C03559,51,Bangalore,127565,Standard,True
C03560,19,Mysore,67964,Standard,False
C03561,56,Chennai,50743,Premium,True
C03562,64,Hyderabad,109828,Basic,False
C03563,39,Bangalore,84192,Standard,True
C03564,37,Mysore,102218,Basic,True
C03565,26,Chennai,136086,Standard,False
C03566,54,Hyderabad,93134,Basic,True
C03567,34,Hyderabad,125560,Premium,True
C03568,28,Chennai,129584,Premium,False
C03569,41,Chennai,132313,Basic,True
C03570,34,Hyderabad,79323,Standard,True
C03571,47,Mysore,109326,Premium,False
C03572,22,Chennai,140787,Basic,False
C03573,38,Mysore,122525,Standard,True
C03574,18,Mysore,105958,Standard,True
C03575,62,Mysore,41265,Premium,False
C03576,39,Mysore,50073,Basic,True
C03577,35,Mysore,27134,Premium,False
C03578,23,Mysore,141457,Premium,True
C03579,33,Mysore,54124,Basic,True
C03580,50,Chennai,68105,Basic,True
C03581,51,Hyderabad,35947,Basic,False
C03582,54,Chennai,149922,Standard,False
C03583,57,Mysore,52409,Premium,True
C03584,30,Bangalore,32435,Standard,False
C03585,37,Chennai,69909,Basic,True
C03586,54,Bangalore,148292,Basic,True
C03587,32,Chennai,55405,Basic,True
C03588,59,Mysore,112384,Basic,False
C03589,61,Mysore,96498,Premium,True
C03590,25,Chennai,91542,Premium,True
C03591,24,Bangalore,80309,Basic,False
C03592,64,Bangalore,144666,Standard,False
C03593,33,Mysore,114908,Standard,False
C03594,28,Hyderabad,57254,Premium,False
C03595,21,Mysore,67625,Basic,True
C03596,52,Hyderabad,118691,Basic,False
C03597,41,Hyderabad,30969,Basic,False
C03598,37,Mysore,35582,Basic,False
C03599,35,Hyderabad,103092,Premium,False
C03600,40,Hyderabad,88948,Premium,False
C03601,43,Mysore,118692,Basic,True
C03602,42,Chennai,27478,Basic,True
C03603,50,Mysore,78996,Basic,True
C03604,56,Chennai,63636,Basic,True
C03605,68,Mysore,117771,Premium,True
C03606,55,Hyderabad,86043,Premium,True
C03607,58,Mysore,56950,Standard,False
C03608,24,Mysore,73304,Basic,True
C03609,23,Hyderabad,81166,Standard,False
C03610,65,Bangalore,54860,Basic,True
C03611,37,Mysore,46811,Basic,True
C03612,34,Hyderabad,28860,Premium,True
C03613,43,Mysore,85099,Basic,True
C03614,34,Hyderabad,127627,Basic,True
C03615,24,Mysore,30089,Basic,False
C03616,58,Mysore,100977,Standard,True
C03617,27,Hyderabad,34923,Premium,False
C03618,34,Chennai,131709,Standard,True
C03619,54,Bangalore,94068,Premium,False
C03620,54,Chennai,124266,Premium,True
C03621,53,Chennai,34707,Premium,False
C03622,19,Hyderabad,85324,Standard,True
C03623,66,Hyderabad,59782,Standard,False
C03624,21,Chennai,61622,Premium,False
C03625,25,Chennai,74065,Standard,False
C03626,42,Hyderabad,59946,Standard,False
C03627,64,Chennai,46655,Premium,True
C03628,33,Hyderabad,36331,Basic,True
C03629,58,Mysore,115255,Basic,False
C03630,22,Mysore,83300,Premium,True
C03631,20,Hyderabad,60615,Premium,True
C03632,31,Hyderabad,37736,Basic,True
C03633,47,Hyderabad,104733,Premium,True
C03634,31,Hyderabad,26180,Premium,True
C03635,39,Mysore,78638,Standard,True
C03636,43,Chennai,47661,Premium,False
C03637,44,Hyderabad,56830,Basic,True
C03638,24,Chennai,107680,Premium,True
C03639,63,Chennai,142411,Basic,True
C03640,69,Chennai,120190,Premium,True
C03641,33,Hyderabad,36465,Standard,True
C03642,64,Hyderabad,143042,Basic,True
C03643,35,Chennai,78094,Basic,True
C03644,64,Hyderabad,68232,Basic,False
C03645,25,Bangalore,33915,Basic,True
C03646,66,Hyderabad,145391,Premium,False
C03647,23,Bangalore,137404,Basic,True
C03648,23,Hyderabad,85252,Basic,True
C03649,51,Bangalore,54654,Standard,True
C03650,62,Chennai,59882,Basic,False
C03651,29,Chennai,117281,Standard,True
C03652,26,Bangalore,45528,Premium,True
C03653,18,Chennai,103940,Premium,False
C03654,23,Chennai,99087,Standard,True
C03655,32,Mysore,30686,Standard,False
C03656,19,Mysore,115052,Standard,True
C03657,28,Mysore,25590,Standard,False
C03658,27,Hyderabad,129235,Standard,True
C03659,27,Bangalore,92461,Basic,False
C03660,50,Bangalore,132627,Standard,False
C03661,36,Mysore,58207,Premium,False
C03662,56,Mysore,120691,Basic,False
C03663,25,Chennai,48049,Premium,True
C03664,35,Mysore,63979,Standard,True
C03665,34,Mysore,113564,Premium,False
C03666,38,Mysore,88414,Standard,False
C03667,61,Hyderabad,84936,Basic,True
C03668,45,Mysore,69806,Standard,False
C03669,67,Chennai,90795,Basic,False
C03670,50,Bangalore,40102,Basic,True
C03671,32,Chennai,90899,Standard,True
C03672,35,Bangalore,32361,Basic,True
C03673,18,Chennai,121967,Premium,True
C03674,31,Hyderabad,49827,Premium,True
C03675,62,Hyderabad,126482,Basic,True
C03676,66,Hyderabad,64683,Basic,True
C03677,28,Hyderabad,146650,Basic,False
C03678,21,Chennai,40144,Standard,True
C03679,42,Hyderabad,114828,Standard,True
C03680,60,Bangalore,47244,Premium,True
C03681,20,Mysore,74545,Basic,False
C03682,68,Chennai,116876,Standard,True
C03683,49,Hyderabad,47285,Premium,False
C03684,52,Mysore,117942,Basic,False
C03685,46,Chennai,53475,Basic,False
C03686,69,Chennai,134495,Premium,False
C03687,25,Chennai,44256,Premium,True
C03688,34,Mysore,37498,Premium,True
C03689,48,Mysore,135859,Standard,True
C03690,64,Hyderabad,122073,Standard,True
C03691,39,Bangalore,99769,Basic,False
C03692,60,Hyderabad,129129,Basic,False
C03693,48,Chennai,67675,Standard,False
C03694,58,Hyderabad,72735,Premium,True
C03695,53,Bangalore,50177,Standard,True
C03696,51,Hyderabad,97260,Premium,False
C03697,40,Chennai,136528,Basic,True
C03698,52,Hyderabad,58290,Premium,False
C03699,42,Chennai,125380,Standard,False
C03700,68,Bangalore,97367,Standard,False
C03701,28,Bangalore,112127,Premium,True
C03702,63,Chennai,129648,Premium,False
C03703,31,Bangalore,129884,Basic,False
C03704,67,Chennai,138112,Basic,False
C03705,34,Bangalore,94510,Basic,False
C03706,30,Bangalore,81793,Standard,True
C03707,45,Chennai,75661,Basic,True
C03708,44,Hyderabad,52627,Premium,True
C03709,37,Mysore,92302,Standard,False
C03710,24,Hyderabad,46702,Standard,False
C03711,41,Hyderabad,77916,Basic,False
C03712,46,Hyderabad,104893,Basic,True
C03713,54,Mysore,67621,Basic,True
C03714,24,Bangalore,82548,Standard,True
C03715,63,Mysore,134694,Premium,True
C03716,42,Hyderabad,27026,Standard,False
C03717,26,Hyderabad,98544,Premium,True
C03718,33,Mysore,148463,Premium,False
C03719,40,Mysore,64530,Basic,False
C03720,22,Chennai,26206,Premium,False
C03721,31,Hyderabad,122037,Premium,True
C03722,43,Bangalore,100307,Premium,False
C03723,44,Chennai,123385,Basic,True
C03724,44,Chennai,65078,Basic,False
C03725,34,Hyderabad,133227,Standard,False
C03726,63,Bangalore,100092,Standard,False
C03727,38,Mysore,145529,Standard,False
C03728,48,Bangalore,44581,Premium,True
C03729,20,Bangalore,130232,Premium,False
C03730,20,Hyderabad,29497,Basic,True
C03731,34,Mysore,83309,Basic,True
C03732,45,Chennai,143825,Premium,True
C03733,42,Mysore,106919,Standard,True
C03734,63,Bangalore,140700,Standard,False
C03735,20,Bangalore,35405,Standard,False
C03736,18,Chennai,69775,Basic,True
C03737,63,Bangalore,114431,Premium,True
C03738,40,Chennai,105444,Premium,True
C03739,51,Chennai,114124,Basic,True
C03740,33,Hyderabad,95893,Basic,False
C03741,51,Bangalore,149647,Premium,True
C03742,38,Bangalore,116382,Basic,False
C03743,66,Bangalore,107748,Premium,False
C03744,43,Hyderabad,66155,Basic,True
C03745,65,Mysore,139683,Basic,False
C03746,51,Chennai,42384,Standard,False
C03747,61,Chennai,82678,Standard,True
C03748,54,Chennai,89075,Premium,True
C03749,19,Mysore,35188,Standard,False
C03750,34,Bangalore,48392,Premium,False
C03751,60,Mysore,31291,Standard,True
C03752,25,Mysore,47477,Basic,False
C03753,58,Chennai,40928,Standard,True
C03754,24,Hyderabad,128148,Premium,True
C03755,45,Hyderabad,115689,Standard,True
C03756,56,Chennai,146878,Basic,True
C03757,34,Bangalore,101763,Standard,True
C03758,62,Hyderabad,134384,Basic,True
C03759,55,Mysore,77907,Basic,True
C03760,38,Hyderabad,90171,Standard,False
C03761,63,Hyderabad,33933,Premium,True
C03762,67,Hyderabad,109104,Standard,True
C03763,32,Bangalore,106470,Premium,True
C03764,33,Hyderabad,76693,Standard,False
C03765,69,Hyderabad,64894,Basic,True
C03766,67,Hyderabad,74799,Standard,True
C03767,20,Hyderabad,52596,Basic,False
C03768,52,Bangalore,52209,Premium,False
C03769,26,Hyderabad,47374,Standard,False
C03770,61,Mysore,147172,Basic,True
C03771,57,Bangalore,74875,Basic,True
C03772,20,Bangalore,76749,Standard,True
C03773,34,Chennai,41835,Basic,False
C03774,69,Chennai,57785,Premium,True
C03775,64,Mysore,66015,Premium,True
C03776,28,Mysore,125815,Standard,True
C03777,23,Bangalore,64659,Basic,False
C03778,46,Chennai,54874,Premium,True
C03779,55,Mysore,25843,Basic,False
C03780,68,Hyderabad,146991,Premium,True
C03781,45,Bangalore,35159,Basic,True
C03782,58,Chennai,101718,Premium,True
C03783,22,Chennai,30086,Basic,False
C03784,27,Bangalore,131039,Premium,True
C03785,31,Chennai,111147,Premium,False
C03786,22,Hyderabad,97196,Premium,False
C03787,65,Mysore,44702,Standard,True
C03788,57,Hyderabad,133372,Standard,False
C03789,45,Bangalore,144381,Premium,True
C03790,49,Mysore,73112,Basic,False
C03791,46,Chennai,124137,Premium,False
C03792,69,Hyderabad,42086,Premium,False
C03793,52,Bangalore,69323,Premium,False
C03794,60,Chennai,52846,Standard,False
C03795,50,Hyderabad,142342,Standard,True
C03796,20,Chennai,131062,Basic,True
C03797,21,Hyderabad,98205,Premium,False
C03798,58,Chennai,124366,Premium,False
C03799,65,Chennai,116856,Standard,False
C03800,62,Mysore,84674,Basic,False
C03801,25,Bangalore,72697,Premium,True
C03802,63,Mysore,40468,Basic,True
C03803,20,Hyderabad,92342,Premium,True
C03804,52,Mysore,101470,Basic,False
C03805,53,Chennai,115098,Standard,True
C03806,24,Chennai,77684,Premium,True
C03807,28,Bangalore,68603,Standard,False
C03808,45,Bangalore,148962,Basic,False
C03809,54,Bangalore,43020,Basic,False
C03810,50,Chennai,126776,Basic,False
C03811,52,Chennai,127802,Standard,False
C03812,68,Hyderabad,149964,Standard,False
C03813,62,Hyderabad,66653,Standard,True
C03814,46,Mysore,49124,Basic,True
C03815,32,Mysore,120913,Basic,True
C03816,29,Bangalore,85907,Premium,False
C03817,23,Mysore,56379,Premium,False
C03818,25,Chennai,48677,Standard,False
C03819,39,Chennai,127416,Premium,False
C03820,44,Chennai,103654,Basic,True
C03821,18,Hyderabad,26304,Premium,True
C03822,43,Chennai,82852,Standard,False
C03823,32,Hyderabad,38331,Basic,True
C03824,64,Chennai,115415,Premium,True
C03825,48,Mysore,141956,Premium,True
C03826,58,Bangalore,95189,Premium,False
C03827,48,Bangalore,126272,Premium,True
C03828,43,Mysore,107118,Premium,True
C03829,44,Mysore,81890,Basic,False
C03830,21,Mysore,71923,Premium,False
C03831,55,Bangalore,57440,Standard,False
C03832,53,Chennai,138884,Standard,False
C03833,24,Chennai,139087,Premium,True
C03834,52,Hyderabad,107954,Basic,False
C03835,69,Bangalore,50583,Basic,True
C03836,55,Bangalore,79143,Basic,False
C03837,36,Mysore,133403,Standard,True
C03838,46,Mysore,37006,Premium,True
C03839,40,Chennai,149433,Standard,True
C03840,58,Bangalore,27100,Premium,True
C03841,50,Hyderabad,51339,Basic,False
C03842,40,Bangalore,94891,Premium,False
C03843,62,Hyderabad,29059,Standard,False
C03844,58,Hyderabad,102663,Basic,True
C03845,64,Bangalore,126536,Premium,True
C03846,66,Bangalore,120252,Basic,False
C03847,67,Hyderabad,35758,Basic,True
C03848,32,Mysore,102056,Standard,True
C03849,67,Hyderabad,113876,Premium,False
C03850,30,Bangalore,137631,Basic,True
C03851,60,Chennai,140801,Premium,True
C03852,56,Hyderabad,53322,Premium,False
C03853,49,Mysore,92968,Standard,True
C03854,60,Mysore,77990,Premium,False
C03855,34,Chennai,136915,Premium,False
C03856,55,Mysore,62506,Premium,False
C03857,31,Chennai,41494,Premium,True
C03858,47,Hyderabad,56651,Standard,True
C03859,26,Mysore,131364,Premium,True
C03860,27,Bangalore,114732,Premium,False
C03861,58,Chennai,62364,Standard,True
C03862,33,Hyderabad,84407,Standard,False
C03863,42,Bangalore,25626,Standard,True
C03864,41,Hyderabad,131936,Standard,False
C03865,20,Chennai,149263,Premium,False
C03866,62,Mysore,75629,Basic,True
C03867,33,Chennai,28627,Premium,False
C03868,22,Mysore,76638,Premium,False
C03869,48,Chennai,95652,Standard,False
C03870,35,Bangalore,124218,Standard,False
C03871,47,Bangalore,127624,Standard,False
C03872,33,Bangalore,123678,Premium,True
C03873,24,Bangalore,32458,Standard,False
C03874,37,Bangalore,67116,Premium,False
C03875,38,Hyderabad,29695,Standard,True
C03876,57,Hyderabad,105925,Premium,True
C03877,33,Mysore,122320,Premium,False
C03878,34,Mysore,96593,Basic,True
C03879,22,Bangalore,47875,Premium,True
C03880,25,Hyderabad,82046,Standard,True
C03881,64,Chennai,79937,Standard,True
C03882,45,Hyderabad,118505,Basic,False
C03883,48,Mysore,129544,Standard,True
C03884,61,Mysore,28411,Standard,False
C03885,38,Chennai,114232,Standard,True
C03886,39,Hyderabad,71374,Premium,False
C03887,32,Chennai,85858,Premium,True
C03888,49,Chennai,38111,Standard,True
C03889,56,Mysore,58858,Premium,False
C03890,64,Bangalore,148455,Premium,True
C03891,36,Mysore,131899,Basic,False
C03892,54,Mysore,61248,Basic,True
C03893,36,Mysore,55002,Premium,False
C03894,44,Bangalore,118909,Premium,False
C03895,35,Bangalore,120510,Premium,True
C03896,66,Mysore,96845,Premium,False
C03897,57,Chennai,113686,Basic,True
C03898,43,Hyderabad,104848,Premium,False
C03899,23,Bangalore,130577,Basic,True
C03900,62,Bangalore,89819,Basic,False
C03901,26,Chennai,91674,Premium,False
C03902,41,Mysore,36787,Premium,True
C03903,23,Mysore,49985,Premium,False
C03904,22,Bangalore,68339,Basic,False
C03905,52,Hyderabad,143055,Basic,False
C03906,62,Hyderabad,65166,Premium,False
C03907,36,Chennai,145072,Basic,False
C03908,59,Bangalore,32166,Premium,False
C03909,30,Hyderabad,70116,Basic,True
C03910,44,Mysore,66710,Premium,False
C03911,20,Hyderabad,109875,Basic,False
C03912,44,Mysore,84852,Premium,False
C03913,40,Chennai,146009,Premium,False
C03914,30,Bangalore,86856,Basic,False
C03915,38,Chennai,111646,Standard,False
C03916,19,Bangalore,114451,Basic,False
C03917,37,Hyderabad,32710,Basic,False
C03918,59,Mysore,71246,Standard,True
C03919,34,Hyderabad,88450,Standard,False
C03920,32,Hyderabad,50973,Standard,False
C03921,69,Chennai,132468,Premium,False
C03922,38,Chennai,93826,Premium,False
C03923,28,Bangalore,111585,Basic,True
C03924,43,Bangalore,53905,Basic,False
C03925,33,Chennai,115646,Basic,False
C03926,30,Bangalore,68427,Standard,True
C03927,49,Chennai,87746,Basic,False
C03928,46,Bangalore,33006,Premium,False
C03929,40,Chennai,103962,Basic,True
C03930,34,Mysore,55002,Standard,True
C03931,68,Bangalore,110250,Basic,False
C03932,61,Bangalore,112638,Basic,True
C03933,28,Bangalore,53370,Premium,True
C03934,69,Hyderabad,120590,Basic,True
C03935,50,Bangalore,74784,Basic,True
C03936,32,Bangalore,57719,Basic,True
C03937,62,Bangalore,33194,Standard,False
C03938,21,Bangalore,71426,Standard,False
C03939,20,Mysore,88608,Standard,True
C03940,69,Bangalore,130124,Standard,True
C03941,66,Hyderabad,104410,Standard,True
C03942,35,Mysore,116074,Premium,False
C03943,43,Bangalore,127183,Basic,True
C03944,34,Mysore,132207,Premium,False
C03945,30,Chennai,83404,Premium,False
C03946,26,Mysore,91197,Standard,False
C03947,41,Chennai,73624,Premium,False
C03948,27,Mysore,46475,Premium,False
C03949,51,Mysore,59728,Basic,False
C03950,56,Mysore,45852,Basic,True
C03951,66,Chennai,119075,Standard,True
C03952,32,Chennai,91487,Basic,False
C03953,20,Hyderabad,133414,Standard,True
C03954,34,Chennai,99738,Basic,True
C03955,39,Chennai,130049,Standard,True
C03956,35,Hyderabad,77573,Basic,False
C03957,61,Hyderabad,47051,Standard,False
C03958,48,Mysore,141283,Standard,True
C03959,31,Hyderabad,52527,Basic,True
C03960,59,Bangalore,56481,Basic,False
C03961,58,Hyderabad,120117,Standard,False
C03962,61,Chennai,141217,Basic,False
C03963,44,Mysore,124421,Premium,False
C03964,56,Hyderabad,61453,Standard,False
C03965,56,Hyderabad,99326,Standard,True
C03966,45,Bangalore,56035,Basic,False
C03967,59,Chennai,78577,Standard,True
C03968,39,Mysore,99960,Premium,True
C03969,62,Bangalore,38190,Premium,True
C03970,46,Chennai,48814,Basic,False
C03971,48,Mysore,105857,Standard,True
C03972,63,Mysore,27319,Premium,True
C03973,66,Bangalore,119115,Standard,False
C03974,23,Chennai,68958,Premium,True
C03975,63,Bangalore,75620,Standard,False
C03976,41,Hyderabad,97317,Basic,False
C03977,55,Chennai,25500,Premium,True
C03978,52,Hyderabad,141894,Premium,False
C03979,50,Chennai,81389,Standard,True
C03980,42,Mysore,90070,Basic,False
C03981,19,Hyderabad,51842,Basic,True
C03982,55,Bangalore,66781,Standard,False
C03983,45,Mysore,146056,Basic,False
C03984,35,Bangalore,67970,Standard,False
C03985,64,Bangalore,114042,Standard,False
C03986,21,Mysore,59156,Basic,True
C03987,41,Hyderabad,58085,Premium,False
C03988,36,Chennai,137973,Basic,True
C03989,67,Mysore,133213,Basic,False
C03990,47,Bangalore,43134,Basic,True
C03991,25,Hyderabad,84213,Standard,True
C03992,36,Mysore,69111,Standard,False
C03993,41,Chennai,101922,Standard,True
C03994,45,Hyderabad,88960,Premium,False
C03995,68,Chennai,108582,Basic,True
C03996,53,Bangalore,53608,Premium,False
C03997,48,Bangalore,101116,Basic,True
C03998,19,Chennai,29101,Premium,False
C03999,54,Hyderabad,142580,Premium,False
C04000,60,Chennai,134268,Premium,True
C04001,43,Bangalore,111372,Premium,False
C04002,37,Hyderabad,108946,Standard,False
C04003,21,Mysore,48185,Standard,True
C04004,68,Chennai,117306,Standard,True
C04005,47,Bangalore,126164,Premium,False
C04006,33,Mysore,97081,Basic,True
C04007,68,Hyderabad,118258,Basic,False
C04008,42,Hyderabad,39212,Premium,False
C04009,41,Hyderabad,104725,Basic,False
C04010,41,Mysore,132797,Standard,False
C04011,37,Mysore,108327,Standard,True
C04012,65,Chennai,136101,Premium,False
C04013,50,Bangalore,32688,Premium,False
C04014,26,Chennai,51797,Premium,False
C04015,54,Chennai,122648,Basic,True
C04016,39,Chennai,61425,Basic,True
C04017,43,Chennai,34599,Basic,True
C04018,65,Hyderabad,65345,Premium,False
C04019,69,Bangalore,88945,Basic,False
C04020,55,Chennai,133318,Premium,False
C04021,59,Bangalore,38511,Standard,False
C04022,57,Mysore,123164,Standard,True
C04023,44,Chennai,62264,Premium,True
C04024,32,Hyderabad,57696,Standard,True
C04025,53,Bangalore,66458,Basic,False
C04026,33,Bangalore,138978,Basic,False
C04027,29,Mysore,55362,Premium,True
C04028,56,Hyderabad,132961,Standard,False
C04029,35,Hyderabad,97549,Premium,True
C04030,38,Mysore,79635,Basic,False
C04031,20,Mysore,144250,Basic,True
C04032,23,Chennai,55580,Standard,True
C04033,22,Chennai,75479,Standard,True
C04034,47,Mysore,147526,Standard,True
C04035,41,Hyderabad,39112,Standard,True
C04036,36,Mysore,120216,Basic,True
C04037,47,Bangalore,99583,Basic,True
C04038,56,Hyderabad,66717,Premium,False
C04039,45,Bangalore,46310,Basic,True
C04040,45,Mysore,103485,Basic,False
C04041,50,Bangalore,113269,Basic,False
C04042,21,Hyderabad,132135,Premium,True
C04043,31,Hyderabad,80300,Premium,True
C04044,56,Bangalore,141550,Premium,False
C04045,69,Chennai,82381,Premium,True
C04046,29,Mysore,83258,Basic,False
C04047,32,Hyderabad,39747,Standard,True
C04048,34,Hyderabad,93212,Premium,True
C04049,22,Hyderabad,41801,Basic,True
C04050,38,Hyderabad,62968,Standard,True
C04051,19,Chennai,87485,Premium,False
C04052,57,Hyderabad,59960,Standard,True
C04053,56,Mysore,103266,Premium,True
C04054,28,Hyderabad,141468,Premium,False
C04055,22,Hyderabad,130154,Premium,False
C04056,62,Bangalore,46743,Premium,True
C04057,38,Hyderabad,62361,Standard,False
C04058,54,Mysore,106544,Premium,False
C04059,67,Chennai,66929,Standard,False
C04060,64,Bangalore,88176,Premium,True
C04061,29,Chennai,104554,Basic,True
C04062,40,Hyderabad,65055,Premium,True
C04063,62,Chennai,85939,Premium,False
C04064,25,Bangalore,109839,Standard,True
C04065,24,Hyderabad,46572,Premium,False
C04066,18,Hyderabad,93498,Standard,False
C04067,21,Hyderabad,46046,Basic,True
C04068,60,Hyderabad,101823,Standard,True
C04069,66,Mysore,112385,Premium,False
C04070,47,Bangalore,101427,Basic,True
C04071,54,Bangalore,80808,Standard,True
C04072,36,Mysore,110195,Premium,True
C04073,64,Chennai,147992,Basic,True
C04074,55,Chennai,44448,Basic,False
C04075,26,Mysore,43426,Basic,False
C04076,34,Chennai,130542,Standard,False
C04077,48,Bangalore,114820,Premium,False
C04078,68,Bangalore,43599,Premium,True
C04079,45,Mysore,30791,Basic,False
C04080,46,Mysore,122312,Basic,False
C04081,45,Hyderabad,26109,Basic,True
C04082,25,Hyderabad,127625,Standard,False
C04083,39,Chennai,140597,Basic,True
C04084,55,Mysore,76074,Standard,False
C04085,61,Bangalore,132772,Basic,True
C04086,34,Mysore,28392,Premium,False
C04087,34,Bangalore,82320,Standard,False
C04088,63,Hyderabad,34031,Premium,False
C04089,49,Hyderabad,88617,Standard,True
C04090,28,Bangalore,91644,Basic,True
C04091,66,Hyderabad,124295,Premium,True
C04092,20,Mysore,74689,Premium,True
C04093,61,Bangalore,90090,Standard,False
C04094,58,Hyderabad,56175,Basic,False
C04095,18,Hyderabad,40107,Basic,False
C04096,18,Bangalore,96220,Standard,False
C04097,61,Chennai,91299,Basic,True
C04098,69,Chennai,142313,Standard,False
C04099,23,Hyderabad,82952,Basic,False
C04100,46,Bangalore,123386,Basic,True
C04101,45,Chennai,65615,Standard,True
C04102,49,Bangalore,148913,Premium,False
C04103,25,Chennai,62531,Standard,False
C04104,59,Mysore,57826,Basic,True
C04105,48,Bangalore,42492,Basic,False
C04106,66,Chennai,69869,Basic,False
C04107,62,Bangalore,50207,Standard,True
C04108,49,Mysore,133752,Basic,False
C04109,40,Chennai,60423,Basic,False
C04110,38,Bangalore,136476,Basic,False
C04111,50,Chennai,142402,Basic,True
C04112,33,Hyderabad,122366,Standard,True
C04113,53,Bangalore,57651,Premium,False
C04114,45,Chennai,111648,Standard,False
C04115,46,Chennai,106156,Premium,False
C04116,26,Hyderabad,105490,Premium,True
C04117,28,Hyderabad,121133,Premium,True
C04118,43,Bangalore,55739,Basic,True
C04119,35,Mysore,82632,Premium,False
C04120,27,Bangalore,43256,Basic,True
C04121,18,Chennai,92510,Basic,True
C04122,51,Mysore,47249,Premium,True
C04123,23,Bangalore,112577,Standard,False
C04124,27,Hyderabad,113684,Premium,True
C04125,18,Hyderabad,55236,Premium,False
C04126,34,Mysore,89249,Premium,True
C04127,69,Mysore,74716,Premium,False
C04128,32,Bangalore,105846,Basic,True
C04129,33,Bangalore,53804,Basic,False
C04130,50,Bangalore,40660,Basic,False
C04131,43,Hyderabad,86970,Basic,False
C04132,63,Mysore,55252,Basic,False
C04133,54,Hyderabad,141275,Basic,False
C04134,47,Bangalore,141968,Premium,False
C04135,68,Chennai,117220,Premium,False
C04136,50,Chennai,76499,Basic,False
C04137,66,Hyderabad,49093,Basic,False
C04138,53,Chennai,134697,Standard,False
C04139,62,Bangalore,27830,Premium,False
C04140,37,Chennai,30225,Basic,True
C04141,60,Chennai,69220,Premium,False
C04142,48,Hyderabad,104807,Standard,True
C04143,22,Hyderabad,42397,Basic,True
C04144,19,Hyderabad,121598,Basic,False
C04145,41,Hyderabad,96977,Basic,False
C04146,28,Chennai,134435,Premium,False
C04147,51,Bangalore,81371,Premium,False
C04148,57,Chennai,87284,Basic,False
C04149,58,Chennai,144920,Premium,False
C04150,36,Chennai,147855,Basic,False
C04151,49,Bangalore,107264,Standard,False
C04152,38,Mysore,108417,Standard,True
C04153,37,Bangalore,27086,Premium,False
C04154,28,Mysore,27405,Basic,True
C04155,37,Mysore,44319,Standard,True
C04156,21,Chennai,120438,Premium,False
C04157,23,Chennai,123813,Basic,True
C04158,22,Mysore,132169,Premium,True
C04159,31,Chennai,49797,Standard,False
C04160,31,Hyderabad,51027,Standard,True
C04161,36,Bangalore,90574,Premium,True
C04162,67,Bangalore,146125,Basic,True
C04163,45,Hyderabad,51390,Basic,True
C04164,34,Hyderabad,52250,Premium,True
C04165,36,Chennai,101023,Standard,True
C04166,59,Mysore,88190,Basic,False
C04167,22,Mysore,108208,Basic,False
C04168,29,Hyderabad,123097,Premium,False
C04169,61,Mysore,28052,Basic,False
C04170,24,Mysore,138727,Basic,True
C04171,29,Mysore,64398,Premium,True
C04172,57,Mysore,111308,Premium,False
C04173,55,Mysore,119743,Premium,True
C04174,18,Bangalore,48718,Basic,True
C04175,39,Bangalore,119524,Premium,True
C04176,57,Mysore,27768,Basic,False
C04177,55,Bangalore,116143,Basic,False
C04178,61,Hyderabad,129605,Premium,False
C04179,52,Mysore,65074,Basic,True
C04180,56,Mysore,85900,Basic,False
C04181,54,Mysore,124773,Basic,True
C04182,52,Hyderabad,102910,Basic,True
C04183,21,Bangalore,90155,Standard,False
C04184,43,Chennai,115192,Premium,True
C04185,48,Hyderabad,75737,Premium,True
C04186,62,Mysore,73561,Basic,False
C04187,26,Bangalore,144376,Basic,True
C04188,25,Chennai,103228,Premium,True
C04189,22,Hyderabad,64395,Premium,True
C04190,26,Bangalore,106639,Standard,False
C04191,58,Hyderabad,59204,Premium,False
C04192,48,Hyderabad,124512,Standard,False
C04193,49,Bangalore,73671,Standard,True
C04194,20,Hyderabad,27070,Basic,True
C04195,60,Bangalore,99583,Premium,False
C04196,42,Hyderabad,136669,Standard,True
C04197,58,Mysore,61914,Premium,True
C04198,38,Mysore,37391,Basic,True
C04199,64,Bangalore,29189,Basic,False
C04200,44,Bangalore,27383,Basic,True
C04201,45,Mysore,94321,Premium,False
C04202,35,Chennai,124284,Premium,True
C04203,55,Bangalore,96275,Premium,True
C04204,50,Hyderabad,45981,Basic,True
C04205,35,Mysore,100421,Basic,True
C04206,19,Chennai,62887,Standard,True
C04207,32,Hyderabad,63852,Premium,True
C04208,28,Mysore,95111,Standard,True
C04209,51,Chennai,27525,Premium,False
C04210,40,Hyderabad,34288,Premium,False
C04211,50,Mysore,143643,Premium,False
C04212,27,Mysore,78846,Standard,False
C04213,22,Chennai,110975,Premium,False
C04214,56,Bangalore,129045,Basic,False
C04215,26,Chennai,96272,Premium,False
C04216,42,Hyderabad,73488,Basic,False
C04217,45,Mysore,78860,Premium,True
C04218,42,Hyderabad,37272,Basic,True
C04219,37,Bangalore,70952,Basic,False
C04220,64,Mysore,115745,Basic,False
C04221,68,Chennai,38094,Premium,False
C04222,38,Hyderabad,112865,Premium,False
C04223,27,Bangalore,88911,Basic,True
C04224,45,Bangalore,75497,Premium,False
C04225,24,Mysore,29908,Basic,False
C04226,44,Mysore,132818,Premium,True
C04227,49,Chennai,59263,Basic,True
C04228,62,Bangalore,35284,Premium,True
C04229,19,Hyderabad,64546,Standard,False
C04230,19,Bangalore,76049,Premium,False
C04231,69,Chennai,99224,Standard,False
C04232,19,Hyderabad,99502,Basic,False
C04233,62,Hyderabad,138476,Premium,False
C04234,39,Chennai,49708,Basic,True
C04235,65,Bangalore,104077,Standard,False
C04236,59,Hyderabad,148086,Basic,True
C04237,35,Chennai,125378,Basic,True
C04238,40,Hyderabad,43261,Standard,True
C04239,51,Hyderabad,37920,Standard,True
C04240,25,Chennai,148284,Basic,False
C04241,29,Chennai,119553,Premium,False
C04242,51,Chennai,81238,Basic,True
C04243,60,Bangalore,76430,Basic,True
C04244,49,Bangalore,26353,Standard,True
C04245,35,Bangalore,138143,Basic,False
C04246,52,Bangalore,82789,Premium,False
C04247,39,Mysore,134272,Basic,False
C04248,54,Mysore,80398,Standard,True
C04249,34,Hyderabad,45888,Standard,True
C04250,67,Chennai,112326,Basic,True
C04251,39,Chennai,25789,Premium,False
C04252,25,Bangalore,115133,Premium,True
C04253,24,Bangalore,81817,Premium,True
C04254,18,Chennai,129257,Basic,False
C04255,45,Hyderabad,60184,Standard,False
C04256,65,Mysore,42827,Premium,False
C04257,43,Mysore,37769,Basic,True
C04258,18,Chennai,136727,Premium,True
C04259,30,Mysore,75763,Premium,False
C04260,51,Hyderabad,29884,Basic,False
C04261,25,Hyderabad,109046,Basic,True
C04262,57,Hyderabad,71588,Standard,True
C04263,56,Hyderabad,31236,Basic,True
C04264,31,Mysore,43436,Premium,False
C04265,47,Mysore,41294,Premium,False
C04266,69,Bangalore,66974,Basic,True
C04267,66,Bangalore,146193,Standard,False
C04268,56,Chennai,89261,Basic,False
C04269,66,Chennai,144788,Standard,False
C04270,19,Hyderabad,127431,Premium,True
C04271,33,Hyderabad,79676,Premium,True
C04272,66,Bangalore,50701,Standard,True
C04273,64,Mysore,124383,Basic,True
C04274,22,Bangalore,72215,Premium,True
C04275,24,Mysore,32736,Premium,False
C04276,24,Mysore,63714,Standard,True
C04277,48,Bangalore,122534,Premium,False
C04278,21,Mysore,127556,Basic,False
C04279,23,Bangalore,111882,Standard,False
C04280,36,Hyderabad,45576,Standard,False
C04281,62,Mysore,105107,Standard,False
C04282,37,Chennai,126864,Standard,True
C04283,34,Bangalore,118307,Premium,True
C04284,23,Bangalore,93942,Basic,False
C04285,69,Hyderabad,134176,Premium,False
C04286,31,Bangalore,52409,Premium,False
C04287,35,Mysore,82691,Basic,True
C04288,54,Chennai,26050,Standard,True
C04289,33,Bangalore,51734,Basic,True
C04290,37,Bangalore,36654,Basic,True
C04291,22,Bangalore,125037,Basic,False
C04292,31,Hyderabad,106182,Premium,True
C04293,22,Hyderabad,116539,Basic,False
C04294,29,Hyderabad,146198,Standard,True
C04295,25,Bangalore,62547,Standard,False
C04296,48,Mysore,50615,Standard,True
C04297,20,Mysore,71336,Standard,True
C04298,59,Chennai,53021,Standard,True
C04299,60,Bangalore,33198,Basic,True
C04300,63,Bangalore,91725,Basic,False
C04301,61,Chennai,113012,Premium,True
C04302,56,Mysore,32991,Premium,True
C04303,35,Bangalore,64566,Standard,True
C04304,54,Chennai,58042,Premium,False
C04305,51,Chennai,108189,Premium,True
C04306,62,Mysore,49184,Standard,False
C04307,48,Chennai,106584,Premium,True
C04308,21,Bangalore,108682,Standard,True
C04309,23,Bangalore,105417,Premium,False
C04310,39,Chennai,128092,Standard,True
C04311,60,Bangalore,140628,Premium,False
C04312,22,Chennai,50165,Premium,False
C04313,49,Hyderabad,129354,Standard,True
C04314,66,Chennai,45806,Premium,True
C04315,57,Bangalore,52970,Standard,True
C04316,30,Bangalore,130529,Basic,True
C04317,37,Bangalore,56186,Premium,False
C04318,46,Hyderabad,52777,Premium,False
C04319,25,Bangalore,67938,Basic,False
C04320,26,Mysore,89458,Standard,False
C04321,49,Chennai,141313,Premium,True
C04322,59,Mysore,92843,Premium,False
C04323,48,Hyderabad,60121,Basic,True
C04324,35,Hyderabad,138892,Standard,True
C04325,47,Mysore,117517,Premium,True
C04326,50,Hyderabad,28921,Basic,True
C04327,32,Hyderabad,59025,Basic,True
C04328,26,Bangalore,135441,Standard,False
C04329,58,Bangalore,96668,Standard,True
C04330,32,Chennai,148767,Standard,False
C04331,38,Mysore,69800,Standard,False
C04332,24,Mysore,83491,Basic,False
C04333,38,Bangalore,93633,Basic,True
C04334,34,Chennai,143309,Standard,True
C04335,65,Bangalore,97208,Standard,True
C04336,64,Hyderabad,37162,Standard,True
C04337,44,Hyderabad,44170,Premium,False
C04338,57,Hyderabad,54523,Premium,False
C04339,68,Bangalore,139307,Premium,False
C04340,39,Bangalore,101122,Premium,True
C04341,28,Bangalore,29406,Premium,True
C04342,35,Mysore,101461,Premium,True
C04343,64,Hyderabad,92636,Basic,True
C04344,50,Bangalore,82676,Basic,True
C04345,68,Hyderabad,89184,Premium,False
C04346,45,Chennai,123511,Premium,False
C04347,66,Mysore,63706,Premium,False
C04348,29,Bangalore,138905,Basic,True
C04349,22,Bangalore,131147,Standard,True
C04350,47,Hyderabad,83045,Premium,False
C04351,50,Bangalore,125083,Premium,True
C04352,26,Hyderabad,90267,Basic,True
C04353,42,Bangalore,33211,Basic,False
C04354,57,Chennai,147314,Standard,True
C04355,65,Hyderabad,83502,Premium,True
C04356,60,Mysore,112864,Basic,False
C04357,36,Bangalore,64235,Basic,True
C04358,42,Bangalore,146879,Premium,False
C04359,37,Bangalore,137291,Premium,False
C04360,58,Chennai,93352,Basic,False
C04361,63,Bangalore,32764,Basic,True
C04362,44,Mysore,65810,Standard,False
C04363,20,Mysore,68251,Standard,False
C04364,50,Mysore,142088,Premium,False
C04365,51,Hyderabad,90331,Basic,False
C04366,45,Mysore,57173,Premium,True
C04367,29,Mysore,100084,Standard,False
C04368,33,Bangalore,25748,Premium,False
C04369,33,Chennai,97476,Standard,True
C04370,47,Chennai,101014,Standard,False
C04371,56,Bangalore,38879,Premium,False
C04372,29,Bangalore,128759,Basic,True
C04373,39,Chennai,65771,Standard,False
C04374,49,Hyderabad,86498,Basic,False
C04375,57,Chennai,56539,Basic,False
C04376,23,Chennai,104922,Premium,False
C04377,29,Mysore,52044,Basic,True
C04378,52,Hyderabad,100097,Basic,False
C04379,65,Hyderabad,122903,Basic,False
C04380,63,Chennai,88082,Premium,False
C04381,37,Hyderabad,144027,Standard,True
C04382,54,Mysore,89964,Premium,False
C04383,64,Mysore,53802,Premium,True
C04384,67,Hyderabad,62091,Basic,True
C04385,65,Hyderabad,129785,Basic,False
C04386,25,Bangalore,96869,Basic,False
C04387,61,Chennai,118271,Standard,True
C04388,24,Chennai,86753,Basic,False
C04389,68,Chennai,72688,Basic,False
C04390,23,Chennai,55611,Basic,True
C04391,64,Chennai,63969,Premium,True
C04392,48,Mysore,76289,Standard,False
C04393,69,Hyderabad,119699,Premium,False
C04394,47,Mysore,27295,Standard,True
C04395,57,Hyderabad,141652,Standard,True
C04396,41,Hyderabad,119618,Premium,True
C04397,37,Hyderabad,108295,Premium,False
C04398,67,Hyderabad,103979,Standard,False
C04399,55,Hyderabad,114586,Basic,True
C04400,60,Chennai,126968,Basic,True
C04401,62,Chennai,76489,Basic,True
C04402,33,Mysore,77368,Premium,False
C04403,33,Hyderabad,40927,Premium,True
C04404,55,Bangalore,31729,Basic,True
C04405,21,Bangalore,101385,Premium,False
C04406,33,Bangalore,65676,Premium,False
C04407,49,Bangalore,94492,Standard,False
C04408,66,Mysore,90429,Standard,False
C04409,19,Chennai,129762,Basic,True
C04410,22,Hyderabad,67521,Basic,False
C04411,50,Hyderabad,97449,Basic,True
C04412,20,Mysore,46160,Standard,False
C04413,49,Mysore,44204,Premium,False
C04414,31,Chennai,73288,Premium,True
C04415,69,Mysore,63325,Standard,False
C04416,68,Chennai,143838,Premium,True
C04417,45,Mysore,30245,Basic,False
C04418,25,Chennai,46233,Basic,True
C04419,22,Chennai,77573,Premium,False
C04420,31,Bangalore,123347,Standard,False
C04421,36,Chennai,132459,Standard,True
C04422,65,Mysore,64058,Premium,False
C04423,26,Chennai,123995,Premium,False
C04424,42,Bangalore,97657,Basic,True
C04425,21,Chennai,63585,Premium,True
C04426,50,Chennai,96454,Basic,False
C04427,54,Mysore,69081,Basic,True
C04428,25,Mysore,41730,Basic,True
C04429,49,Chennai,138019,Basic,True
C04430,46,Mysore,143079,Basic,False
C04431,39,Bangalore,111244,Standard,True
C04432,59,Hyderabad,142002,Premium,False
C04433,66,Bangalore,95628,Basic,False
C04434,67,Chennai,138723,Standard,False
C04435,30,Bangalore,48248,Basic,True
C04436,27,Bangalore,133415,Standard,True
C04437,34,Mysore,52149,Premium,True
C04438,69,Hyderabad,92766,Standard,True
C04439,60,Mysore,113011,Premium,False
C04440,43,Hyderabad,38691,Basic,False
C04441,49,Chennai,122384,Basic,False
C04442,29,Chennai,92170,Basic,False
C04443,31,Chennai,33714,Basic,True
C04444,24,Chennai,44021,Premium,True
C04445,18,Bangalore,30000,Standard,False
C04446,43,Hyderabad,88054,Premium,False
C04447,20,Bangalore,56559,Premium,False
C04448,63,Chennai,104620,Basic,True
C04449,52,Chennai,73613,Standard,True
C04450,58,Mysore,40549,Standard,True
C04451,40,Chennai,145236,Basic,False
C04452,57,Bangalore,84314,Standard,False
C04453,21,Chennai,31731,Premium,False
C04454,69,Hyderabad,37682,Basic,False
C04455,68,Bangalore,146802,Premium,True
C04456,65,Hyderabad,64500,Basic,True
C04457,45,Hyderabad,102870,Basic,True
C04458,55,Chennai,114085,Premium,True
C04459,35,Bangalore,81924,Basic,False
C04460,40,Mysore,33247,Standard,True
C04461,63,Chennai,122892,Standard,True
C04462,21,Mysore,128011,Premium,True
C04463,62,Hyderabad,121910,Standard,False
C04464,41,Bangalore,121573,Standard,True
C04465,24,Chennai,94367,Basic,False
C04466,27,Chennai,43411,Premium,False
C04467,34,Hyderabad,113120,Premium,True
C04468,50,Bangalore,110125,Basic,True
C04469,53,Bangalore,41301,Premium,True
C04470,28,Bangalore,36719,Standard,True
C04471,34,Hyderabad,117005,Standard,True
C04472,47,Chennai,128371,Standard,True
C04473,58,Chennai,67773,Basic,True
C04474,62,Chennai,116444,Basic,True
C04475,54,Bangalore,104510,Basic,True
C04476,49,Hyderabad,101955,Premium,True
C04477,50,Hyderabad,137965,Basic,True
C04478,31,Bangalore,127865,Basic,True
C04479,38,Mysore,149516,Standard,False
C04480,21,Bangalore,106608,Standard,True
C04481,47,Mysore,30764,Premium,False
C04482,44,Mysore,112136,Standard,False
C04483,58,Chennai,76167,Standard,False
C04484,39,Hyderabad,118504,Standard,True
C04485,67,Bangalore,101716,Premium,False
C04486,34,Mysore,70587,Basic,True
C04487,65,Mysore,137827,Standard,False
C04488,63,Mysore,65679,Standard,True
C04489,42,Hyderabad,73510,Standard,False
C04490,37,Chennai,127303,Premium,False
C04491,30,Chennai,120088,Standard,False
C04492,50,Hyderabad,132125,Standard,False
C04493,33,Chennai,32777,Premium,True
C04494,49,Chennai,103167,Basic,False
C04495,21,Mysore,142534,Basic,False
C04496,34,Bangalore,129935,Standard,True
C04497,34,Hyderabad,148323,Basic,False
C04498,22,Chennai,100795,Premium,False
C04499,42,Bangalore,25375,Standard,True
C04500,57,Hyderabad,32028,Standard,False
C04501,54,Bangalore,49633,Standard,True
C04502,51,Mysore,73715,Premium,True
C04503,18,Mysore,45668,Premium,True
C04504,33,Chennai,37281,Basic,False
C04505,35,Mysore,124944,Premium,True
C04506,45,Mysore,30711,Standard,True
C04507,59,Hyderabad,131836,Standard,True
C04508,54,Chennai,78816,Premium,False
C04509,28,Hyderabad,126193,Basic,False
C04510,47,Hyderabad,40908,Premium,True
C04511,45,Hyderabad,68239,Basic,False
C04512,50,Bangalore,112591,Premium,False
C04513,46,Chennai,32064,Standard,False
C04514,27,Mysore,74304,Premium,False
C04515,34,Hyderabad,40772,Basic,True
C04516,33,Bangalore,30178,Basic,False
C04517,41,Mysore,85257,Basic,True
C04518,69,Bangalore,144477,Standard,False
C04519,64,Mysore,115322,Standard,True
C04520,35,Bangalore,83332,Standard,True
C04521,23,Hyderabad,79721,Standard,False
C04522,33,Bangalore,42972,Basic,True
C04523,43,Chennai,97196,Standard,False
C04524,59,Mysore,132374,Standard,False
C04525,67,Hyderabad,37571,Premium,True
C04526,66,Hyderabad,51267,Basic,False
C04527,40,Chennai,60640,Standard,False
C04528,40,Bangalore,145474,Basic,False
C04529,50,Mysore,84297,Basic,False
C04530,56,Mysore,57454,Standard,False
C04531,28,Hyderabad,116331,Premium,True
C04532,28,Bangalore,84878,Premium,False
C04533,56,Bangalore,55573,Basic,False
C04534,31,Bangalore,148215,Basic,True
C04535,69,Mysore,61623,Basic,True
C04536,41,Mysore,143193,Standard,True
C04537,62,Bangalore,30321,Standard,True
C04538,20,Hyderabad,118779,Basic,True
C04539,55,Mysore,102116,Premium,False
C04540,18,Bangalore,113307,Premium,False
C04541,48,Bangalore,134987,Basic,False
C04542,48,Mysore,98397,Basic,False
C04543,22,Bangalore,124525,Standard,False
C04544,42,Bangalore,78432,Basic,False
C04545,40,Bangalore,138566,Standard,False
C04546,41,Mysore,90107,Premium,True
C04547,49,Bangalore,47917,Basic,False
C04548,43,Hyderabad,63080,Premium,True
C04549,69,Hyderabad,139985,Premium,True
C04550,56,Hyderabad,107794,Standard,False
C04551,58,Bangalore,53632,Standard,False
C04552,69,Mysore,64931,Standard,True
C04553,63,Chennai,110372,Premium,True
C04554,43,Bangalore,138141,Standard,False
C04555,29,Chennai,64939,Premium,True
C04556,18,Bangalore,88901,Standard,True
C04557,42,Mysore,101138,Standard,False
C04558,49,Mysore,47445,Basic,True
C04559,47,Hyderabad,31193,Standard,False
C04560,32,Chennai,26867,Premium,True
C04561,64,Mysore,90166,Premium,False
C04562,67,Chennai,113925,Premium,False
C04563,43,Bangalore,138466,Basic,False
C04564,42,Bangalore,122048,Basic,True
C04565,21,Bangalore,122628,Standard,True
C04566,28,Chennai,52319,Basic,True
C04567,44,Mysore,78112,Premium,True
C04568,33,Bangalore,33365,Basic,True
C04569,69,Mysore,52275,Premium,False
C04570,38,Chennai,86432,Standard,True
C04571,33,Mysore,70458,Premium,False
C04572,30,Hyderabad,96020,Basic,True
C04573,51,Chennai,123173,Premium,True
C04574,63,Hyderabad,124451,Standard,False
C04575,24,Hyderabad,53495,Standard,True
C04576,65,Mysore,55100,Premium,True
C04577,31,Hyderabad,83460,Standard,False
C04578,18,Hyderabad,90751,Basic,True
C04579,61,Hyderabad,114201,Premium,True
C04580,26,Mysore,145208,Premium,False
C04581,31,Bangalore,107592,Standard,False
C04582,57,Mysore,79988,Basic,True
C04583,56,Chennai,101200,Basic,False
C04584,36,Hyderabad,72406,Standard,False
C04585,66,Chennai,82518,Premium,True
C04586,63,Hyderabad,115751,Basic,True
C04587,21,Bangalore,100306,Standard,False
C04588,67,Mysore,71555,Basic,True
C04589,18,Hyderabad,44049,Premium,False
C04590,19,Bangalore,65546,Standard,True
C04591,19,Chennai,105734,Standard,False
C04592,45,Mysore,132106,Basic,True
C04593,28,Chennai,114001,Basic,True
C04594,24,Hyderabad,93968,Standard,True
C04595,39,Bangalore,28688,Basic,True
C04596,62,Bangalore,63658,Standard,False
C04597,22,Bangalore,148534,Premium,False
C04598,66,Hyderabad,47851,Standard,False
C04599,53,Bangalore,67538,Basic,False
C04600,64,Hyderabad,90998,Basic,False
C04601,56,Bangalore,85958,Premium,False
C04602,31,Mysore,131745,Basic,True
C04603,67,Mysore,56375,Basic,True
C04604,37,Bangalore,25565,Premium,True
C04605,21,Chennai,52699,Standard,False
C04606,31,Bangalore,51153,Standard,False
C04607,29,Bangalore,95520,Standard,True
C04608,40,Bangalore,143593,Standard,False
C04609,69,Bangalore,128239,Standard,False
C04610,41,Hyderabad,69153,Standard,False
C04611,31,Hyderabad,134359,Premium,False
C04612,26,Bangalore,104130,Standard,False
C04613,43,Bangalore,48248,Basic,True
C04614,50,Chennai,50848,Basic,False
C04615,47,Mysore,89369,Basic,False
C04616,25,Mysore,114029,Standard,False
C04617,51,Bangalore,74359,Basic,False
C04618,32,Chennai,100895,Premium,True
C04619,24,Bangalore,27326,Basic,False
C04620,30,Hyderabad,131709,Premium,False
C04621,62,Chennai,113611,Standard,False
C04622,52,Bangalore,148744,Basic,False
C04623,56,Hyderabad,109400,Basic,True
C04624,36,Mysore,97712,Premium,False
C04625,60,Hyderabad,65152,Basic,False
C04626,63,Bangalore,125214,Basic,False
C04627,67,Mysore,64946,Basic,True
C04628,45,Bangalore,99140,Standard,True
C04629,20,Hyderabad,124749,Premium,True
C04630,46,Mysore,42221,Basic,False
C04631,68,Hyderabad,41797,Basic,False
C04632,65,Mysore,45541,Premium,False
C04633,28,Mysore,86826,Standard,True
C04634,55,Mysore,57527,Standard,True
C04635,50,Mysore,66799,Basic,True
C04636,22,Chennai,129955,Premium,False
C04637,58,Bangalore,44449,Basic,False
C04638,61,Mysore,64103,Standard,True
C04639,62,Mysore,119317,Premium,True
C04640,54,Chennai,135681,Basic,False
C04641,27,Chennai,77635,Standard,False
C04642,63,Bangalore,92327,Premium,True
C04643,62,Mysore,27084,Standard,False
C04644,44,Chennai,97136,Standard,False
C04645,33,Chennai,119139,Standard,False
C04646,28,Bangalore,108523,Standard,True
C04647,54,Hyderabad,43186,Basic,True
C04648,34,Bangalore,58307,Standard,False
C04649,38,Chennai,25367,Premium,False
C04650,22,Bangalore,67857,Basic,True
C04651,29,Bangalore,114707,Premium,False
C04652,68,Bangalore,31955,Basic,False
C04653,64,Mysore,131833,Premium,True
C04654,62,Hyderabad,62501,Basic,False
C04655,23,Chennai,76099,Standard,True
C04656,35,Hyderabad,44382,Standard,True
C04657,56,Chennai,143643,Standard,False
C04658,58,Hyderabad,123246,Standard,False
C04659,63,Hyderabad,145132,Standard,True
C04660,31,Bangalore,43451,Basic,False
C04661,56,Chennai,149033,Premium,False
C04662,50,Chennai,53526,Premium,True
C04663,59,Chennai,84637,Standard,True
C04664,63,Bangalore,48786,Basic,False
C04665,26,Hyderabad,60484,Basic,True
C04666,50,Mysore,131818,Premium,True
C04667,55,Hyderabad,147526,Basic,True
C04668,40,Bangalore,125261,Premium,True
C04669,29,Bangalore,58736,Basic,True
C04670,61,Chennai,43459,Premium,False
C04671,44,Bangalore,110513,Premium,True
C04672,42,Hyderabad,136569,Standard,True
C04673,47,Hyderabad,37058,Premium,False
C04674,32,Chennai,107622,Basic,True
C04675,55,Mysore,99710,Premium,True
C04676,63,Bangalore,142110,Basic,False
C04677,47,Mysore,149635,Standard,False
C04678,51,Mysore,26739,Premium,True
C04679,24,Mysore,147047,Basic,True
C04680,21,Bangalore,118525,Premium,False
C04681,44,Hyderabad,82877,Premium,False
C04682,60,Mysore,61708,Basic,True
C04683,19,Hyderabad,128810,Premium,True
C04684,59,Hyderabad,146677,Standard,True
C04685,24,Chennai,104371,Basic,False
C04686,41,Bangalore,92423,Standard,False
C04687,46,Hyderabad,116775,Standard,True
C04688,68,Chennai,73988,Standard,False
C04689,61,Hyderabad,40388,Standard,False
C04690,19,Chennai,45248,Standard,False
C04691,66,Hyderabad,66661,Basic,False
C04692,45,Hyderabad,122888,Standard,False
C04693,48,Chennai,80661,Standard,False
C04694,65,Bangalore,73927,Standard,False
C04695,54,Mysore,44526,Standard,True
C04696,62,Chennai,45369,Standard,True
C04697,28,Hyderabad,103600,Basic,True
C04698,63,Chennai,31007,Basic,True
C04699,42,Hyderabad,113556,Basic,True
C04700,24,Hyderabad,141737,Basic,True
C04701,47,Hyderabad,117161,Basic,False
C04702,33,Hyderabad,38651,Basic,True
C04703,66,Chennai,53279,Premium,True
C04704,44,Hyderabad,42692,Standard,False
C04705,69,Mysore,113243,Standard,False
C04706,26,Mysore,49707,Standard,True
C04707,66,Bangalore,31823,Premium,False
C04708,49,Hyderabad,36109,Premium,True
C04709,68,Bangalore,70634,Standard,True
C04710,29,Hyderabad,145265,Basic,True
C04711,29,Hyderabad,100615,Premium,True
C04712,19,Hyderabad,56164,Standard,False
C04713,68,Hyderabad,38067,Premium,False
C04714,62,Bangalore,108623,Standard,True
C04715,66,Hyderabad,81228,Standard,False
C04716,46,Mysore,93952,Premium,False
C04717,35,Chennai,67240,Premium,True
C04718,54,Mysore,107391,Basic,False
C04719,43,Bangalore,64654,Premium,True
C04720,19,Mysore,59158,Standard,False
C04721,22,Chennai,35946,Premium,True
C04722,32,Mysore,109699,Basic,True
C04723,27,Hyderabad,68737,Basic,False
C04724,56,Chennai,123283,Basic,True
C04725,40,Chennai,110724,Premium,False
C04726,27,Mysore,53542,Basic,False
C04727,66,Mysore,67241,Premium,False
C04728,67,Chennai,98474,Premium,False
C04729,48,Bangalore,79844,Premium,True
C04730,53,Bangalore,85377,Basic,False
C04731,69,Mysore,127284,Standard,True
C04732,67,Hyderabad,56990,Standard,False
C04733,26,Hyderabad,67545,Premium,False
C04734,64,Hyderabad,129909,Basic,True
C04735,36,Chennai,136131,Basic,False
C04736,62,Chennai,85287,Standard,True
C04737,55,Hyderabad,123687,Premium,True
C04738,37,Chennai,62268,Premium,True
C04739,28,Chennai,129144,Premium,False
C04740,42,Chennai,149667,Standard,False
C04741,51,Hyderabad,81394,Basic,True
C04742,31,Bangalore,106695,Premium,False
C04743,31,Hyderabad,115244,Basic,False
C04744,20,Hyderabad,27457,Standard,True
C04745,30,Bangalore,74781,Standard,False
C04746,52,Mysore,106491,Standard,True
C04747,56,Mysore,143575,Premium,True
C04748,64,Bangalore,42522,Standard,True
C04749,22,Bangalore,120347,Premium,False
C04750,30,Chennai,119831,Premium,True
C04751,59,Bangalore,142651,Standard,False
C04752,24,Hyderabad,115965,Premium,False
C04753,21,Hyderabad,106249,Standard,True
C04754,34,Hyderabad,101429,Standard,True
C04755,50,Chennai,120375,Standard,True
C04756,18,Chennai,104862,Standard,True
C04757,26,Bangalore,54924,Premium,False
C04758,18,Chennai,126614,Standard,False
C04759,65,Chennai,106674,Premium,False
C04760,69,Mysore,90663,Standard,True
C04761,21,Mysore,60508,Basic,False
C04762,24,Bangalore,62864,Basic,False
C04763,67,Bangalore,77736,Premium,True
C04764,55,Bangalore,25716,Basic,True
C04765,64,Bangalore,53805,Basic,True
C04766,67,Mysore,138681,Standard,True
C04767,52,Hyderabad,106913,Basic,True
C04768,53,Bangalore,140546,Standard,False
C04769,52,Mysore,146848,Premium,False
C04770,20,Bangalore,86027,Premium,True
C04771,51,Bangalore,147209,Standard,False
C04772,32,Hyderabad,71020,Premium,False
C04773,55,Chennai,126762,Premium,False
C04774,30,Hyderabad,109971,Basic,False
C04775,39,Bangalore,79134,Basic,False
C04776,28,Chennai,66112,Standard,False
C04777,43,Bangalore,60093,Basic,True
C04778,69,Bangalore,146960,Premium,True
C04779,49,Mysore,52162,Basic,True
C04780,30,Mysore,141190,Premium,False
C04781,49,Mysore,138861,Standard,True
C04782,63,Hyderabad,145200,Standard,False
C04783,52,Chennai,91833,Standard,True
C04784,51,Hyderabad,97649,Basic,True
C04785,32,Bangalore,95480,Premium,True
C04786,28,Bangalore,66723,Basic,True
C04787,60,Mysore,84802,Basic,True
C04788,42,Chennai,88964,Basic,False
C04789,19,Bangalore,144311,Premium,True
C04790,62,Hyderabad,118923,Basic,False
C04791,31,Mysore,55758,Basic,True
C04792,62,Hyderabad,122935,Standard,True
C04793,68,Bangalore,42861,Basic,True
C04794,53,Mysore,64273,Standard,False
C04795,22,Bangalore,143237,Basic,False
C04796,50,Chennai,97001,Standard,False
C04797,20,Hyderabad,111210,Basic,False
C04798,25,Chennai,129083,Standard,True
C04799,59,Chennai,132795,Standard,True
C04800,54,Mysore,45467,Premium,True
C04801,51,Bangalore,97700,Basic,False
C04802,41,Mysore,90401,Basic,False
C04803,24,Hyderabad,39229,Premium,True
C04804,28,Bangalore,39634,Standard,True
C04805,64,Bangalore,111711,Basic,True
C04806,33,Bangalore,89590,Premium,False
C04807,29,Chennai,34024,Premium,True
C04808,43,Bangalore,139676,Standard,False
C04809,42,Hyderabad,64332,Premium,True
C04810,60,Bangalore,86901,Premium,False
C04811,35,Mysore,101906,Standard,False
C04812,52,Bangalore,108877,Basic,True
C04813,65,Chennai,68933,Premium,True
C04814,46,Mysore,116035,Standard,True
C04815,22,Bangalore,36052,Standard,False
C04816,19,Bangalore,131501,Premium,False
C04817,32,Hyderabad,114568,Standard,False
C04818,38,Chennai,65085,Standard,False
C04819,53,Bangalore,118527,Premium,False
C04820,66,Bangalore,26103,Premium,False
C04821,20,Mysore,131228,Standard,False
C04822,32,Bangalore,95454,Basic,True
C04823,23,Chennai,118037,Standard,True
C04824,56,Chennai,105108,Standard,False
C04825,47,Bangalore,135502,Standard,True
C04826,28,Mysore,27432,Standard,False
C04827,40,Chennai,43941,Premium,False
C04828,21,Chennai,129784,Standard,False
C04829,56,Mysore,130935,Basic,True
C04830,28,Mysore,131610,Standard,False
C04831,30,Mysore,131337,Premium,False
C04832,22,Chennai,81485,Premium,False
C04833,39,Mysore,93803,Standard,False
C04834,41,Chennai,128698,Standard,True
C04835,39,Bangalore,57216,Premium,False
C04836,52,Chennai,25756,Standard,False
C04837,31,Mysore,76496,Basic,True
C04838,46,Hyderabad,137473,Basic,False
C04839,20,Chennai,66866,Basic,True
C04840,22,Hyderabad,89932,Standard,False
C04841,41,Chennai,101737,Premium,True
C04842,26,Mysore,57043,Basic,True
C04843,40,Mysore,113805,Standard,False
C04844,52,Mysore,64025,Premium,False
C04845,52,Hyderabad,50076,Premium,True
C04846,52,Chennai,58779,Premium,False
C04847,34,Bangalore,26938,Basic,True
C04848,61,Bangalore,86939,Premium,False
C04849,26,Chennai,131744,Premium,False
C04850,24,Mysore,136274,Basic,True
C04851,47,Chennai,60666,Basic,True
C04852,28,Hyderabad,27598,Standard,True
C04853,28,Chennai,48316,Standard,True
C04854,36,Bangalore,93247,Standard,False
C04855,56,Hyderabad,44878,Premium,False
C04856,22,Bangalore,107795,Basic,True
C04857,42,Mysore,92250,Basic,True
C04858,20,Hyderabad,129451,Basic,True
C04859,65,Hyderabad,59780,Basic,True
C04860,52,Hyderabad,47267,Standard,True
C04861,20,Mysore,73516,Standard,True
C04862,35,Bangalore,109568,Basic,True
C04863,64,Bangalore,93071,Standard,True
C04864,53,Bangalore,61698,Premium,False
C04865,45,Bangalore,111533,Standard,False
C04866,47,Bangalore,28479,Standard,False
C04867,29,Hyderabad,90143,Basic,False
C04868,44,Bangalore,119430,Standard,False
C04869,61,Chennai,142035,Basic,True
C04870,52,Bangalore,33322,Premium,False
C04871,27,Bangalore,147270,Standard,True
C04872,18,Chennai,92320,Standard,True
C04873,22,Mysore,138280,Basic,False
C04874,52,Chennai,132246,Basic,True
C04875,19,Bangalore,74901,Standard,False
C04876,45,Bangalore,27621,Premium,False
C04877,31,Mysore,96704,Premium,False
C04878,45,Mysore,50839,Basic,False
C04879,45,Chennai,59615,Basic,False
C04880,30,Chennai,52039,Basic,False
C04881,68,Mysore,73156,Premium,False
C04882,46,Hyderabad,86110,Standard,False
C04883,32,Chennai,134906,Premium,True
C04884,67,Bangalore,62410,Basic,False
C04885,55,Mysore,134966,Premium,True
C04886,40,Bangalore,145311,Basic,True
C04887,21,Chennai,108749,Basic,True
C04888,49,Chennai,65429,Basic,False
C04889,64,Bangalore,66242,Premium,False
C04890,58,Bangalore,125487,Standard,False
C04891,58,Bangalore,105955,Standard,False
C04892,43,Hyderabad,120042,Basic,False
C04893,37,Chennai,63812,Standard,True
C04894,29,Chennai,91939,Basic,True
C04895,59,Chennai,104554,Standard,False
C04896,56,Chennai,81743,Standard,False
C04897,46,Mysore,36699,Premium,True
C04898,24,Bangalore,132185,Premium,False
C04899,25,Bangalore,59080,Basic,True
C04900,26,Mysore,110009,Standard,False
C04901,36,Chennai,83352,Premium,True
C04902,63,Bangalore,149507,Standard,False
C04903,61,Bangalore,47000,Standard,True
C04904,21,Mysore,107219,Premium,True
C04905,47,Bangalore,48195,Standard,False
C04906,30,Hyderabad,69239,Standard,False
C04907,61,Hyderabad,109740,Basic,False
C04908,30,Mysore,31936,Standard,False
C04909,32,Hyderabad,32147,Premium,True
C04910,52,Hyderabad,143988,Standard,False
C04911,30,Bangalore,89411,Standard,True
C04912,36,Mysore,85349,Premium,False
C04913,50,Bangalore,141541,Basic,True
C04914,24,Bangalore,31282,Basic,False
C04915,44,Hyderabad,123313,Standard,True
C04916,25,Hyderabad,81199,Premium,True
C04917,31,Hyderabad,97912,Premium,False
C04918,55,Mysore,119062,Premium,True
C04919,57,Bangalore,108153,Standard,True
C04920,61,Mysore,60523,Standard,False
C04921,31,Hyderabad,113101,Premium,True
C04922,50,Mysore,108613,Standard,False
C04923,44,Bangalore,113549,Premium,True
C04924,19,Bangalore,55495,Standard,True
C04925,32,Chennai,36256,Standard,True
C04926,24,Hyderabad,75001,Premium,True
C04927,38,Mysore,90511,Basic,True
C04928,23,Hyderabad,77759,Standard,False
C04929,62,Hyderabad,36264,Standard,False
C04930,38,Mysore,146384,Basic,False
C04931,67,Hyderabad,88849,Premium,True
C04932,38,Chennai,58452,Standard,False
C04933,48,Mysore,60464,Basic,True
C04934,53,Hyderabad,121087,Premium,False
C04935,40,Chennai,76694,Basic,False
C04936,64,Hyderabad,117316,Premium,True
C04937,39,Hyderabad,39005,Standard,False
C04938,63,Chennai,53617,Premium,True
C04939,48,Bangalore,93298,Standard,False
C04940,44,Chennai,74719,Premium,True
C04941,42,Hyderabad,135061,Basic,False
C04942,60,Mysore,57949,Standard,False
C04943,30,Hyderabad,138294,Standard,True
C04944,65,Mysore,28040,Premium,True
C04945,53,Bangalore,91728,Standard,True
C04946,29,Mysore,117206,Premium,True
C04947,37,Mysore,100206,Basic,False
C04948,25,Bangalore,102119,Standard,True
C04949,35,Chennai,34164,Standard,False
C04950,61,Chennai,29273,Premium,False
C04951,20,Chennai,113659,Basic,True
C04952,29,Mysore,54193,Standard,False
C04953,23,Hyderabad,30684,Basic,True
C04954,30,Mysore,82699,Standard,False
C04955,36,Hyderabad,113553,Standard,False
C04956,63,Mysore,50869,Premium,False
C04957,46,Bangalore,71647,Standard,False
C04958,66,Hyderabad,122911,Basic,True
C04959,28,Hyderabad,98290,Standard,True
C04960,23,Bangalore,76873,Basic,True
C04961,27,Chennai,70206,Premium,True
C04962,54,Hyderabad,137124,Premium,True
C04963,32,Mysore,130475,Basic,True
C04964,29,Chennai,53615,Basic,False
C04965,55,Bangalore,87239,Premium,True
C04966,39,Chennai,35097,Basic,False
C04967,56,Hyderabad,126512,Premium,False
C04968,20,Mysore,93079,Basic,True
C04969,21,Hyderabad,29305,Premium,False
C04970,69,Mysore,82722,Basic,True
C04971,46,Bangalore,134751,Standard,False
C04972,23,Chennai,110155,Basic,True
C04973,58,Bangalore,142923,Basic,True
C04974,60,Chennai,148723,Premium,True
C04975,47,Chennai,67044,Standard,True
C04976,22,Chennai,87371,Premium,False
C04977,37,Mysore,101775,Standard,False
C04978,55,Bangalore,64719,Premium,True
C04979,37,Chennai,33814,Standard,False
C04980,48,Hyderabad,75934,Premium,False
C04981,47,Hyderabad,140209,Basic,False
C04982,21,Chennai,134490,Premium,False
C04983,53,Hyderabad,131954,Standard,True
C04984,57,Mysore,63970,Basic,True
C04985,66,Mysore,54109,Premium,False
C04986,43,Chennai,44625,Premium,False
C04987,35,Bangalore,33248,Premium,False
C04988,25,Chennai,34985,Basic,True
C04989,27,Bangalore,134476,Standard,False
C04990,46,Hyderabad,29019,Standard,False
C04991,18,Hyderabad,65648,Standard,True
C04992,60,Chennai,103154,Standard,True
C04993,68,Hyderabad,99426,Basic,False
C04994,49,Bangalore,82531,Standard,False
C04995,55,Bangalore,96504,Basic,True
C04996,61,Chennai,111540,Basic,True
C04997,35,Mysore,117304,Premium,True
C04998,56,Bangalore,63716,Standard,False
C04999,65,Hyderabad,92050,Standard,True
C05000,33,Bangalore,123217,Standard,False
