employee_id,name,department,age,experience_years,salary,performance_score,joining_date
E000001,Kabir,Operations,48,12.0,82904.21,1.72,2018-01-01
E000002,Nisha,Operations,61,24.0,45507.41,2.8,2018-01-01
E000003,Aditya,Sales,57,3.0,93272.96,2.02,2018-01-01
E000004,Tara,HR,52,6.0,65495.64,6.54,2018-01-02
E000005,Nisha,Engineering,59,5.0,89281.59,4.34,2018-01-02
E000006,Nisha,HR,25,23.0,40527.49,8.88,2018-01-02
E000007,Diya,Finance,45,33.0,93119.97,7.54,2018-01-03
E000008,Isha,Finance,40,9.0,111759.46,7.89,2018-01-03
E000009,Aditya,Engineering,23,0.0,95178.47,4.19,2018-01-03
E000010,Nisha,Engineering,32,29.0,74179.85,4.76,2018-01-04
E000011,Diya,Marketing,61,25.0,3000000.0,8.47,2018-01-04
E000012,Kabir,Operations,42,28.0,78712.59,8.01,2018-01-04
E000013,Tara,Marketing,28,21.0,47155.0,2.18,2018-01-05
E000014,Rohan,Finance,44,34.0,83638.23,1.62,2018-01-05
E000015,Kabir,Marketing,44,20.0,57320.45,4.8,2018-01-05
E000016,Tara,Sales,32,12.0,64594.2,2.32,2018-01-06
E000017,Kabir,HR,40,32.0,70073.42,1.8,2018-01-06
E000018,Kabir,Operations,54,30.0,46638.78,8.4,2018-01-06
E000019,Rohan,Operations,40,33.0,95530.84,1.31,2018-01-07
E000020,Aditya,HR,31,8.0,100722.41,1.54,2018-01-07
E000021,Kabir,Marketing,35,10.0,49249.22,2.72,2018-01-07
E000022,Nisha,Marketing,55,17.0,79376.18,9.49,
E000023,,Engineering,52,2.0,91005.71,2.62,2018-01-08
E000024,Nisha,HR,28,21.0,86485.73,5.77,2018-01-08
E000025,Tara,HR,36,8.0,78867.77,3.48,2018-01-09
E000026,Aarav,Engineering,25,17.0,46471.29,1.19,2018-01-09
E000027,Aditya,HR,21,5.0,60435.46,2.91,2018-01-09
E000028,Aditya,Marketing,44,23.0,57427.43,1.33,2018-01-10
E000029,Tara,Engineering,43,-3.0,90108.91,9.91,2018-01-10
E000030,Nisha,HR,49,23.0,27522.51,3.59,2018-01-10
E000031,Aditya,Marketing,42,33.0,62162.51,4.02,2018-01-11
E000032,Nisha,Sales,25,32.0,69875.93,6.85,2018-01-11
E000033,Aditya,Sales,29,27.0,73153.82,6.36,2018-01-11
E000034,Nisha,Sales,26,11.0,85861.46,7.42,2018-01-12
E000035,Isha,Finance,50,3.0,26556.37,2.3,2018-01-12
E000036,Tara,Sales,27,1.0,73549.2,15.0,2018-01-12
E000037,Tara,Finance,49,8.0,82011.79,1.79,2018-01-13
E000038,Nisha,HR,60,16.0,42401.1,5.09,2018-01-13
E000039,Tara,Operations,24,2.0,104208.08,2.18,2018-01-13
E000040,Tara,Finance,34,,124996.42,3.01,2018-01-14
E000041,Tara,Marketing,30,3.0,67288.68,9.08,2018-01-14
E000042,Isha,HR,29,1.0,62430.44,4.61,2018-01-14
E000043,Aarav,Finance,42,24.0,17655.44,4.87,2018-01-15
E000044,Rohan,Sales,34,33.0,65182.04,5.51,2018-01-15
E000045,Rohan,Operations,52,20.0,104274.81,9.08,2018-01-15
,Kabir,Marketing,32,21.0,63253.74,5.61,2018-01-16
E000047,Aarav,Marketing,61,12.0,63110.57,2.18,2018-01-16
E000048,Diya,Finance,26,2.0,65523.55,1.74,2018-01-16
E000049,Kabir,Engineering,55,16.0,83496.17,7.58,2018-01-17
E000050,Isha,Finance,31,0.0,66317.09,8.89,2018-01-17
E000051,Aarav,Marketing,29,24.0,61972.26,1.66,2018-01-17
E000052,,Operations,37,27.0,43083.96,8.4,2018-01-18
E000053,Diya,Engineering,42,30.0,44250.55,3.19,2018-01-18
E000054,Aditya,Engineering,61,14.0,103943.91,9.23,2018-01-18
E000055,Isha,Operations,22,28.0,96133.44,5.63,2018-01-19
E000056,Nisha,Finance,29,9.0,40134.73,1.67,2018-01-19
E000057,Kabir,Marketing,47,20.0,56478.58,5.46,2018-01-19
E000058,Aarav,Operations,34,,65950.68,9.08,2018-01-20
E000059,Diya,Sales,49,9.0,48248.08,5.11,2018-01-20
E000060,Isha,Marketing,38,1.0,68863.06,8.65,2018-01-20
E000061,Kabir,HR,26,20.0,94458.69,6.7,2018-01-21
E000062,Tara,Marketing,43,11.0,35597.29,2.87,2018-01-21
E000063,Isha,Marketing,61,23.0,70708.37,8.24,2018-01-21
E000064,Aditya,Marketing,35,15.0,91416.24,4.21,2018-01-22
,Kabir,Operations,41,30.0,53525.27,2.75,2018-01-22
E000066,Rohan,Operations,58,31.0,58396.11,6.57,2018-01-22
E000067,Rohan,Finance,47,13.0,57624.47,3.25,2018-01-23
E000068,Kabir,Operations,53,9.0,53672.04,6.94,2018-01-23
E000069,Nisha,Finance,49,2.0,52356.39,2.82,2018-01-23
E000070,Aditya,Sales,29,0.0,107577.44,9.08,
E000071,Aarav,Sales,50,30.0,42421.95,7.0,2018-01-24
E000072,Rohan,Marketing,51,17.0,69622.6,8.18,2018-01-24
E000073,Rohan,HR,25,23.0,57020.22,4.08,2018-01-25
E000074,Tara,Sales,36,16.0,76739.28,6.19,2018-01-25
E000075,Diya,Finance,24,13.0,119647.69,8.66,2018-01-25
E000076,Aditya,HR,40,25.0,72778.29,3.34,2018-01-26
E000077,Nisha,HR,47,7.0,88084.87,1.11,2018-01-26
E000078,Isha,HR,22,12.0,94015.39,8.37,2018-01-26
E000079,Aditya,Engineering,31,30.0,67413.45,7.06,2018-01-27
E000080,Nisha,Marketing,23,7.0,140140.74,1.6,2018-01-27
E000081,Isha,Operations,40,19.0,84112.04,3.12,2018-01-27
E000082,Tara,Sales,22,13.0,68408.53,3.97,2018-01-28
E000083,Isha,Marketing,53,4.0,25439.36,2.41,2018-01-28
E000084,Kabir,Operations,46,9.0,31527.29,3.25,2018-01-28
E000085,Nisha,Sales,46,4.0,120604.65,7.37,2018-01-29
E000086,Tara,Marketing,58,1.0,44388.79,4.74,2018-01-29
E000087,Tara,Sales,24,34.0,39204.36,5.67,2018-01-29
E000088,Tara,HR,49,10.0,81899.39,9.11,2018-01-30
E000089,Isha,Marketing,39,3.0,67221.99,1.97,2018-01-30
E000090,Isha,Operations,35,14.0,90491.73,3.75,2018-01-30
E000091,Isha,Sales,57,0.0,69639.8,8.68,2018-01-31
E000092,Nisha,HR,26,25.0,52474.83,4.31,2018-01-31
E000093,Aarav,Marketing,29,11.0,21676.13,2.34,2018-01-31
E000094,Rohan,Finance,50,5.0,58377.86,4.43,2018-02-01
E000095,Isha,Finance,53,2.0,10631.11,5.61,2018-02-01
E000096,Rohan,Sales,26,15.0,12793.12,5.42,2018-02-01
E000097,Aarav,HR,37,4.0,104050.77,9.83,2018-02-02
E000098,Kabir,Operations,55,25.0,48647.88,8.39,2018-02-02
E000099,Aarav,Marketing,52,26.0,74616.87,9.39,2018-02-02
E000100,Nisha,Sales,34,9.0,68537.82,6.71,2018-02-03
E000101,Aditya,Sales,35,17.0,85318.59,9.84,2018-02-03
E000102,Nisha,HR,26,32.0,72007.57,4.8,2018-02-03
E000103,Tara,Engineering,48,4.0,73241.63,1.33,2018-02-04
E000104,Isha,Finance,37,5.0,74034.37,8.9,2018-02-04
E000105,Nisha,Finance,25,21.0,103749.64,8.9,2018-02-04
E000106,Diya,Sales,47,24.0,102499.26,1.47,2018-02-05
E000107,Aditya,HR,45,1.0,36640.41,7.61,2018-02-05
E000108,Tara,Marketing,59,,80990.24,6.41,2018-02-05
E000109,Diya,Operations,39,3.0,68098.64,1.85,2018-02-06
E000110,Diya,Marketing,31,24.0,-12545.64,2.35,2018-02-06
E000111,Tara,HR,53,6.0,131807.19,9.42,2018-02-06
E000112,Rohan,Engineering,43,20.0,38749.95,1.7,2018-02-07
E000113,Nisha,Operations,56,20.0,58222.44,1.29,2018-02-07
E000114,Nisha,Engineering,36,29.0,79005.15,8.19,2018-02-07
E000115,Aarav,Finance,42,9.0,44651.62,1.21,2018-02-08
E000116,Aarav,Finance,52,7.0,86382.89,5.08,2018-02-08
E000117,Rohan,Finance,22,8.0,86278.33,1.14,2018-02-08
E000118,Isha,Finance,52,13.0,103902.03,8.92,2018-02-09
E000119,Aditya,Finance,58,2.0,46238.59,1.61,2018-02-09
E000120,Kabir,Operations,29,34.0,79491.75,6.87,2018-02-09
E000121,Tara,Marketing,41,31.0,48703.59,6.69,2018-02-10
E000122,Rohan,Finance,30,15.0,39575.93,6.48,2018-02-10
E000123,Rohan,Marketing,35,32.0,33182.03,3.6,2018-02-10
E000124,Aditya,Operations,34,14.0,92165.62,1.26,2018-02-11
E000125,Diya,Finance,25,15.0,64087.19,9.81,
E000126,Diya,Operations,42,5.0,104529.97,5.59,2018-02-11
E000127,Aarav,Sales,30,12.0,66712.26,8.59,2018-02-12
,Tara,Finance,33,3.0,116327.36,4.46,2018-02-12
E000129,Diya,Finance,29,25.0,38362.88,2.56,2018-02-12
E000130,Rohan,Engineering,22,5.0,73776.18,5.17,2018-02-13
E000131,Aditya,Sales,26,7.0,56348.11,2.31,2018-02-13
E000132,Nisha,Marketing,52,20.0,71921.19,3.69,2018-02-13
E000133,Isha,Operations,42,15.0,75461.97,8.48,2018-02-14
E000134,Isha,Operations,27,22.0,100148.19,5.69,2018-02-14
E000135,Aditya,Sales,57,32.0,16871.56,3.37,2018-02-14
E000136,Tara,Engineering,59,19.0,50236.21,2.41,2018-02-15
E000137,Aditya,Finance,23,31.0,105752.04,4.08,2018-02-15
E000138,Nisha,Engineering,58,19.0,66046.04,6.96,2018-02-15
E000139,Aditya,Operations,21,28.0,61705.2,8.77,2018-02-16
E000140,Kabir,Finance,56,32.0,27560.36,7.07,2018-02-16
E000141,Nisha,Marketing,44,13.0,53325.08,6.04,2018-02-16
E000142,Tara,Engineering,45,4.0,101834.68,1.32,2018-02-17
E000143,Aditya,HR,53,16.0,146222.92,8.24,2018-02-17
E000144,Kabir,Marketing,59,10.0,90844.77,7.11,2018-02-17
E000145,Aarav,Finance,24,19.0,99506.37,7.59,2018-02-18
E000146,Kabir,Sales,54,23.0,88367.47,5.92,2018-02-18
E000147,Isha,Operations,48,26.0,53684.12,3.79,2018-02-18
E000148,Rohan,Finance,22,20.0,113018.92,5.66,2018-02-19
E000149,Kabir,Engineering,56,27.0,71306.54,8.89,2018-02-19
E000150,Aarav,Engineering,43,2.0,47628.26,5.31,2018-02-19
E000151,Isha,Sales,22,0.0,55051.45,8.4,2018-02-20
E000152,Tara,Marketing,38,32.0,94199.53,8.53,2018-02-20
E000153,Rohan,Sales,43,27.0,112267.66,5.37,2018-02-20
E000154,Aarav,Engineering,30,4.0,65375.76,2.37,2018-02-21
,Rohan,Marketing,39,4.0,80748.31,4.32,2018-02-21
E000156,Tara,Finance,50,10.0,46437.41,8.61,2018-02-21
E000157,Nisha,Marketing,24,25.0,81383.42,3.57,2018-02-22
E000158,Aditya,Finance,29,26.0,96531.06,9.12,2018-02-22
E000159,Aarav,Marketing,52,12.0,51053.04,2.2,2018-02-22
E000160,Rohan,Sales,44,10.0,106406.48,6.21,2018-02-23
E000161,Rohan,Finance,42,4.0,43062.24,7.79,2018-02-23
E000162,Aarav,HR,42,1.0,102656.66,8.45,2018-02-23
E000163,Nisha,Finance,26,10.0,119614.29,2.84,2018-02-24
E000164,Tara,Sales,59,8.0,76588.45,7.9,2018-02-24
E000165,Kabir,Engineering,28,23.0,82519.46,4.29,2018-02-24
E000166,Tara,Operations,30,19.0,92014.95,1.32,2018-02-25
E000167,Rohan,Finance,32,19.0,97439.78,5.75,2018-02-25
E000168,Rohan,Operations,53,34.0,82846.49,4.02,2018-02-25
E000169,Aditya,Engineering,61,23.0,93512.46,8.21,2018-02-26
E000170,Aditya,Finance,37,26.0,106777.84,5.03,2018-02-26
E000171,Nisha,Finance,48,1.0,92035.99,6.65,2018-02-26
,Kabir,Sales,38,32.0,51409.05,7.44,2018-02-27
E000173,Tara,Engineering,60,32.0,99513.12,9.63,2018-02-27
E000174,Rohan,Sales,43,26.0,78301.41,9.01,2018-02-27
E000175,Isha,HR,32,34.0,109680.73,8.56,2018-02-28
E000176,Isha,Marketing,36,6.0,74463.83,4.54,2018-02-28
E000177,Nisha,HR,51,8.0,49188.33,4.69,2018-02-28
E000178,Rohan,HR,33,13.0,55665.53,6.59,2018-03-01
E000179,Diya,HR,42,16.0,80488.28,2.55,2018-03-01
E000180,Aarav,HR,23,28.0,83900.43,2.83,2018-03-01
E000181,Rohan,HR,48,1.0,47805.0,3.15,2018-03-02
E000182,Kabir,Marketing,51,13.0,115420.99,2.05,2018-03-02
E000183,Kabir,HR,35,30.0,110593.3,9.42,2018-03-02
E000184,Tara,Finance,51,2.0,69028.32,6.22,2018-03-03
E000185,Diya,Operations,31,12.0,80137.1,2.16,2018-03-03
E000186,Kabir,Operations,24,27.0,117114.61,9.52,2018-03-03
E000187,Diya,Marketing,36,3.0,83672.69,8.8,2018-03-04
E000188,Nisha,HR,53,31.0,37587.14,8.41,2018-03-04
E000189,Tara,Sales,57,29.0,57651.29,3.26,2018-03-04
E000190,Rohan,Finance,37,34.0,51004.09,6.55,2018-03-05
E000191,Nisha,Marketing,41,3.0,51082.35,2.43,2018-03-05
E000192,Kabir,Marketing,38,26.0,95876.73,4.63,2018-03-05
E000193,Kabir,Operations,36,13.0,65421.86,7.16,2018-03-06
E000194,Isha,Finance,54,10.0,77453.78,1.52,2018-03-06
E000195,Aditya,Sales,46,3.0,53735.0,8.77,2018-03-06
E000196,Rohan,Sales,90,19.0,46735.91,9.92,2018-03-07
E000197,Diya,Sales,40,4.0,61184.59,3.2,2018-03-07
E000198,Nisha,Operations,50,25.0,55932.48,5.18,2018-03-07
E000199,Diya,HR,46,12.0,65899.78,9.19,2018-03-08
E000200,Aarav,Sales,58,22.0,63798.5,7.29,2018-03-08
E000201,Aarav,Engineering,44,17.0,107219.87,7.03,2018-03-08
E000202,Aarav,Engineering,22,28.0,85443.39,9.52,2018-03-09
E000203,Diya,HR,44,18.0,94951.54,8.7,2018-03-09
E000204,Tara,Finance,22,8.0,72126.55,9.95,2018-03-09
E000205,Nisha,Operations,39,8.0,68982.7,8.53,2018-03-10
E000206,Tara,HR,43,20.0,65081.1,8.8,2018-03-10
,,Engineering,59,21.0,61304.48,3.62,2018-03-10
E000208,Aarav,Sales,43,32.0,2310.87,9.25,2018-03-11
E000209,Kabir,Finance,33,13.0,104292.14,9.89,2018-03-11
E000210,Rohan,Marketing,42,1.0,104346.97,3.6,2018-03-11
E000211,Rohan,Marketing,27,1.0,83146.22,1.77,2018-03-12
E000212,Rohan,Finance,25,14.0,74242.68,7.87,2018-03-12
E000213,Tara,Finance,29,21.0,77887.97,4.46,2018-03-12
E000214,Tara,HR,23,1.0,108490.65,1.53,2018-03-13
E000215,Rohan,Operations,44,18.0,34905.58,6.48,2018-03-13
E000216,Isha,Sales,42,5.0,93380.38,3.12,2018-03-13
E000217,Aarav,Sales,22,2.0,71561.59,1.82,2018-03-14
E000218,Nisha,Sales,34,16.0,71035.61,6.38,2018-03-14
E000219,Nisha,Engineering,32,12.0,40755.21,5.95,2018-03-14
E000220,Tara,Operations,24,0.0,93269.59,9.57,2018-03-15
E000221,Diya,Engineering,56,28.0,13999.27,3.55,2018-03-15
E000222,Aditya,Engineering,26,29.0,70684.3,8.52,2018-03-15
E000223,Rohan,Operations,25,13.0,66584.73,8.38,2018-03-16
E000224,Aditya,Finance,39,19.0,113024.01,8.0,2018-03-16
E000225,Nisha,Marketing,34,23.0,86985.91,9.44,2018-03-16
E000226,Nisha,Finance,56,26.0,71930.7,8.7,2018-03-17
E000227,Aditya,HR,40,33.0,19841.67,7.49,2018-03-17
E000228,Nisha,HR,28,17.0,43085.71,2.68,2018-03-17
E000229,Aditya,Marketing,27,28.0,85751.36,8.27,2018-03-18
E000230,Rohan,Engineering,23,3.0,74359.96,9.49,2018-03-18
E000231,Kabir,Engineering,25,0.0,83216.21,2.27,2018-03-18
E000232,Aarav,Marketing,57,18.0,66986.81,2.22,2018-03-19
E000233,Kabir,Operations,46,11.0,36564.78,6.47,2018-03-19
E000234,Diya,Operations,39,20.0,79640.06,1.68,2018-03-19
E000235,Kabir,HR,48,12.0,91213.03,8.01,2018-03-20
E000236,Aarav,Operations,27,27.0,69961.83,1.74,2018-03-20
E000237,Aditya,HR,56,20.0,83872.84,10.0,2018-03-20
E000238,Rohan,Engineering,41,20.0,69086.27,2.94,2018-03-21
E000239,Nisha,Engineering,23,6.0,83303.5,7.76,2018-03-21
E000240,Isha,HR,42,1.0,59054.54,2.92,2018-03-21
E000241,Rohan,Sales,23,16.0,57372.31,1.7,2018-03-22
E000242,Kabir,Sales,58,18.0,94328.61,1.1,2018-03-22
E000243,Nisha,Engineering,59,29.0,34023.55,8.13,2018-03-22
E000244,Aarav,Operations,48,34.0,52500.15,8.93,2018-03-23
E000245,Aditya,Finance,45,5.0,58583.53,1.82,2018-03-23
E000246,Tara,Finance,43,12.0,30977.75,2.28,2018-03-23
E000247,Nisha,Finance,56,13.0,94057.21,6.25,2018-03-24
E000248,Aditya,Marketing,51,28.0,107575.21,1.75,2018-03-24
E000249,,HR,47,16.0,81341.9,9.6,2018-03-24
E000250,Rohan,Marketing,41,20.0,47210.66,4.19,2018-03-25
E000251,Aarav,Finance,29,28.0,55203.08,2.3,2018-03-25
E000252,Tara,Marketing,23,5.0,77559.15,5.52,2018-03-25
E000253,Aditya,Operations,27,29.0,63174.4,5.15,2018-03-26
E000254,Kabir,HR,31,16.0,90545.1,7.4,2018-03-26
E000255,Rohan,Engineering,33,17.0,60614.94,3.93,2018-03-26
E000256,Tara,Operations,40,31.0,92855.58,6.21,2018-03-27
E000257,Kabir,Sales,23,4.0,71628.23,8.46,2018-03-27
E000258,Rohan,Marketing,39,16.0,62475.22,6.68,2018-03-27
E000259,Diya,Sales,52,1.0,124002.46,2.69,2018-03-28
E000260,Kabir,Marketing,42,10.0,65328.39,1.58,2018-03-28
E000261,Tara,Engineering,60,23.0,30784.67,4.8,2018-03-28
E000262,Rohan,Sales,26,7.0,54794.85,2.9,2018-03-29
E000263,Isha,Operations,23,23.0,59232.91,6.57,2018-03-29
E000264,,Marketing,30,19.0,36950.56,7.78,2018-03-29
E000265,Tara,Engineering,59,34.0,71390.64,1.95,2018-03-30
E000266,Isha,Operations,50,19.0,51774.89,3.31,2018-03-30
E000267,Kabir,Operations,47,13.0,42979.19,9.79,2018-03-30
E000268,Kabir,Engineering,32,11.0,78220.41,7.69,2018-03-31
E000269,Isha,Operations,29,24.0,114902.59,9.83,2018-03-31
E000270,Diya,Operations,33,20.0,101463.1,2.95,2018-03-31
E000271,Isha,Sales,29,6.0,62748.98,6.82,2018-04-01
E000272,Aditya,Engineering,39,23.0,77726.01,6.38,2018-04-01
E000273,Isha,Finance,61,9.0,63440.62,8.46,2018-04-01
E000274,Aarav,Sales,60,30.0,59161.34,1.58,2018-04-02
E000275,Isha,Engineering,21,17.0,76312.5,9.6,2018-04-02
E000276,Tara,Sales,60,25.0,68885.16,1.92,2018-04-02
E000277,Kabir,Marketing,21,17.0,88007.51,3.84,2018-04-03
E000278,Rohan,Engineering,53,12.0,70663.07,9.56,2018-04-03
E000279,Tara,Engineering,25,6.0,66226.06,5.89,2018-04-03
E000280,Aarav,Sales,47,22.0,70313.81,1.62,2018-04-04
E000281,Aditya,Sales,21,16.0,54316.35,2.86,2018-04-04
E000282,Diya,Finance,44,3.0,91468.45,8.4,2018-04-04
E000283,Aditya,Sales,42,22.0,83925.52,8.06,2018-04-05
E000284,Kabir,Operations,29,31.0,84002.78,5.09,2018-04-05
E000285,Aditya,Marketing,33,7.0,146049.8,7.29,2018-04-05
E000286,Tara,HR,40,25.0,13076.67,2.6,2018-04-06
E000287,Diya,Sales,26,17.0,125766.83,1.9,2018-04-06
E000288,Isha,Marketing,39,25.0,84429.18,3.23,2018-04-06
E000289,Rohan,Engineering,53,6.0,104000.3,5.47,2018-04-07
E000290,Isha,Operations,45,18.0,57037.61,9.85,2018-04-07
E000291,Aditya,Operations,24,29.0,117724.18,6.59,2018-04-07
E000292,Isha,Operations,47,16.0,109228.87,3.36,2018-04-08
E000293,Rohan,Operations,53,3.0,70753.64,3.49,
,Diya,Marketing,40,11.0,11297.65,8.47,2018-04-08
E000295,Nisha,Marketing,28,24.0,56514.71,8.08,2018-04-09
E000296,Diya,Engineering,27,2.0,77636.74,4.02,2018-04-09
E000297,Aditya,HR,41,,55636.45,3.45,2018-04-09
E000298,Kabir,Marketing,48,13.0,125672.84,3.91,2018-04-10
E000299,Isha,Sales,60,32.0,31911.47,6.44,2018-04-10
E000300,Nisha,HR,39,27.0,101090.48,7.91,2018-04-10
E000301,Kabir,Marketing,46,8.0,61760.7,8.77,2018-04-11
E000302,Aditya,Finance,56,2.0,66914.81,5.4,2018-04-11
E000303,Tara,Operations,44,18.0,82036.29,6.9,2018-04-11
E000304,,Marketing,35,20.0,81026.65,8.92,2018-04-12
E000305,Aditya,Operations,32,14.0,27951.05,4.14,2018-04-12
E000306,Aarav,Engineering,57,8.0,60916.89,7.57,2018-04-12
E000307,Aditya,Engineering,51,12.0,62981.38,2.92,2018-04-13
E000308,Isha,Operations,41,0.0,75663.46,2.48,2018-04-13
E000309,Diya,Operations,54,6.0,54122.39,5.75,2018-04-13
E000310,Aditya,Engineering,44,17.0,34442.85,4.48,2018-04-14
E000311,Aarav,Sales,21,24.0,73388.56,3.53,2018-04-14
E000312,Aarav,Engineering,39,13.0,83469.03,9.37,2018-04-14
E000313,Isha,HR,45,15.0,75575.39,6.79,2018-04-15
E000314,Nisha,HR,35,16.0,80970.61,4.42,2018-04-15
E000315,Isha,Operations,42,27.0,35850.24,7.84,2018-04-15
E000316,Kabir,Engineering,28,18.0,73031.08,5.53,2018-04-16
E000317,Kabir,Sales,37,20.0,105924.68,1.41,2018-04-16
E000318,Aditya,Marketing,30,23.0,73023.89,6.01,2018-04-16
E000319,Diya,Finance,29,34.0,62314.13,9.51,2018-04-17
E000320,Isha,Marketing,47,0.0,63860.78,3.63,2018-04-17
E000321,Tara,Sales,44,7.0,54979.39,5.61,2018-04-17
E000322,Nisha,Sales,28,28.0,57732.44,4.61,2018-04-18
E000323,Kabir,HR,26,4.0,57499.43,6.35,2018-04-18
E000324,Aarav,Marketing,36,4.0,73475.84,9.74,2018-04-18
E000325,Rohan,Finance,26,16.0,88191.48,9.74,2018-04-19
E000326,Isha,Finance,39,14.0,52988.05,9.78,2018-04-19
E000327,Isha,Sales,25,29.0,92302.07,3.51,2018-04-19
E000328,Diya,Marketing,39,28.0,77590.6,5.47,2018-04-20
E000329,Aarav,Finance,52,19.0,87289.83,7.6,2018-04-20
E000330,Aarav,Finance,30,5.0,52082.29,1.71,2018-04-20
E000331,Diya,Operations,54,19.0,67184.53,6.74,2018-04-21
E000332,Nisha,Operations,57,32.0,66466.18,5.03,2018-04-21
E000333,Kabir,Marketing,27,22.0,60522.0,3.36,2018-04-21
E000334,Aditya,Finance,41,12.0,38823.41,4.29,2018-04-22
E000335,Aarav,HR,48,10.0,102354.09,5.21,2018-04-22
E000336,Tara,Finance,57,33.0,51561.42,7.93,2018-04-22
E000337,Nisha,Finance,53,28.0,58931.25,4.41,2018-04-23
E000338,Aarav,Finance,25,10.0,56954.44,8.46,2018-04-23
E000339,Diya,Marketing,43,6.0,77582.04,6.99,2018-04-23
E000340,Tara,Engineering,61,20.0,82269.08,7.54,2018-04-24
E000341,Aditya,Sales,51,2.0,44301.8,9.55,2018-04-24
E000342,Isha,Finance,55,24.0,59149.45,4.27,2018-04-24
E000343,Nisha,HR,53,22.0,60511.39,2.25,2018-04-25
E000344,Rohan,HR,58,24.0,103099.14,7.34,2018-04-25
E000345,Tara,Operations,47,11.0,87053.09,2.71,2018-04-25
E000346,Aarav,Sales,37,4.0,66215.83,8.31,2018-04-26
E000347,Rohan,HR,31,33.0,118415.02,3.26,2018-04-26
E000348,Diya,Finance,54,2.0,90626.18,6.65,2018-04-26
E000349,Kabir,Marketing,37,27.0,29461.11,1.17,2018-04-27
E000350,Nisha,Operations,32,,25072.63,5.12,2018-04-27
E000351,Aditya,Operations,27,20.0,77558.91,8.1,2018-04-27
E000352,Isha,Operations,31,18.0,100287.62,7.41,2018-04-28
E000353,Nisha,Sales,25,11.0,35042.28,8.56,2018-04-28
E000354,Aarav,Marketing,35,11.0,112669.96,9.13,2018-04-28
E000355,Diya,Finance,49,24.0,61114.3,4.09,2018-04-29
E000356,Diya,Engineering,25,5.0,78608.67,3.58,2018-04-29
E000357,Diya,Sales,21,14.0,77284.11,6.26,2018-04-29
E000358,Rohan,HR,50,7.0,19621.96,3.96,
E000359,Tara,Operations,35,19.0,98544.41,4.99,2018-04-30
E000360,Aarav,Finance,52,34.0,27044.97,4.94,2018-04-30
E000361,Kabir,Engineering,35,28.0,22499.39,4.33,2018-05-01
E000362,Aditya,Engineering,32,23.0,67980.08,1.29,2018-05-01
E000363,Isha,Finance,42,5.0,26621.97,5.98,2018-05-01
E000364,Aditya,Sales,35,18.0,76400.53,4.32,2018-05-02
E000365,Tara,Sales,44,22.0,43913.52,9.99,2018-05-02
E000366,Aditya,Marketing,26,22.0,46296.99,8.71,2018-05-02
E000367,Aditya,Finance,60,21.0,86557.05,8.62,2018-05-03
E000368,Nisha,Operations,53,0.0,89871.31,8.24,2018-05-03
E000369,Rohan,HR,25,29.0,72355.45,1.88,2018-05-03
E000370,Diya,Engineering,58,25.0,31200.42,7.75,2018-05-04
E000371,Isha,Finance,56,34.0,52514.58,6.33,2018-05-04
E000372,Kabir,Marketing,39,29.0,61998.7,3.88,2018-05-04
E000373,Rohan,HR,28,6.0,55011.55,3.6,2018-05-05
E000374,Aditya,Operations,39,20.0,69873.14,2.45,2018-05-05
E000375,Rohan,Finance,57,10.0,16477.42,7.35,2018-05-05
E000376,Aditya,Operations,49,24.0,78771.03,1.78,2018-05-06
E000377,Diya,Sales,59,10.0,59124.45,3.66,2018-05-06
E000378,Rohan,Operations,43,16.0,54175.91,8.0,2018-05-06
E000379,Kabir,Operations,32,6.0,82172.77,1.92,2018-05-07
E000380,Tara,Operations,59,15.0,81875.38,3.65,2018-05-07
E000381,Diya,Sales,27,25.0,29608.91,3.71,2018-05-07
E000382,Kabir,Marketing,39,25.0,71707.44,2.18,2018-05-08
E000383,Kabir,Sales,44,,76273.73,9.69,2018-05-08
E000384,Rohan,Finance,57,6.0,70512.41,6.17,2018-05-08
E000385,Tara,Marketing,37,2.0,93361.69,9.93,2018-05-09
E000386,Aarav,Finance,33,24.0,58763.22,8.88,2018-05-09
E000387,Rohan,HR,56,31.0,74216.08,3.34,2018-05-09
E000388,Kabir,Sales,56,29.0,35914.76,5.8,2018-05-10
E000389,Tara,Engineering,25,8.0,64468.82,5.9,2018-05-10
E000390,Tara,HR,45,20.0,135738.64,3.83,2018-05-10
E000391,Aditya,Operations,29,11.0,102104.46,8.63,2018-05-11
E000392,Aarav,Marketing,50,26.0,112767.77,1.58,2018-05-11
E000393,Aarav,Sales,33,17.0,83801.24,2.43,2018-05-11
E000394,Kabir,Operations,39,5.0,66891.75,4.66,2018-05-12
E000395,Aarav,Operations,43,21.0,84168.78,5.93,2018-05-12
E000396,Isha,Operations,44,15.0,95572.27,1.11,2018-05-12
E000397,Isha,Sales,34,0.0,76919.03,8.0,2018-05-13
E000398,Isha,Sales,45,23.0,124429.02,8.93,2018-05-13
E000399,Rohan,Finance,54,20.0,81917.6,3.99,2018-05-13
,Kabir,HR,56,12.0,50077.17,6.14,2018-05-14
E000401,Kabir,Operations,45,27.0,44976.0,3.55,2018-05-14
E000402,Isha,Sales,39,24.0,82434.32,3.84,2018-05-14
E000403,Rohan,HR,46,17.0,63657.32,9.55,2018-05-15
E000404,Kabir,Marketing,39,4.0,134271.03,2.47,2018-05-15
E000405,Isha,Marketing,30,17.0,75816.36,8.31,2018-05-15
E000406,Rohan,HR,55,7.0,77062.57,8.61,2018-05-16
E000407,Kabir,Sales,22,,77427.6,7.83,2018-05-16
E000408,Isha,Finance,33,24.0,83239.27,5.61,
E000409,Rohan,Finance,34,1.0,57062.91,3.13,2018-05-17
E000410,Isha,Sales,30,23.0,55548.94,1.04,2018-05-17
E000411,Aarav,Finance,30,24.0,53620.0,6.71,2018-05-17
E000412,Isha,Marketing,56,14.0,67682.26,3.89,2018-05-18
E000413,Nisha,Engineering,22,34.0,45386.31,1.31,2018-05-18
E000414,Nisha,Marketing,21,25.0,64120.77,2.63,2018-05-18
E000415,Kabir,Sales,26,7.0,61042.52,9.27,2018-05-19
E000416,Rohan,Operations,33,8.0,88823.14,8.29,2018-05-19
E000417,Kabir,Operations,48,6.0,80737.29,3.36,2018-05-19
E000418,Aditya,Sales,22,19.0,73426.03,5.64,2018-05-20
E000419,Tara,Sales,22,13.0,92387.24,4.29,2018-05-20
E000420,Rohan,Operations,30,20.0,68264.01,9.8,2018-05-20
E000421,Kabir,HR,21,7.0,66959.27,3.67,2018-05-21
E000422,Tara,Marketing,21,12.0,-236.47,4.48,2018-05-21
E000423,Diya,Operations,37,23.0,93663.68,5.1,2018-05-21
,Tara,Finance,55,25.0,53498.13,7.1,2018-05-22
E000425,Aarav,Finance,27,11.0,62344.0,8.07,2018-05-22
E000426,Rohan,HR,40,1.0,84303.83,9.85,2018-05-22
E000427,Tara,Operations,39,33.0,75524.29,9.18,2018-05-23
E000428,Aarav,Operations,37,21.0,32340.65,4.59,2018-05-23
E000429,Isha,Finance,39,29.0,48425.61,7.73,2018-05-23
E000430,Aarav,Engineering,28,25.0,55580.76,1.37,2018-05-24
E000431,Aditya,Engineering,30,29.0,111266.67,3.58,2018-05-24
E000432,Aditya,Operations,56,16.0,67520.88,6.86,2018-05-24
E000433,Aditya,Marketing,51,31.0,50589.68,9.07,2018-05-25
E000434,Diya,Operations,28,3.0,84479.67,1.4,2018-05-25
E000435,Kabir,HR,48,14.0,42891.6,9.27,2018-05-25
E000436,Aditya,Finance,30,20.0,124968.01,6.0,2018-05-26
E000437,Rohan,Engineering,53,5.0,52956.97,8.54,2018-05-26
E000438,Nisha,Finance,25,17.0,75747.44,4.56,2018-05-26
E000439,Nisha,Operations,58,28.0,96345.54,8.2,2018-05-27
E000440,Diya,Finance,22,8.0,34052.72,4.19,2018-05-27
E000441,Aarav,Marketing,58,28.0,14867.71,6.6,2018-05-27
E000442,Isha,HR,60,3.0,38172.79,2.3,2018-05-28
E000443,Tara,Marketing,50,25.0,93434.73,6.97,2018-05-28
E000444,Nisha,Operations,45,22.0,61801.57,3.57,2018-05-28
E000445,Aditya,Operations,27,25.0,71640.34,9.15,2018-05-29
E000446,Isha,Sales,29,15.0,104035.87,5.09,2018-05-29
E000447,Aditya,Engineering,49,22.0,31544.26,4.68,2018-05-29
E000448,Rohan,Engineering,50,34.0,85165.67,6.11,
E000449,Kabir,HR,28,22.0,111290.15,3.47,2018-05-30
E000450,Tara,Marketing,42,12.0,103416.41,4.59,2018-05-30
E000451,Aarav,Operations,54,20.0,107526.21,2.73,2018-05-31
E000452,Isha,Marketing,32,19.0,70044.82,3.7,2018-05-31
E000453,Diya,Engineering,23,33.0,84815.72,7.84,2018-05-31
E000454,Aarav,Marketing,46,29.0,78613.42,8.73,2018-06-01
E000455,Kabir,HR,25,9.0,80279.06,1.52,2018-06-01
E000456,Nisha,Finance,40,18.0,46811.94,8.12,2018-06-01
E000457,Aarav,Engineering,60,10.0,41788.17,3.39,2018-06-02
E000458,Aarav,Finance,29,2.0,43206.53,2.71,2018-06-02
E000459,Aarav,HR,55,31.0,77600.35,4.07,2018-06-02
E000460,Kabir,Marketing,23,27.0,10886.87,7.04,2018-06-03
E000461,Tara,Marketing,32,29.0,65547.42,9.06,2018-06-03
E000462,Aditya,Marketing,27,4.0,86642.85,2.17,2018-06-03
E000463,Kabir,Operations,41,22.0,121706.19,6.48,2018-06-04
E000464,Isha,Operations,56,20.0,68631.21,7.35,2018-06-04
E000465,Tara,Operations,25,2.0,19813.45,5.84,2018-06-04
E000466,Kabir,Engineering,61,27.0,98850.69,6.58,2018-06-05
E000467,Rohan,Engineering,54,19.0,90196.39,4.64,2018-06-05
E000468,Nisha,Sales,57,34.0,45129.06,5.59,2018-06-05
E000469,Aditya,Operations,33,19.0,76243.26,5.22,2018-06-06
E000470,Aditya,Operations,43,,122850.27,5.34,2018-06-06
E000471,Tara,Finance,23,18.0,32816.97,9.06,2018-06-06
E000472,Kabir,Finance,36,13.0,121072.04,4.69,2018-06-07
E000473,Aditya,Operations,42,7.0,77873.41,8.32,2018-06-07
E000474,Isha,Operations,57,9.0,45830.83,3.85,2018-06-07
E000475,Kabir,Finance,46,21.0,79238.79,1.4,2018-06-08
E000476,Rohan,HR,46,24.0,52696.82,7.34,2018-06-08
E000477,Tara,Sales,56,32.0,140740.53,2.72,2018-06-08
E000478,Isha,HR,34,7.0,71731.8,3.34,2018-06-09
E000479,Nisha,Operations,31,32.0,94550.76,4.65,2018-06-09
E000480,Tara,Finance,39,15.0,51342.91,1.4,2018-06-09
E000481,Nisha,Operations,22,7.0,57876.32,9.29,
E000482,Aditya,Finance,45,33.0,30636.09,9.24,2018-06-10
E000483,Aarav,Marketing,32,17.0,14258.74,8.46,2018-06-10
E000484,Aarav,Finance,52,13.0,72875.23,9.39,2018-06-11
E000485,Rohan,Operations,33,34.0,56857.98,7.14,2018-06-11
E000486,Nisha,Operations,43,22.0,-10000.0,1.76,2018-06-11
E000487,Isha,Operations,27,4.0,71213.13,6.44,2018-06-12
E000488,Aditya,Sales,26,23.0,59528.95,7.83,2018-06-12
E000489,Rohan,HR,48,30.0,86983.82,5.45,2018-06-12
E000490,Diya,HR,51,11.0,79572.29,5.76,2018-06-13
E000491,Diya,Finance,54,13.0,76434.06,2.92,2018-06-13
E000492,Nisha,Sales,56,23.0,83281.22,7.5,2018-06-13
E000493,,Sales,56,3.0,31880.03,3.4,2018-06-14
E000494,Diya,Marketing,35,6.0,62031.8,5.39,2018-06-14
E000495,Nisha,Sales,90,7.0,47420.72,6.65,2018-06-14
E000496,Rohan,Sales,47,19.0,52302.15,7.39,2018-06-15
E000497,Isha,Marketing,33,0.0,48615.73,2.28,2018-06-15
E000498,Aditya,Engineering,53,30.0,83160.63,2.46,2018-06-15
E000499,Rohan,HR,50,30.0,58137.27,4.57,2018-06-16
E000500,Aarav,HR,46,11.0,40017.28,5.56,2018-06-16
E000501,Aarav,Marketing,51,25.0,94609.7,9.9,2018-06-16
E000502,Rohan,HR,55,8.0,76835.17,6.6,2018-06-17
E000503,Isha,Operations,21,8.0,48573.64,4.21,2018-06-17
E000504,Diya,HR,50,9.0,22621.87,8.74,
E000505,Aarav,Engineering,28,8.0,73292.72,1.24,2018-06-18
E000506,Kabir,HR,26,2.0,56505.21,1.3,2018-06-18
E000507,Isha,Engineering,43,23.0,54521.8,8.5,2018-06-18
E000508,Aditya,Engineering,44,13.0,46878.52,4.3,2018-06-19
E000509,Aarav,Operations,59,9.0,81940.4,6.69,2018-06-19
E000510,Nisha,Engineering,52,2.0,133381.96,6.4,2018-06-19
E000511,Kabir,Engineering,24,15.0,68399.58,8.82,2018-06-20
E000512,,Marketing,48,10.0,59155.51,6.86,2018-06-20
E000513,Tara,Marketing,38,12.0,69211.82,5.94,2018-06-20
E000514,Rohan,Operations,52,12.0,49941.14,1.47,2018-06-21
E000515,Isha,Engineering,43,3.0,90092.27,2.2,2018-06-21
E000516,Tara,Sales,46,16.0,60442.77,3.74,2018-06-21
E000517,Tara,Finance,22,0.0,88484.46,9.52,2018-06-22
E000518,Aditya,Sales,54,6.0,82213.97,1.59,2018-06-22
E000519,Kabir,Sales,60,26.0,58130.16,1.67,2018-06-22
E000520,Tara,Marketing,25,26.0,60017.5,3.65,2018-06-23
E000521,Rohan,Operations,50,23.0,46988.91,3.37,2018-06-23
E000522,Aditya,Sales,56,27.0,61046.46,8.96,2018-06-23
,Aditya,Marketing,37,24.0,88208.43,3.92,2018-06-24
E000524,Tara,HR,36,25.0,72657.52,8.88,2018-06-24
E000525,Aarav,Sales,53,2.0,100719.56,5.54,2018-06-24
E000526,Tara,Sales,28,15.0,24636.2,5.86,2018-06-25
E000527,Isha,Engineering,52,28.0,49809.94,8.94,2018-06-25
E000528,Kabir,Finance,28,29.0,54223.47,7.3,2018-06-25
E000529,Kabir,Engineering,38,7.0,75032.2,8.09,2018-06-26
E000530,Kabir,Operations,32,34.0,106181.01,4.39,2018-06-26
E000531,Isha,HR,29,19.0,79198.65,2.75,2018-06-26
E000532,Aarav,Engineering,37,24.0,124337.81,8.17,2018-06-27
E000533,Nisha,Finance,22,2.0,52204.95,9.28,2018-06-27
E000534,Aarav,Marketing,56,30.0,87944.57,6.67,2018-06-27
E000535,Aarav,Operations,21,28.0,74004.66,1.18,2018-06-28
E000536,Kabir,Engineering,38,19.0,104452.37,2.56,2018-06-28
E000537,Aditya,Sales,36,14.0,68742.18,5.23,2018-06-28
E000538,Kabir,Finance,44,0.0,88106.22,3.68,
E000539,Kabir,HR,25,20.0,98220.28,4.3,2018-06-29
E000540,Rohan,Engineering,23,26.0,16935.62,6.76,2018-06-29
E000541,,HR,23,21.0,93487.8,6.36,2018-06-30
,Nisha,Marketing,29,1.0,88923.08,1.28,2018-06-30
E000543,Aditya,Marketing,43,15.0,36421.18,2.53,2018-06-30
E000544,Kabir,Operations,22,26.0,67022.3,1.92,2018-07-01
E000545,Aditya,Sales,47,7.0,77160.43,4.19,2018-07-01
E000546,Isha,Finance,47,9.0,77824.05,9.04,2018-07-01
E000547,Aarav,HR,28,16.0,38510.44,2.13,2018-07-02
E000548,Kabir,Operations,50,16.0,104565.22,9.85,2018-07-02
E000549,Rohan,Engineering,33,0.0,118921.36,1.7,2018-07-02
E000550,Rohan,Finance,57,26.0,70030.28,2.83,2018-07-03
E000551,Diya,Sales,27,15.0,25344.09,9.49,2018-07-03
E000552,Aditya,Sales,35,16.0,108938.29,2.06,2018-07-03
E000553,Nisha,Finance,50,24.0,76596.69,8.44,2018-07-04
E000554,Rohan,Operations,28,19.0,33349.97,7.12,2018-07-04
E000555,Nisha,Operations,47,15.0,84795.86,5.02,2018-07-04
E000556,Aditya,HR,23,4.0,89324.13,9.15,2018-07-05
E000557,Nisha,Finance,48,31.0,91629.58,2.39,2018-07-05
E000558,Rohan,Sales,34,19.0,102125.56,5.07,2018-07-05
E000559,Aarav,Marketing,24,13.0,113777.33,1.44,2018-07-06
E000560,Aarav,Finance,43,25.0,74619.44,6.35,2018-07-06
E000561,Aarav,Operations,24,19.0,70811.81,8.43,2018-07-06
E000562,Kabir,Marketing,46,20.0,25483.51,9.59,2018-07-07
E000563,Diya,Marketing,54,4.0,76950.76,1.45,2018-07-07
E000564,Kabir,Operations,32,16.0,65339.32,2.92,2018-07-07
E000565,Nisha,Engineering,37,29.0,74880.25,4.75,2018-07-08
E000566,Rohan,Sales,58,21.0,31099.63,2.06,2018-07-08
E000567,Aarav,Engineering,47,18.0,91197.13,8.69,2018-07-08
E000568,Aarav,Finance,40,16.0,95101.37,9.61,2018-07-09
E000569,Nisha,Finance,49,32.0,49106.18,5.99,2018-07-09
E000570,Kabir,Operations,57,34.0,81968.82,6.66,2018-07-09
E000571,Tara,Engineering,48,13.0,53013.53,4.43,2018-07-10
E000572,Kabir,Finance,34,16.0,18447.61,9.04,2018-07-10
E000573,Rohan,Sales,60,10.0,37888.58,3.92,2018-07-10
E000574,Aarav,Engineering,38,22.0,61357.1,4.92,2018-07-11
E000575,Isha,Operations,56,29.0,67085.16,2.42,2018-07-11
E000576,Isha,Marketing,34,30.0,74139.53,3.6,2018-07-11
E000577,Rohan,Finance,49,13.0,68651.12,9.8,2018-07-12
E000578,Kabir,Marketing,44,5.0,87771.72,4.67,2018-07-12
E000579,Kabir,Sales,34,12.0,59728.0,7.03,2018-07-12
E000580,Kabir,Operations,34,22.0,40872.18,7.46,
E000581,Kabir,Finance,25,24.0,63652.44,4.76,2018-07-13
E000582,Nisha,Operations,55,28.0,38953.88,7.04,2018-07-13
E000583,Nisha,Marketing,21,18.0,39082.34,8.23,2018-07-14
E000584,Aarav,Finance,60,14.0,62820.4,4.83,2018-07-14
E000585,Aarav,Sales,59,12.0,86112.85,1.37,2018-07-14
E000586,Nisha,Marketing,29,21.0,39705.65,6.05,2018-07-15
E000587,Rohan,Engineering,59,23.0,32027.61,9.76,2018-07-15
E000588,Kabir,Sales,50,29.0,73328.32,9.64,2018-07-15
E000589,Diya,HR,49,19.0,106955.68,6.57,2018-07-16
E000590,Diya,Engineering,25,20.0,62575.14,2.67,2018-07-16
E000591,Kabir,Sales,26,12.0,72703.15,5.71,2018-07-16
E000592,,Engineering,48,25.0,20380.11,4.4,2018-07-17
E000593,Isha,Engineering,58,2.0,99305.88,1.18,2018-07-17
E000594,Aarav,Operations,46,18.0,71802.98,2.58,2018-07-17
E000595,Tara,Engineering,42,3.0,80374.38,5.78,2018-07-18
E000596,Aditya,Operations,47,4.0,58009.85,8.6,2018-07-18
E000597,Rohan,Sales,41,21.0,86672.92,1.6,2018-07-18
E000598,Aditya,Engineering,25,8.0,65987.58,2.83,2018-07-19
E000599,Kabir,Marketing,28,17.0,87848.84,7.76,2018-07-19
E000600,Nisha,HR,58,5.0,23358.91,8.42,2018-07-19
E000601,Nisha,Engineering,26,8.0,51717.92,1.16,2018-07-20
E000602,Diya,Operations,60,9.0,73257.18,1.76,2018-07-20
E000603,Tara,Finance,22,18.0,65191.33,7.08,2018-07-20
E000604,Nisha,Engineering,28,20.0,56344.26,3.04,2018-07-21
,Diya,Marketing,48,11.0,78245.56,1.51,2018-07-21
E000606,Aarav,Operations,60,6.0,100425.68,7.76,2018-07-21
E000607,Isha,HR,39,30.0,53457.11,9.98,2018-07-22
E000608,,Marketing,48,3.0,102668.33,3.55,2018-07-22
E000609,Aarav,Finance,42,9.0,68660.26,4.8,2018-07-22
E000610,Rohan,HR,50,33.0,76226.64,5.45,2018-07-23
E000611,Aditya,Finance,48,29.0,69621.63,5.15,2018-07-23
E000612,Rohan,Marketing,37,-1.0,15048.51,4.42,2018-07-23
E000613,Tara,HR,49,13.0,84142.45,9.54,2018-07-24
E000614,Aditya,Marketing,50,4.0,64177.87,3.14,2018-07-24
E000615,Kabir,Marketing,33,24.0,63665.36,9.88,2018-07-24
E000616,Nisha,Finance,40,17.0,61220.73,8.31,2018-07-25
E000617,Tara,Sales,44,19.0,74134.53,8.23,2018-07-25
E000618,Rohan,Sales,22,30.0,86288.63,9.93,2018-07-25
E000619,Aarav,Engineering,28,9.0,68675.4,8.63,2018-07-26
E000620,Isha,Finance,56,27.0,81833.28,6.38,2018-07-26
E000621,Isha,Operations,43,9.0,44700.0,4.72,2018-07-26
E000622,Aarav,Engineering,43,7.0,17034.84,5.01,2018-07-27
E000623,Diya,Finance,60,12.0,51872.48,4.76,2018-07-27
E000624,,Finance,27,3.0,107708.77,1.7,2018-07-27
E000625,Isha,Sales,46,32.0,76577.13,5.68,2018-07-28
E000626,Aarav,Marketing,52,19.0,78267.87,9.24,2018-07-28
E000627,Rohan,HR,25,19.0,90029.02,9.75,2018-07-28
E000628,Aarav,HR,54,8.0,47047.92,4.8,2018-07-29
E000629,Diya,Sales,50,12.0,73063.34,6.99,2018-07-29
E000630,Aditya,Sales,32,0.0,123028.19,3.08,2018-07-29
E000631,Rohan,Engineering,34,0.0,49225.89,8.22,2018-07-30
E000632,Rohan,Finance,26,5.0,113652.62,4.76,2018-07-30
E000633,Kabir,Engineering,37,28.0,25809.24,6.73,2018-07-30
E000634,Aarav,Marketing,29,15.0,97741.85,8.48,2018-07-31
E000635,Diya,Finance,43,17.0,118709.65,3.15,2018-07-31
E000636,Aditya,Finance,25,7.0,81535.13,5.85,
E000637,Kabir,Sales,37,0.0,124014.85,9.56,2018-08-01
E000638,Aditya,Sales,31,24.0,84385.61,3.43,2018-08-01
E000639,Kabir,Sales,22,20.0,28065.25,6.77,2018-08-01
E000640,Nisha,HR,46,29.0,74218.2,5.89,2018-08-02
E000641,Nisha,Sales,52,1.0,40633.25,8.53,2018-08-02
E000642,Tara,Engineering,36,32.0,100753.74,8.9,2018-08-02
E000643,Diya,Marketing,53,3.0,79133.96,3.83,2018-08-03
E000644,Aditya,Engineering,22,23.0,50129.94,1.09,2018-08-03
E000645,Rohan,Operations,49,2.0,64647.74,4.92,2018-08-03
E000646,Nisha,Engineering,53,30.0,19686.39,5.68,2018-08-04
E000647,Aarav,Engineering,32,26.0,112307.04,3.01,2018-08-04
E000648,Aditya,Operations,33,3.0,65565.74,7.72,2018-08-04
E000649,Kabir,HR,30,22.0,60892.32,7.39,2018-08-05
E000650,Isha,Finance,37,31.0,70199.42,5.65,2018-08-05
E000651,Isha,Sales,53,13.0,75440.81,7.71,2018-08-05
E000652,Nisha,Sales,30,7.0,91623.96,5.24,
E000653,Diya,Sales,23,31.0,61036.24,3.4,2018-08-06
E000654,Tara,Sales,23,11.0,88662.55,6.27,2018-08-06
E000655,Diya,Engineering,26,34.0,60612.5,3.15,2018-08-07
E000656,Kabir,Engineering,57,12.0,77725.78,7.21,2018-08-07
E000657,Diya,Engineering,31,4.0,102541.71,1.43,2018-08-07
E000658,Aarav,HR,51,2.0,72346.22,4.1,2018-08-08
E000659,Isha,Operations,58,5.0,90938.38,4.22,2018-08-08
E000660,Tara,Operations,23,,99314.43,1.8,2018-08-08
E000661,Rohan,HR,56,30.0,65395.21,7.87,2018-08-09
E000662,Aarav,HR,56,5.0,44028.51,9.58,2018-08-09
E000663,Rohan,Finance,29,7.0,46498.81,1.69,2018-08-09
E000664,Isha,HR,38,8.0,42766.68,2.41,2018-08-10
E000665,Aarav,Operations,42,29.0,58459.37,8.65,2018-08-10
E000666,Nisha,Engineering,26,32.0,88569.36,5.09,2018-08-10
E000667,Diya,HR,61,16.0,97417.07,3.24,2018-08-11
E000668,Diya,Engineering,43,8.0,83763.15,6.28,2018-08-11
E000669,Tara,Marketing,28,5.0,70228.75,1.39,2018-08-11
E000670,Kabir,Engineering,47,24.0,45428.81,1.29,2018-08-12
E000671,Aditya,Sales,30,17.0,85447.72,7.96,2018-08-12
E000672,Kabir,HR,51,26.0,76855.73,8.04,2018-08-12
E000673,Nisha,Operations,25,26.0,81436.4,9.72,2018-08-13
,Isha,HR,50,13.0,77553.19,9.02,2018-08-13
E000675,Nisha,Finance,58,20.0,53903.62,7.5,2018-08-13
E000676,Isha,Engineering,36,28.0,40369.29,9.52,2018-08-14
E000677,Isha,Sales,22,3.0,39007.9,5.63,2018-08-14
E000678,Nisha,Operations,30,0.0,51296.94,9.16,2018-08-14
E000679,Kabir,Sales,40,26.0,73712.89,9.25,2018-08-15
E000680,Kabir,Finance,50,32.0,95154.42,3.18,2018-08-15
E000681,Rohan,Finance,57,4.0,74613.21,8.59,2018-08-15
E000682,Nisha,HR,28,27.0,83031.48,2.58,2018-08-16
E000683,Rohan,Engineering,43,30.0,90915.93,9.08,2018-08-16
E000684,Rohan,HR,38,26.0,77129.93,5.2,2018-08-16
,Nisha,Finance,58,5.0,92635.44,6.09,2018-08-17
E000686,Tara,Operations,32,1.0,88205.54,8.34,2018-08-17
E000687,Rohan,Marketing,37,8.0,80494.26,4.44,2018-08-17
E000688,Rohan,HR,22,28.0,78949.85,3.68,2018-08-18
,Isha,HR,52,11.0,60569.88,8.85,2018-08-18
E000690,Aditya,Marketing,29,22.0,85864.63,7.73,2018-08-18
E000691,Isha,Operations,35,0.0,63014.73,7.14,2018-08-19
E000692,Tara,HR,39,29.0,30681.19,1.22,2018-08-19
E000693,Aditya,HR,28,30.0,29012.02,4.19,2018-08-19
E000694,Tara,Finance,21,23.0,93609.84,4.19,2018-08-20
E000695,Aarav,HR,37,34.0,83002.08,1.64,2018-08-20
E000696,Kabir,Marketing,32,31.0,60362.65,8.22,2018-08-20
E000697,Kabir,Finance,24,8.0,81004.52,7.6,2018-08-21
E000698,Aarav,Sales,46,9.0,53913.59,1.88,2018-08-21
E000699,Tara,Sales,28,29.0,44395.78,2.85,2018-08-21
E000700,Rohan,Operations,49,7.0,86417.7,9.69,2018-08-22
E000701,Rohan,Sales,40,21.0,55808.79,8.4,2018-08-22
E000702,Isha,Sales,61,10.0,70691.47,1.09,2018-08-22
E000703,Aditya,Operations,52,27.0,53446.58,3.72,2018-08-23
E000704,Tara,Marketing,26,16.0,50522.16,5.01,2018-08-23
E000705,Isha,Engineering,58,1.0,120351.78,2.5,2018-08-23
E000706,Diya,Marketing,38,28.0,97661.85,2.91,2018-08-24
,Tara,Engineering,59,3.0,119720.86,9.35,2018-08-24
E000708,Diya,Engineering,36,25.0,66354.37,9.82,2018-08-24
E000709,Kabir,Finance,60,4.0,40123.5,5.04,2018-08-25
E000710,Aditya,HR,37,,52738.86,4.92,2018-08-25
E000711,Tara,Engineering,39,25.0,45426.3,5.15,2018-08-25
E000712,Aarav,Operations,54,3.0,57598.5,2.62,2018-08-26
E000713,Diya,Finance,22,16.0,70511.16,4.53,2018-08-26
E000714,Aarav,Operations,25,13.0,99685.51,5.58,2018-08-26
,Diya,Engineering,61,30.0,113833.26,2.21,2018-08-27
E000716,Diya,Sales,56,30.0,58408.55,6.24,2018-08-27
E000717,Aditya,Operations,27,14.0,24217.26,4.95,2018-08-27
E000718,Aarav,Finance,26,33.0,42877.3,6.55,2018-08-28
E000719,Aditya,Engineering,41,6.0,71638.71,10.0,2018-08-28
E000720,Isha,Engineering,39,7.0,-7461.77,5.48,2018-08-28
E000721,Aditya,HR,26,23.0,50316.53,2.39,
E000722,Kabir,Marketing,25,8.0,41719.85,3.96,2018-08-29
E000723,Kabir,HR,33,16.0,47751.69,9.21,2018-08-29
E000724,Isha,Engineering,25,13.0,88535.18,6.17,2018-08-30
E000725,Aditya,Sales,28,19.0,111269.74,4.35,2018-08-30
E000726,Isha,Operations,35,12.0,75420.49,6.59,2018-08-30
E000727,Kabir,Marketing,39,21.0,17550.45,1.84,2018-08-31
E000728,Rohan,Marketing,41,11.0,32815.43,9.6,2018-08-31
E000729,Diya,HR,59,27.0,101074.74,8.37,2018-08-31
E000730,,HR,32,8.0,95794.65,5.08,2018-09-01
E000731,Aditya,Sales,24,34.0,84241.2,3.93,2018-09-01
E000732,Isha,Finance,59,30.0,55830.34,9.33,2018-09-01
E000733,Diya,Sales,49,27.0,54836.54,6.35,2018-09-02
E000734,Nisha,Finance,55,17.0,74522.9,2.17,2018-09-02
E000735,Aarav,Finance,33,12.0,124329.29,9.76,2018-09-02
E000736,Nisha,Sales,27,20.0,58886.48,9.15,2018-09-03
E000737,Rohan,HR,30,25.0,56562.32,1.52,2018-09-03
E000738,Aarav,HR,36,25.0,70654.38,3.44,2018-09-03
E000739,Aarav,Operations,57,24.0,33954.14,3.72,2018-09-04
E000740,Tara,Finance,26,9.0,82452.31,2.88,2018-09-04
E000741,Diya,Sales,32,6.0,70520.6,2.89,2018-09-04
E000742,Isha,Engineering,50,15.0,40636.01,7.07,2018-09-05
E000743,Rohan,Sales,31,30.0,39685.71,5.77,2018-09-05
E000744,Nisha,Engineering,60,0.0,61064.66,7.14,2018-09-05
E000745,Kabir,Marketing,40,14.0,68253.13,3.11,2018-09-06
E000746,Kabir,Sales,43,28.0,81073.22,6.0,2018-09-06
E000747,Tara,Finance,32,8.0,62958.97,7.14,2018-09-06
E000748,,Operations,54,0.0,40286.87,7.51,2018-09-07
E000749,Isha,HR,50,32.0,87809.48,7.82,2018-09-07
E000750,Tara,Sales,23,22.0,92004.93,1.46,2018-09-07
E000751,Isha,Sales,38,15.0,70372.47,9.57,2018-09-08
E000752,Aarav,Finance,53,9.0,65023.48,6.01,2018-09-08
E000753,Aditya,Marketing,24,13.0,44101.6,5.17,2018-09-08
E000754,Aditya,Operations,34,12.0,77258.49,4.29,2018-09-09
E000755,Diya,Finance,32,30.0,28506.84,3.29,2018-09-09
E000756,Tara,Sales,58,17.0,46566.0,8.58,2018-09-09
E000757,Tara,HR,21,6.0,77261.79,7.3,2018-09-10
E000758,,Marketing,35,21.0,84491.21,3.57,2018-09-10
E000759,Tara,Sales,60,30.0,59054.08,4.18,2018-09-10
E000760,Kabir,Finance,37,5.0,57834.11,4.49,2018-09-11
E000761,Rohan,Finance,43,8.0,64492.3,7.94,2018-09-11
E000762,Rohan,Operations,42,19.0,19847.58,8.81,2018-09-11
E000763,Rohan,HR,58,5.0,65900.71,5.24,2018-09-12
E000764,Kabir,HR,52,15.0,74623.16,2.77,2018-09-12
E000765,Aditya,Marketing,53,14.0,49573.97,9.99,2018-09-12
E000766,Rohan,Engineering,41,6.0,19957.96,2.6,2018-09-13
E000767,Nisha,Operations,26,2.0,45910.83,6.61,2018-09-13
E000768,Diya,Operations,54,32.0,65812.29,6.74,2018-09-13
E000769,Rohan,Sales,34,27.0,79062.57,4.56,2018-09-14
E000770,Kabir,Operations,30,30.0,87927.93,2.48,2018-09-14
,Isha,HR,27,17.0,75791.27,2.81,2018-09-14
E000772,Diya,Sales,46,33.0,79245.29,4.51,
E000773,Isha,Marketing,42,21.0,95593.15,5.61,
E000774,Kabir,HR,47,14.0,99376.48,1.6,2018-09-15
E000775,Kabir,Engineering,31,17.0,64806.68,2.59,2018-09-16
E000776,Kabir,HR,30,28.0,32946.21,5.93,2018-09-16
E000777,Nisha,Finance,41,10.0,49399.0,6.83,2018-09-16
E000778,Isha,Engineering,47,16.0,57211.68,7.7,2018-09-17
E000779,Rohan,Engineering,47,33.0,65078.47,7.88,2018-09-17
E000780,Aditya,HR,36,19.0,66465.31,1.81,2018-09-17
E000781,Rohan,HR,28,19.0,96209.31,1.36,2018-09-18
E000782,Nisha,Engineering,30,32.0,79613.68,9.11,2018-09-18
E000783,Nisha,Operations,32,11.0,58601.99,3.22,2018-09-18
E000784,Tara,HR,57,21.0,30387.92,9.1,2018-09-19
E000785,Diya,Operations,32,22.0,115613.94,8.09,2018-09-19
E000786,Rohan,HR,61,31.0,117557.83,9.45,2018-09-19
E000787,Aarav,Engineering,49,6.0,84926.14,9.39,2018-09-20
E000788,Aditya,HR,36,23.0,62972.2,8.95,2018-09-20
E000789,Kabir,HR,57,,35260.4,4.46,2018-09-20
E000790,Diya,Finance,43,16.0,65566.44,2.02,2018-09-21
E000791,Aditya,HR,41,30.0,31884.17,6.6,2018-09-21
E000792,Aarav,Marketing,43,34.0,58703.45,5.07,2018-09-21
E000793,Diya,Finance,28,28.0,62783.67,8.13,2018-09-22
E000794,Diya,HR,58,22.0,47484.35,6.95,2018-09-22
E000795,Tara,Marketing,21,2.0,89214.7,6.73,2018-09-22
E000796,Aditya,Marketing,31,34.0,47431.22,7.15,2018-09-23
,Nisha,Sales,28,8.0,61732.0,3.81,2018-09-23
E000798,Nisha,Operations,30,7.0,119027.01,4.81,2018-09-23
E000799,Kabir,Operations,42,23.0,82591.96,4.8,2018-09-24
E000800,Diya,Sales,21,4.0,95096.49,9.71,2018-09-24
E000801,Isha,Operations,39,8.0,55567.54,6.61,2018-09-24
E000802,Tara,Sales,39,6.0,41620.11,7.62,2018-09-25
E000803,Kabir,Marketing,56,7.0,71550.24,9.52,
E000804,Kabir,HR,44,12.0,53517.78,2.05,2018-09-25
E000805,Diya,Sales,33,29.0,84777.16,2.23,2018-09-26
E000806,Isha,HR,42,19.0,73064.94,8.36,2018-09-26
E000807,Aditya,Sales,43,28.0,105880.23,9.67,2018-09-26
E000808,Rohan,Sales,38,34.0,71045.02,9.43,2018-09-27
E000809,Aditya,Engineering,40,19.0,85628.53,1.32,2018-09-27
E000810,Nisha,Marketing,39,22.0,95162.83,4.05,2018-09-27
E000811,Tara,Sales,28,7.0,83245.18,2.6,2018-09-28
E000812,Tara,Operations,27,29.0,67392.05,6.4,2018-09-28
E000813,Nisha,Operations,30,0.0,107342.43,7.28,2018-09-28
E000814,Aditya,HR,53,0.0,103956.72,9.67,2018-09-29
E000815,Tara,Sales,50,13.0,52083.38,8.57,2018-09-29
E000816,Aarav,Engineering,23,11.0,118251.8,1.65,2018-09-29
E000817,Kabir,HR,48,34.0,45924.54,3.74,2018-09-30
E000818,Aditya,HR,40,1.0,70001.1,1.4,2018-09-30
E000819,Isha,Engineering,48,3.0,66276.93,3.52,2018-09-30
E000820,Tara,Sales,61,24.0,84683.26,1.16,2018-10-01
E000821,Rohan,Marketing,27,7.0,63011.97,9.28,2018-10-01
,Aarav,Finance,24,31.0,83563.99,2.27,2018-10-01
E000823,Kabir,Operations,49,31.0,49442.17,2.35,2018-10-02
E000824,Tara,Sales,31,23.0,12728.35,4.84,2018-10-02
E000825,Aarav,Operations,35,10.0,71998.02,4.85,2018-10-02
E000826,Tara,Marketing,52,34.0,27896.19,9.42,2018-10-03
E000827,Nisha,Sales,33,12.0,75348.82,8.57,2018-10-03
,Aditya,Operations,46,27.0,53544.02,6.99,2018-10-03
E000829,Tara,Sales,21,4.0,49799.51,5.8,2018-10-04
E000830,Isha,Sales,31,2.0,65136.89,6.52,2018-10-04
E000831,Nisha,Marketing,54,9.0,71754.88,3.12,2018-10-04
E000832,Rohan,HR,55,21.0,76259.46,2.16,2018-10-05
E000833,Tara,Operations,56,12.0,15658.05,5.49,2018-10-05
,Diya,Marketing,30,0.0,49054.4,8.23,2018-10-05
E000835,Aditya,Sales,40,29.0,88060.33,1.34,2018-10-06
E000836,Diya,Sales,55,28.0,70970.8,4.01,2018-10-06
E000837,Isha,Operations,31,4.0,95238.49,8.83,2018-10-06
,Tara,Marketing,35,27.0,146030.91,5.41,2018-10-07
E000839,Kabir,Operations,43,4.0,85984.06,5.59,2018-10-07
E000840,Kabir,Finance,25,2.0,80493.87,6.52,2018-10-07
E000841,Rohan,Marketing,28,6.0,81099.38,2.81,2018-10-08
E000842,Kabir,Finance,22,3.0,47806.69,4.16,2018-10-08
E000843,Tara,Operations,49,24.0,83881.31,8.24,2018-10-08
E000844,Aarav,HR,31,11.0,65998.83,3.88,2018-10-09
E000845,Aarav,Operations,56,13.0,77043.19,5.54,2018-10-09
E000846,Rohan,Engineering,42,11.0,60139.04,7.7,2018-10-09
E000847,Tara,Finance,54,34.0,97403.91,9.25,2018-10-10
E000848,Kabir,Finance,35,,56742.16,8.97,2018-10-10
E000849,Tara,HR,42,26.0,48002.74,1.44,2018-10-10
E000850,Tara,HR,30,13.0,42748.89,3.55,2018-10-11
E000851,Nisha,Marketing,27,19.0,69951.98,6.06,2018-10-11
E000852,Kabir,HR,21,0.0,45086.32,2.8,2018-10-11
E000853,Aarav,Engineering,47,14.0,86885.24,6.01,2018-10-12
E000854,Kabir,Operations,33,7.0,64966.22,7.57,2018-10-12
E000855,Aarav,Sales,59,34.0,82157.51,1.86,2018-10-12
E000856,Diya,Marketing,60,7.0,70753.31,5.74,2018-10-13
E000857,Kabir,Finance,53,10.0,100390.14,7.61,2018-10-13
E000858,Aarav,Engineering,49,1.0,69274.37,4.24,2018-10-13
E000859,Tara,Sales,29,29.0,50514.86,1.56,2018-10-14
E000860,Isha,Marketing,21,28.0,61944.7,9.3,2018-10-14
E000861,Nisha,Sales,46,14.0,89900.78,4.16,2018-10-14
E000862,Isha,Marketing,56,21.0,39588.02,5.36,2018-10-15
E000863,Diya,Sales,44,34.0,85753.63,1.29,2018-10-15
E000864,Aditya,Marketing,36,9.0,81899.19,4.68,2018-10-15
E000865,Isha,Finance,54,8.0,66242.74,6.74,2018-10-16
E000866,Aarav,Marketing,51,34.0,53567.43,5.33,2018-10-16
E000867,Diya,Finance,25,15.0,72854.02,4.45,2018-10-16
,Tara,Engineering,56,32.0,93175.58,9.21,2018-10-17
E000869,Nisha,Marketing,48,14.0,50715.48,5.94,2018-10-17
E000870,Diya,Operations,61,7.0,84552.56,5.86,2018-10-17
E000871,Kabir,HR,39,15.0,95925.06,8.85,2018-10-18
E000872,Aditya,Operations,50,4.0,80006.38,4.16,2018-10-18
E000873,Aditya,HR,30,0.0,78153.88,4.74,2018-10-18
E000874,Isha,Sales,61,10.0,92530.6,5.12,2018-10-19
E000875,Aarav,Operations,21,9.0,69617.93,4.0,2018-10-19
E000876,Tara,Sales,56,12.0,53438.92,9.76,2018-10-19
E000877,Nisha,Sales,54,33.0,107247.21,4.42,2018-10-20
E000878,Nisha,Sales,39,14.0,103995.54,7.53,2018-10-20
E000879,Tara,Finance,57,23.0,69925.79,6.19,2018-10-20
E000880,Isha,Finance,28,3.0,72859.93,5.25,2018-10-21
E000881,Rohan,Operations,41,12.0,114668.12,5.74,2018-10-21
E000882,Tara,Marketing,47,16.0,38083.86,4.19,2018-10-21
E000883,Kabir,Marketing,59,25.0,66542.11,8.34,2018-10-22
E000884,Rohan,Engineering,29,7.0,57033.03,7.0,2018-10-22
E000885,Diya,Engineering,37,3.0,79531.49,2.05,2018-10-22
E000886,Aarav,Sales,35,10.0,59548.04,9.22,2018-10-23
E000887,Nisha,Marketing,50,11.0,109239.21,5.86,2018-10-23
E000888,Aarav,Marketing,37,29.0,62871.26,3.53,2018-10-23
E000889,Aditya,Marketing,24,19.0,53729.94,2.93,2018-10-24
E000890,Isha,HR,56,27.0,47502.35,9.04,2018-10-24
E000891,Tara,Engineering,34,32.0,71644.6,8.21,2018-10-24
E000892,Tara,HR,24,14.0,31007.46,7.13,2018-10-25
E000893,Aarav,Operations,36,0.0,84905.06,3.11,2018-10-25
E000894,Aarav,Finance,36,33.0,108425.73,9.92,2018-10-25
E000895,Rohan,Marketing,45,21.0,40420.66,4.23,2018-10-26
E000896,Kabir,Engineering,28,12.0,77189.82,1.38,2018-10-26
E000897,Kabir,Marketing,56,33.0,63845.55,5.39,2018-10-26
E000898,Isha,HR,38,32.0,51336.62,7.64,2018-10-27
E000899,Isha,Engineering,24,21.0,42798.25,6.95,2018-10-27
E000900,Nisha,Marketing,29,34.0,79744.7,6.16,2018-10-27
E000901,Isha,Operations,22,11.0,59705.48,3.0,2018-10-28
E000902,Aditya,Marketing,32,34.0,41239.12,1.4,2018-10-28
E000903,Aditya,HR,61,34.0,92624.66,3.24,2018-10-28
E000904,Nisha,Finance,44,4.0,70691.36,7.27,2018-10-29
E000905,Aditya,Engineering,55,33.0,86095.75,2.49,2018-10-29
E000906,Aarav,Sales,57,1.0,112405.79,9.25,2018-10-29
E000907,Kabir,HR,23,,81205.26,6.91,2018-10-30
E000908,Rohan,Operations,38,14.0,69757.91,8.07,2018-10-30
E000909,Rohan,Marketing,22,7.0,59731.46,9.65,2018-10-30
E000910,Kabir,Sales,58,15.0,83995.74,7.25,2018-10-31
E000911,Kabir,Finance,33,23.0,91845.43,4.26,2018-10-31
E000912,Kabir,Operations,60,,102603.27,5.29,2018-10-31
E000913,Aarav,Finance,58,3.0,25171.27,5.87,2018-11-01
E000914,Aditya,Engineering,32,16.0,83630.71,7.32,2018-11-01
E000915,Nisha,Operations,56,,84705.39,2.18,2018-11-01
E000916,Rohan,HR,44,22.0,124895.34,4.46,2018-11-02
E000917,Nisha,Sales,56,7.0,81988.81,9.88,2018-11-02
E000918,Rohan,Sales,49,1.0,45684.3,7.85,2018-11-02
E000919,Rohan,Sales,33,25.0,65761.9,9.55,2018-11-03
E000920,Tara,HR,59,6.0,76513.15,7.55,2018-11-03
E000921,Kabir,Operations,59,6.0,55112.19,3.94,2018-11-03
E000922,Isha,Sales,40,33.0,31260.2,1.15,2018-11-04
E000923,Aarav,HR,31,22.0,83825.67,8.3,2018-11-04
E000924,Nisha,Engineering,33,24.0,16551.81,5.66,2018-11-04
E000925,Aarav,Sales,60,11.0,52143.3,6.29,2018-11-05
E000926,Diya,HR,45,24.0,86776.88,2.47,2018-11-05
E000927,Diya,Finance,40,15.0,71790.74,5.13,2018-11-05
E000928,Kabir,Operations,36,0.0,46623.87,1.52,2018-11-06
E000929,Rohan,Marketing,38,4.0,78801.72,2.38,
E000930,Aditya,Operations,39,3.0,61553.27,2.11,2018-11-06
E000931,Aarav,Finance,37,24.0,94730.21,5.38,2018-11-07
E000932,Nisha,HR,44,25.0,9935.81,8.52,2018-11-07
E000933,Aditya,Operations,49,1.0,97528.29,9.09,2018-11-07
E000934,Tara,Finance,28,5.0,55610.75,5.15,2018-11-08
E000935,Kabir,Finance,31,23.0,49468.19,1.97,2018-11-08
E000936,Tara,HR,39,34.0,44154.96,3.79,2018-11-08
E000937,Aditya,Operations,44,16.0,81032.91,9.09,2018-11-09
E000938,Aditya,Sales,56,9.0,87889.07,7.55,2018-11-09
E000939,Nisha,Marketing,54,3.0,99246.62,8.86,2018-11-09
E000940,Diya,Sales,61,29.0,73513.01,1.07,2018-11-10
E000941,Isha,Operations,34,34.0,110517.01,2.97,2018-11-10
E000942,Rohan,Operations,58,9.0,89809.9,9.27,2018-11-10
E000943,Rohan,Sales,27,10.0,50665.86,3.85,2018-11-11
E000944,Aditya,Sales,30,18.0,54437.61,8.0,2018-11-11
E000945,Aditya,Marketing,42,7.0,106639.26,1.36,2018-11-11
E000946,Aarav,Finance,46,25.0,59079.79,6.31,2018-11-12
E000947,Aditya,Operations,21,18.0,57147.54,1.2,2018-11-12
E000948,Diya,Sales,25,12.0,92451.32,3.44,2018-11-12
E000949,Aditya,Sales,57,11.0,93348.34,1.31,
E000950,Isha,Operations,31,23.0,75131.85,2.91,2018-11-13
E000951,Isha,Operations,51,6.0,81850.19,9.97,2018-11-13
E000952,Nisha,Marketing,40,27.0,47258.9,6.37,2018-11-14
E000953,Diya,Marketing,43,12.0,32629.66,7.26,2018-11-14
E000954,Kabir,Operations,39,25.0,53246.62,6.95,2018-11-14
E000955,Aarav,HR,33,10.0,88523.77,1.95,2018-11-15
E000956,Diya,Marketing,59,27.0,60499.65,7.97,2018-11-15
E000957,Rohan,HR,35,10.0,102861.87,1.53,2018-11-15
E000958,Nisha,Marketing,55,1.0,69425.29,9.17,2018-11-16
E000959,Diya,Marketing,58,26.0,35946.46,4.03,2018-11-16
E000960,Kabir,Engineering,56,23.0,45219.91,7.57,2018-11-16
E000961,Isha,HR,42,11.0,39586.25,9.85,2018-11-17
E000962,Aditya,Engineering,53,4.0,77216.7,2.17,2018-11-17
E000963,Isha,Finance,60,9.0,83872.02,3.07,2018-11-17
E000964,Rohan,Engineering,52,0.0,85509.0,3.63,2018-11-18
E000965,Isha,Engineering,29,8.0,47786.65,5.88,2018-11-18
E000966,Diya,Operations,46,34.0,90513.65,4.77,2018-11-18
E000967,Tara,Operations,32,14.0,98802.51,3.17,2018-11-19
E000968,Rohan,Sales,37,11.0,62946.2,3.34,2018-11-19
,Diya,HR,40,,78447.35,8.94,2018-11-19
E000970,Nisha,Marketing,21,6.0,52086.32,6.98,2018-11-20
E000971,Aarav,Finance,58,21.0,73745.08,5.11,2018-11-20
E000972,Rohan,Operations,25,19.0,81497.52,7.03,2018-11-20
E000973,Diya,Sales,38,17.0,82119.99,8.57,2018-11-21
E000974,Aditya,Sales,22,21.0,31929.24,9.31,2018-11-21
E000975,Aarav,Operations,37,19.0,58837.03,9.84,2018-11-21
E000976,Rohan,Finance,54,23.0,80085.03,2.4,2018-11-22
E000977,Tara,Engineering,24,13.0,75576.17,1.1,2018-11-22
E000978,Kabir,Engineering,41,10.0,83814.89,7.62,2018-11-22
E000979,Aarav,Finance,53,27.0,72705.21,5.11,2018-11-23
E000980,Rohan,Sales,49,20.0,42944.51,3.0,2018-11-23
E000981,Rohan,Marketing,24,29.0,105705.91,6.74,2018-11-23
E000982,Diya,HR,30,27.0,86994.89,4.91,2018-11-24
E000983,Rohan,Marketing,49,20.0,44223.19,1.46,2018-11-24
E000984,Diya,Finance,23,4.0,76247.68,5.87,2018-11-24
E000985,Rohan,Finance,40,2.0,78847.32,6.91,2018-11-25
E000986,Tara,Sales,40,17.0,53957.31,9.75,2018-11-25
E000987,Rohan,Finance,30,25.0,53463.56,8.26,2018-11-25
E000988,Tara,Finance,23,23.0,74509.72,8.78,2018-11-26
E000989,Nisha,Marketing,24,13.0,-57.55,1.74,2018-11-26
E000990,Kabir,Sales,37,,84569.6,1.16,
E000991,Aarav,Sales,30,19.0,65465.41,2.43,2018-11-27
E000992,Diya,Finance,32,29.0,76480.16,1.47,2018-11-27
E000993,Nisha,Engineering,53,23.0,115622.63,9.55,2018-11-27
E000994,Aarav,Operations,30,24.0,75109.51,9.56,2018-11-28
E000995,Isha,Marketing,43,7.0,55789.16,8.33,2018-11-28
,Rohan,HR,35,4.0,32768.13,6.21,2018-11-28
E000997,Diya,Finance,54,28.0,81390.77,8.38,2018-11-29
E000998,Tara,Finance,43,4.0,43352.24,8.11,2018-11-29
E000999,Rohan,HR,29,8.0,49486.03,5.69,2018-11-29
E001000,Diya,Finance,30,18.0,93432.32,5.04,2018-11-30
E001001,Tara,Sales,28,3.0,74407.68,5.09,2018-11-30
E001002,Isha,Sales,53,6.0,45516.87,7.57,2018-11-30
E001003,Kabir,Engineering,22,2.0,66927.37,6.62,2018-12-01
E001004,Isha,Finance,33,12.0,74137.72,1.46,2018-12-01
E001005,Nisha,Marketing,35,19.0,67558.72,4.69,2018-12-01
E001006,Tara,Sales,50,15.0,56059.87,6.64,2018-12-02
E001007,Aarav,Finance,60,24.0,72491.05,-2.0,2018-12-02
E001008,Tara,Finance,56,17.0,84037.61,7.34,2018-12-02
E001009,Kabir,Engineering,44,9.0,73246.61,3.54,2018-12-03
E001010,Diya,Operations,30,7.0,81416.55,1.31,2018-12-03
E001011,Nisha,Marketing,30,25.0,85011.21,2.92,2018-12-03
E001012,Diya,Sales,45,2.0,45470.96,3.14,2018-12-04
E001013,Diya,Operations,32,11.0,73978.33,9.11,2018-12-04
E001014,Diya,Sales,38,18.0,46833.08,9.56,2018-12-04
E001015,Aarav,Engineering,31,10.0,92352.18,6.55,2018-12-05
E001016,Isha,Operations,38,13.0,95421.39,5.13,2018-12-05
,Rohan,Operations,44,1.0,69584.13,7.9,2018-12-05
E001018,Kabir,Engineering,58,19.0,67102.94,9.22,2018-12-06
E001019,Diya,HR,58,12.0,84939.76,4.72,2018-12-06
E001020,Rohan,Finance,41,10.0,76903.14,3.58,2018-12-06
E001021,Tara,Sales,41,24.0,86821.2,2.77,2018-12-07
E001022,Aditya,Sales,37,,30524.47,2.33,2018-12-07
E001023,Aditya,Sales,34,23.0,81536.74,8.56,2018-12-07
E001024,Kabir,Operations,49,27.0,50762.84,9.55,2018-12-08
E001025,Rohan,Engineering,26,20.0,75826.03,8.61,2018-12-08
E001026,Aditya,Finance,48,8.0,86660.7,8.74,2018-12-08
E001027,Kabir,Marketing,58,30.0,81351.44,4.09,2018-12-09
E001028,Aarav,Operations,53,29.0,26085.94,5.45,2018-12-09
E001029,Isha,Operations,37,0.0,56808.23,6.73,2018-12-09
E001030,Rohan,Engineering,29,25.0,82976.34,7.13,2018-12-10
E001031,Rohan,Marketing,35,7.0,59201.39,8.1,2018-12-10
E001032,Aditya,Marketing,59,6.0,55790.12,7.98,2018-12-10
E001033,Nisha,HR,34,7.0,103870.76,2.85,2018-12-11
E001034,Rohan,HR,29,23.0,50994.73,1.69,2018-12-11
,Kabir,Sales,41,18.0,96522.96,5.17,2018-12-11
E001036,Aarav,Engineering,27,1.0,33848.07,4.27,2018-12-12
E001037,Rohan,Sales,52,,68868.25,7.25,2018-12-12
E001038,Diya,HR,45,12.0,56706.8,9.35,2018-12-12
E001039,Diya,Marketing,52,19.0,99869.52,6.4,2018-12-13
E001040,Kabir,HR,49,18.0,73673.1,1.46,2018-12-13
E001041,Aarav,Sales,58,23.0,83266.04,7.03,2018-12-13
E001042,Kabir,HR,30,32.0,36586.68,7.67,2018-12-14
E001043,Isha,Marketing,37,5.0,103850.61,3.01,2018-12-14
E001044,Aarav,Finance,45,5.0,72145.01,9.45,2018-12-14
E001045,Diya,Operations,29,11.0,94684.67,5.31,2018-12-15
E001046,Aditya,Sales,31,4.0,40290.07,9.59,2018-12-15
E001047,Diya,Operations,50,1.0,104694.85,1.12,2018-12-15
E001048,Aarav,Sales,40,23.0,65474.04,8.66,2018-12-16
E001049,Aditya,Operations,25,5.0,69268.17,6.17,2018-12-16
E001050,Aarav,Sales,60,22.0,111544.11,1.78,2018-12-16
E001051,Tara,Marketing,58,0.0,87456.81,7.41,2018-12-17
E001052,Aditya,Marketing,44,10.0,62308.36,4.68,2018-12-17
E001053,Aarav,Marketing,44,15.0,37249.84,1.64,2018-12-17
E001054,Tara,HR,41,33.0,90003.0,8.97,2018-12-18
,Diya,Operations,49,21.0,35272.41,9.58,2018-12-18
E001056,Tara,HR,52,10.0,69367.52,8.27,2018-12-18
E001057,Nisha,HR,48,13.0,15276.54,1.01,2018-12-19
E001058,Diya,HR,52,32.0,36656.76,5.11,2018-12-19
E001059,Kabir,Marketing,24,10.0,98689.34,7.74,2018-12-19
E001060,Aditya,Engineering,52,23.0,109768.39,9.42,2018-12-20
E001061,Aarav,HR,23,1.0,118612.45,6.39,2018-12-20
E001062,Aarav,Operations,36,3.0,82003.66,6.52,2018-12-20
E001063,Kabir,Marketing,51,30.0,63607.37,8.42,2018-12-21
E001064,Aarav,Sales,50,30.0,47900.1,5.3,2018-12-21
E001065,Diya,Sales,42,,53257.51,4.53,2018-12-21
E001066,Tara,Marketing,48,16.0,68596.27,7.82,
E001067,Kabir,Sales,32,32.0,29278.65,5.13,2018-12-22
E001068,Nisha,HR,24,19.0,82304.28,7.01,2018-12-22
E001069,,HR,56,20.0,91839.18,6.35,2018-12-23
E001070,Isha,Operations,32,24.0,23509.26,1.25,2018-12-23
E001071,Aarav,Engineering,39,21.0,84931.92,7.08,2018-12-23
E001072,Nisha,HR,49,7.0,56883.47,4.01,2018-12-24
E001073,Nisha,Marketing,22,10.0,74427.33,3.74,2018-12-24
E001074,Nisha,Operations,51,22.0,101771.16,5.23,2018-12-24
E001075,Isha,Marketing,31,22.0,102564.93,8.5,2018-12-25
E001076,Aditya,HR,22,21.0,87500.42,1.48,2018-12-25
E001077,Nisha,HR,45,15.0,79307.85,5.72,2018-12-25
E001078,Isha,Sales,24,24.0,24279.41,8.79,2018-12-26
E001079,Rohan,Operations,46,31.0,72792.04,3.25,2018-12-26
E001080,Aditya,Engineering,41,9.0,53358.54,5.17,2018-12-26
E001081,Nisha,Sales,59,30.0,54297.77,9.5,2018-12-27
E001082,Nisha,HR,40,27.0,84518.43,8.84,2018-12-27
E001083,Kabir,HR,52,7.0,76858.45,2.51,2018-12-27
E001084,Diya,Finance,24,34.0,45907.74,7.45,2018-12-28
E001085,Isha,Engineering,23,33.0,81193.34,5.92,2018-12-28
E001086,Tara,Marketing,30,34.0,44211.56,1.8,2018-12-28
E001087,Kabir,Engineering,59,25.0,121757.46,8.31,2018-12-29
E001088,Rohan,Marketing,36,7.0,89319.6,1.58,2018-12-29
E001089,Nisha,Marketing,23,10.0,64252.57,6.83,2018-12-29
E001090,,HR,30,29.0,36239.58,9.2,2018-12-30
E001091,Tara,Engineering,46,16.0,41433.88,9.56,2018-12-30
E001092,Isha,Operations,29,18.0,66694.84,5.88,2018-12-30
E001093,Diya,HR,38,26.0,58475.98,3.29,2018-12-31
E001094,Isha,Marketing,52,29.0,83532.58,8.03,2018-12-31
E001095,Aarav,HR,61,9.0,3577.19,2.55,2018-12-31
E001096,Tara,Marketing,27,20.0,50827.17,5.42,2019-01-01
E001097,Isha,Sales,61,1.0,142588.45,4.62,2019-01-01
E001098,Diya,Engineering,50,15.0,125045.29,3.7,2019-01-01
E001099,Isha,Engineering,35,10.0,86062.49,8.05,2019-01-02
E001100,Kabir,Sales,27,19.0,96885.97,6.11,2019-01-02
E001101,Tara,HR,53,2.0,78377.49,8.51,2019-01-02
E001102,Aditya,HR,25,21.0,-3703.02,8.68,2019-01-03
E001103,,Finance,43,25.0,93407.71,2.83,2019-01-03
E001104,Rohan,Marketing,45,23.0,116746.18,6.71,2019-01-03
E001105,Kabir,Sales,34,8.0,69542.17,3.38,2019-01-04
E001106,,Operations,53,20.0,46994.65,9.62,2019-01-04
E001107,Nisha,HR,53,,79337.1,3.4,2019-01-04
E001108,Nisha,Operations,38,10.0,75614.64,4.6,2019-01-05
E001109,Kabir,HR,42,11.0,101629.0,5.88,2019-01-05
E001110,Nisha,Finance,32,14.0,81317.78,2.73,2019-01-05
E001111,Tara,Marketing,35,0.0,70863.45,1.77,2019-01-06
E001112,Kabir,Engineering,57,26.0,115626.93,1.55,2019-01-06
E001113,,HR,32,7.0,95002.94,8.86,2019-01-06
,Rohan,Marketing,58,29.0,59766.16,5.88,2019-01-07
E001115,Kabir,Marketing,53,30.0,38673.15,5.77,2019-01-07
E001116,Nisha,Marketing,23,8.0,76599.37,4.1,2019-01-07
E001117,Aditya,HR,27,6.0,98543.52,4.53,2019-01-08
E001118,Aditya,Sales,34,26.0,67313.25,3.93,2019-01-08
E001119,Diya,HR,40,11.0,86638.02,4.55,2019-01-08
E001120,Nisha,Sales,43,14.0,45545.24,5.46,2019-01-09
E001121,Aditya,Finance,31,13.0,70816.86,4.11,2019-01-09
E001122,Nisha,Operations,33,25.0,79168.83,2.51,2019-01-09
E001123,Aarav,Sales,46,7.0,60184.82,8.29,2019-01-10
E001124,Aditya,Operations,56,3.0,70033.01,3.82,2019-01-10
E001125,Nisha,Engineering,24,32.0,55599.11,9.76,2019-01-10
E001126,Aarav,Marketing,45,21.0,86158.36,5.94,2019-01-11
E001127,Tara,Operations,21,21.0,49507.83,5.15,2019-01-11
E001128,Aarav,Marketing,27,32.0,21011.56,4.39,2019-01-11
E001129,Rohan,Finance,49,1.0,75721.81,9.98,2019-01-12
E001130,Diya,Operations,47,6.0,39366.13,5.87,2019-01-12
E001131,Aarav,Sales,34,30.0,49542.13,1.11,2019-01-12
E001132,Kabir,Finance,28,,62364.84,7.52,2019-01-13
E001133,Isha,Operations,38,3.0,22249.76,1.3,2019-01-13
E001134,Aditya,Sales,56,14.0,35373.54,9.16,
E001135,Isha,HR,44,0.0,90007.88,7.48,2019-01-14
E001136,Isha,Finance,42,12.0,54169.58,9.44,2019-01-14
E001137,Aarav,Operations,49,7.0,124939.49,1.67,2019-01-14
E001138,Isha,Operations,36,13.0,83438.69,5.15,2019-01-15
E001139,Nisha,Finance,49,32.0,96838.48,3.18,2019-01-15
E001140,Aarav,Operations,56,12.0,78704.52,5.19,2019-01-15
E001141,Tara,Finance,23,30.0,51886.58,7.48,2019-01-16
E001142,Rohan,Operations,23,1.0,72969.53,3.05,2019-01-16
E001143,Rohan,Operations,28,5.0,60286.26,6.85,2019-01-16
E001144,Rohan,Marketing,48,27.0,115834.34,4.34,2019-01-17
E001145,Rohan,Marketing,46,29.0,43734.39,6.68,2019-01-17
E001146,Aditya,Marketing,23,26.0,68293.66,4.9,2019-01-17
E001147,Nisha,HR,52,16.0,67657.54,5.98,2019-01-18
E001148,Aditya,Sales,61,33.0,92072.49,1.9,2019-01-18
E001149,Kabir,Sales,26,14.0,91707.52,3.87,2019-01-18
E001150,Diya,Finance,26,0.0,98472.34,9.86,2019-01-19
E001151,Diya,Engineering,53,0.0,65970.85,2.57,2019-01-19
E001152,Tara,Operations,52,31.0,137150.26,2.9,2019-01-19
E001153,Isha,HR,21,0.0,127186.52,7.86,2019-01-20
E001154,Kabir,Operations,36,3.0,38855.93,3.13,2019-01-20
E001155,Diya,Sales,49,19.0,27158.81,8.93,2019-01-20
E001156,Kabir,Operations,42,34.0,66771.52,2.3,2019-01-21
E001157,Diya,HR,46,18.0,81421.49,7.06,2019-01-21
E001158,Rohan,Sales,41,33.0,92352.77,6.45,2019-01-21
E001159,Tara,Sales,48,17.0,102144.41,4.05,2019-01-22
E001160,Rohan,Operations,41,34.0,69413.61,2.81,2019-01-22
E001161,Isha,Engineering,24,8.0,73395.66,8.71,2019-01-22
E001162,Isha,Engineering,53,13.0,30048.64,5.38,2019-01-23
E001163,Kabir,Marketing,60,0.0,51078.67,6.59,2019-01-23
E001164,Diya,Finance,53,25.0,78363.08,8.25,2019-01-23
E001165,Rohan,HR,60,20.0,70539.29,7.4,2019-01-24
E001166,Nisha,HR,51,16.0,43210.5,8.07,2019-01-24
E001167,,Marketing,23,31.0,68545.69,3.08,2019-01-24
E001168,Isha,Operations,42,12.0,82887.22,6.07,2019-01-25
E001169,Aarav,Operations,24,27.0,48878.01,2.82,2019-01-25
E001170,Isha,Sales,57,15.0,76205.71,8.61,2019-01-25
E001171,Kabir,HR,33,12.0,62845.73,3.39,2019-01-26
E001172,Kabir,HR,34,9.0,105171.39,9.36,2019-01-26
E001173,Kabir,Operations,31,14.0,95717.88,7.78,2019-01-26
E001174,Nisha,Engineering,46,15.0,-7150.18,1.57,2019-01-27
E001175,Aditya,Operations,41,28.0,92266.73,3.75,2019-01-27
E001176,Rohan,Engineering,40,18.0,61538.72,8.99,2019-01-27
E001177,Tara,Sales,22,11.0,50616.53,3.11,2019-01-28
E001178,Aditya,Sales,61,34.0,61374.6,1.13,2019-01-28
E001179,Diya,Operations,34,1.0,71065.91,6.82,2019-01-28
E001180,Rohan,Marketing,45,19.0,75222.19,3.38,2019-01-29
E001181,Tara,HR,36,20.0,68364.79,6.58,2019-01-29
E001182,Isha,Engineering,37,5.0,47558.53,6.64,2019-01-29
E001183,Tara,HR,54,19.0,71316.69,5.13,2019-01-30
E001184,Aarav,Finance,56,2.0,80638.42,6.94,2019-01-30
E001185,Nisha,Operations,28,,79119.71,7.16,2019-01-30
E001186,Diya,Marketing,51,19.0,93840.71,4.54,2019-01-31
E001187,Aarav,Operations,26,,97715.72,8.44,2019-01-31
E001188,Aditya,Sales,27,2.0,141351.21,2.39,2019-01-31
E001189,Aarav,Sales,35,31.0,63736.47,6.59,2019-02-01
E001190,Kabir,Finance,48,23.0,125624.17,8.35,2019-02-01
E001191,Tara,Sales,130,5.0,111551.17,2.21,2019-02-01
E001192,Rohan,Finance,47,1.0,49899.05,5.78,2019-02-02
E001193,Aditya,Finance,49,9.0,58543.21,1.33,2019-02-02
E001194,Aarav,Operations,55,31.0,43031.03,1.55,2019-02-02
E001195,Rohan,Finance,43,2.0,44292.5,7.29,2019-02-03
E001196,Aditya,Engineering,52,23.0,66293.44,9.6,2019-02-03
E001197,Diya,HR,59,3.0,26871.79,7.03,2019-02-03
E001198,Isha,Engineering,42,20.0,17963.01,4.9,2019-02-04
E001199,Kabir,Operations,39,8.0,77856.83,9.7,2019-02-04
E001200,,Operations,40,33.0,52101.82,4.92,2019-02-04
E001201,Aditya,Engineering,58,16.0,109349.04,5.42,2019-02-05
E001202,Kabir,Operations,30,6.0,41986.89,1.53,2019-02-05
E001203,Kabir,HR,40,2.0,65159.0,4.8,2019-02-05
E001204,Rohan,Engineering,42,32.0,28184.45,6.89,2019-02-06
E001205,Aditya,Sales,28,34.0,82924.01,9.6,2019-02-06
E001206,Isha,Sales,54,1.0,35148.34,8.35,2019-02-06
E001207,Aarav,Marketing,25,1.0,85184.9,9.07,2019-02-07
E001208,Aditya,HR,47,1.0,55896.84,3.62,2019-02-07
E001209,Aditya,Engineering,43,12.0,111381.53,5.95,2019-02-07
E001210,Rohan,Marketing,25,9.0,83414.36,1.11,2019-02-08
E001211,Aarav,Finance,41,4.0,107775.24,2.1,2019-02-08
E001212,Isha,Marketing,33,30.0,42949.54,2.78,2019-02-08
E001213,Aditya,Marketing,41,3.0,93162.93,7.17,2019-02-09
E001214,Nisha,Operations,29,6.0,52369.17,5.52,2019-02-09
E001215,Diya,Finance,57,5.0,96874.42,6.52,2019-02-09
E001216,Tara,Engineering,47,16.0,122212.69,9.03,2019-02-10
E001217,Nisha,HR,45,26.0,73813.32,3.2,2019-02-10
E001218,Tara,Engineering,28,27.0,76472.71,4.41,2019-02-10
E001219,Tara,Engineering,55,33.0,66841.03,7.04,2019-02-11
E001220,Diya,Finance,32,19.0,32639.77,4.91,2019-02-11
E001221,Nisha,HR,59,8.0,37650.89,9.27,2019-02-11
E001222,Rohan,Marketing,27,23.0,66192.71,9.22,2019-02-12
E001223,Diya,HR,41,27.0,34283.69,7.6,2019-02-12
E001224,Tara,Finance,27,11.0,93889.11,5.66,2019-02-12
E001225,Diya,Finance,42,23.0,96010.55,6.91,2019-02-13
E001226,Diya,Marketing,32,25.0,109594.39,3.83,2019-02-13
E001227,Diya,Finance,28,4.0,63410.03,8.56,
E001228,Isha,Marketing,52,32.0,72987.21,5.75,2019-02-14
E001229,Aarav,HR,35,29.0,110669.29,4.74,2019-02-14
E001230,Aarav,Sales,27,14.0,53896.01,4.56,2019-02-14
E001231,Aarav,Finance,40,26.0,65890.82,8.36,2019-02-15
E001232,Nisha,Finance,49,12.0,57145.5,1.94,2019-02-15
E001233,Diya,HR,27,29.0,49527.22,4.51,2019-02-15
E001234,Isha,Operations,57,20.0,60223.56,8.66,2019-02-16
E001235,Diya,Sales,32,11.0,58181.94,4.16,2019-02-16
E001236,Tara,Operations,57,8.0,63527.66,1.19,2019-02-16
E001237,Tara,Sales,45,22.0,89366.1,3.22,2019-02-17
E001238,Kabir,Operations,21,15.0,53997.46,7.54,2019-02-17
E001239,Aditya,Sales,26,10.0,71977.52,1.12,2019-02-17
E001240,Isha,Marketing,35,18.0,111101.5,5.48,2019-02-18
E001241,Aditya,HR,35,22.0,107110.2,1.71,2019-02-18
E001242,Isha,Sales,37,30.0,41691.69,3.75,2019-02-18
E001243,Isha,Operations,29,1.0,46213.69,3.17,2019-02-19
E001244,Kabir,HR,41,17.0,68892.46,8.22,2019-02-19
E001245,Nisha,Engineering,42,30.0,57196.2,5.37,2019-02-19
E001246,Kabir,Marketing,59,14.0,59764.21,2.51,2019-02-20
E001247,Rohan,Finance,49,11.0,83282.87,2.26,2019-02-20
E001248,Rohan,HR,22,6.0,101970.97,7.75,2019-02-20
E001249,Kabir,Engineering,58,14.0,27366.24,5.31,2019-02-21
E001250,Tara,Engineering,51,1.0,68977.14,2.76,2019-02-21
,Tara,Marketing,59,15.0,89699.12,5.94,2019-02-21
E001252,Aditya,Sales,30,22.0,48039.73,8.99,2019-02-22
E001253,Kabir,HR,28,2.0,69793.09,6.03,2019-02-22
,Aarav,Sales,45,1.0,62315.92,8.02,2019-02-22
E001255,Isha,Engineering,61,12.0,38668.48,2.71,2019-02-23
E001256,Rohan,Marketing,44,23.0,-3348.45,3.07,2019-02-23
E001257,Aditya,Marketing,27,7.0,69945.64,1.71,2019-02-23
E001258,Aarav,Engineering,29,23.0,59202.53,4.66,2019-02-24
E001259,Tara,Operations,50,,57717.54,5.17,2019-02-24
E001260,Isha,Marketing,24,6.0,37468.09,9.28,2019-02-24
E001261,Kabir,Engineering,23,19.0,90365.07,2.26,
E001262,Aditya,Sales,47,21.0,56060.89,6.71,2019-02-25
E001263,Nisha,Engineering,37,26.0,48245.56,7.47,2019-02-25
E001264,Aditya,Sales,25,31.0,72309.88,4.49,2019-02-26
E001265,Aditya,Finance,44,17.0,87009.66,3.58,2019-02-26
E001266,Aditya,HR,21,14.0,74324.35,4.77,2019-02-26
E001267,Diya,HR,31,31.0,90927.85,2.41,2019-02-27
E001268,Diya,Marketing,54,30.0,73423.86,6.75,2019-02-27
E001269,Rohan,Finance,47,25.0,124312.05,5.8,2019-02-27
E001270,Tara,Marketing,25,9.0,94969.04,7.32,2019-02-28
E001271,Nisha,Operations,34,5.0,70234.62,7.19,2019-02-28
E001272,Tara,Finance,59,30.0,50882.22,2.26,2019-02-28
E001273,Nisha,Marketing,38,16.0,37316.87,6.53,2019-03-01
E001274,Rohan,Sales,37,34.0,72550.18,5.04,2019-03-01
E001275,Kabir,HR,44,25.0,59154.69,4.5,2019-03-01
E001276,Isha,Marketing,55,11.0,91586.58,9.58,2019-03-02
E001277,Aditya,Marketing,51,33.0,51902.74,2.46,2019-03-02
E001278,Aditya,Marketing,55,0.0,75111.56,6.02,2019-03-02
E001279,Nisha,HR,30,20.0,67779.16,5.41,2019-03-03
E001280,Rohan,HR,31,32.0,71334.03,1.01,2019-03-03
E001281,Isha,Finance,39,32.0,72576.25,1.93,2019-03-03
E001282,Rohan,Sales,24,33.0,90054.34,5.82,2019-03-04
E001283,Aditya,Operations,60,28.0,74497.96,6.08,2019-03-04
E001284,Kabir,Engineering,29,28.0,59899.44,1.8,2019-03-04
E001285,Aarav,Marketing,28,34.0,36669.01,7.76,2019-03-05
E001286,Aditya,Engineering,51,10.0,88523.63,9.95,2019-03-05
E001287,Isha,Operations,61,20.0,55946.8,8.08,2019-03-05
E001288,Diya,Finance,46,33.0,63344.85,6.79,2019-03-06
E001289,Tara,Marketing,61,4.0,58852.15,6.97,2019-03-06
,Aditya,Sales,52,32.0,42746.64,3.37,2019-03-06
E001291,Rohan,Operations,21,8.0,47462.36,6.26,2019-03-07
E001292,Aditya,Finance,37,34.0,66764.27,9.08,2019-03-07
E001293,Nisha,Marketing,50,29.0,59576.44,2.13,2019-03-07
E001294,Tara,HR,49,7.0,45166.5,2.58,2019-03-08
E001295,Kabir,Sales,33,6.0,83732.39,6.21,
E001296,Diya,Finance,57,11.0,94061.58,5.05,2019-03-08
E001297,Kabir,Engineering,28,6.0,78364.31,3.31,2019-03-09
E001298,Nisha,Marketing,25,23.0,73567.15,1.55,2019-03-09
E001299,Diya,Operations,45,27.0,7401.2,3.72,2019-03-09
E001300,Nisha,Operations,45,11.0,56632.88,1.96,2019-03-10
E001301,Aditya,Engineering,44,9.0,89835.0,5.78,2019-03-10
E001302,Aarav,Sales,25,21.0,67332.15,9.28,2019-03-10
E001303,Diya,Operations,34,29.0,77458.77,7.12,2019-03-11
E001304,Rohan,Operations,59,3.0,90882.64,7.09,2019-03-11
E001305,Isha,Sales,33,17.0,96037.45,9.44,2019-03-11
E001306,Tara,Engineering,31,4.0,83187.18,4.45,2019-03-12
E001307,Nisha,Sales,45,21.0,103780.95,6.74,2019-03-12
E001308,Diya,Finance,26,32.0,54787.55,3.0,2019-03-12
E001309,Aarav,Engineering,26,11.0,72067.14,2.14,2019-03-13
E001310,Tara,Operations,21,15.0,64524.47,2.5,2019-03-13
E001311,Diya,HR,54,7.0,36648.48,1.96,2019-03-13
E001312,Isha,Operations,48,0.0,61618.95,6.69,2019-03-14
E001313,Tara,Operations,47,11.0,68094.0,6.17,2019-03-14
E001314,Aarav,Engineering,34,6.0,75614.64,3.76,2019-03-14
E001315,Aarav,HR,24,28.0,89979.82,3.25,2019-03-15
E001316,Kabir,HR,36,24.0,42443.54,5.41,2019-03-15
E001317,Rohan,Sales,47,34.0,128959.83,4.37,2019-03-15
E001318,Rohan,Marketing,34,17.0,39618.83,8.26,2019-03-16
E001319,Aarav,HR,50,31.0,71920.02,8.75,2019-03-16
E001320,Aditya,Engineering,39,5.0,59367.63,8.0,
E001321,Aarav,Finance,55,31.0,32537.74,2.0,2019-03-17
E001322,Aarav,Marketing,40,28.0,85722.59,6.23,2019-03-17
E001323,Aditya,HR,53,22.0,73214.35,8.13,2019-03-17
E001324,Diya,Finance,27,9.0,93041.77,9.19,2019-03-18
E001325,,Operations,51,27.0,24103.22,7.5,2019-03-18
E001326,Tara,Sales,31,16.0,31849.78,9.96,2019-03-18
E001327,Aditya,Operations,44,31.0,60688.17,-2.0,2019-03-19
E001328,Aarav,HR,26,8.0,99271.11,9.47,2019-03-19
E001329,Kabir,Sales,46,24.0,76692.15,4.64,2019-03-19
E001330,Kabir,Engineering,57,17.0,55299.81,4.11,2019-03-20
E001331,Diya,Finance,38,,76157.74,9.53,2019-03-20
E001332,Nisha,Sales,32,17.0,91495.2,3.04,2019-03-20
E001333,Aarav,Marketing,60,15.0,76059.39,3.94,2019-03-21
E001334,Nisha,Sales,30,2.0,67064.52,4.65,2019-03-21
E001335,Aarav,Operations,57,24.0,58456.91,7.35,2019-03-21
E001336,Rohan,Marketing,60,8.0,61525.16,2.22,2019-03-22
E001337,Aditya,Finance,25,22.0,61353.13,9.05,2019-03-22
E001338,Rohan,Operations,21,10.0,94574.73,4.12,2019-03-22
E001339,Isha,Engineering,42,13.0,33114.11,5.97,2019-03-23
E001340,Tara,Marketing,50,25.0,75013.76,6.34,2019-03-23
E001341,Aditya,Finance,29,,81764.68,8.03,
E001342,Tara,HR,22,8.0,66907.19,7.93,2019-03-24
E001343,Diya,Operations,54,21.0,92763.26,2.0,2019-03-24
E001344,Kabir,Sales,54,1.0,72451.77,4.91,2019-03-24
E001345,Aditya,Sales,35,22.0,82367.23,4.43,2019-03-25
E001346,Tara,Sales,61,19.0,63825.57,6.19,2019-03-25
E001347,Diya,Engineering,60,33.0,115885.27,4.67,2019-03-25
E001348,Rohan,Engineering,59,16.0,37694.77,5.71,2019-03-26
E001349,Kabir,Marketing,36,22.0,39000.79,5.71,2019-03-26
E001350,Kabir,Engineering,54,11.0,28202.62,9.84,2019-03-26
E001351,Nisha,HR,130,34.0,111893.85,5.15,2019-03-27
E001352,Tara,Marketing,26,10.0,92825.25,1.9,2019-03-27
E001353,Isha,Sales,31,31.0,96527.4,6.28,2019-03-27
E001354,Diya,Marketing,57,23.0,19837.73,4.21,2019-03-28
E001355,Isha,Engineering,41,24.0,101724.7,7.37,2019-03-28
E001356,Isha,Operations,29,17.0,71810.53,3.42,2019-03-28
E001357,Aarav,HR,37,25.0,58965.59,7.83,2019-03-29
E001358,Aditya,Operations,53,13.0,75316.47,1.68,2019-03-29
E001359,Aditya,Marketing,33,32.0,86919.18,4.53,2019-03-29
E001360,Tara,Marketing,60,29.0,2646.97,9.75,2019-03-30
E001361,Aarav,Marketing,44,25.0,82077.09,9.67,2019-03-30
E001362,Aarav,Engineering,38,7.0,91472.38,8.59,2019-03-30
E001363,Kabir,Sales,26,15.0,45085.09,1.94,2019-03-31
E001364,Rohan,Finance,23,19.0,108265.22,2.25,2019-03-31
E001365,Isha,Finance,21,24.0,66780.98,4.47,2019-03-31
E001366,Aarav,Marketing,45,29.0,41712.24,7.61,2019-04-01
E001367,Isha,Finance,25,14.0,96014.95,5.39,2019-04-01
E001368,Kabir,Operations,58,1.0,110874.53,7.78,2019-04-01
E001369,Aditya,Finance,42,26.0,60403.82,8.69,2019-04-02
E001370,Diya,Engineering,47,3.0,74270.11,6.64,2019-04-02
E001371,Aditya,Engineering,59,25.0,125947.19,7.63,2019-04-02
E001372,Nisha,Operations,29,10.0,55048.51,5.23,2019-04-03
E001373,Aditya,Finance,39,0.0,38773.0,9.95,2019-04-03
E001374,Nisha,Engineering,31,25.0,38484.16,2.73,2019-04-03
E001375,Aditya,HR,49,30.0,6999.07,2.08,2019-04-04
E001376,Diya,HR,56,7.0,24231.56,9.14,2019-04-04
E001377,Kabir,Marketing,44,26.0,77760.42,2.48,2019-04-04
E001378,Kabir,Finance,31,17.0,108600.31,2.15,2019-04-05
E001379,Tara,Operations,37,21.0,101467.7,3.79,2019-04-05
E001380,Aarav,HR,60,8.0,75110.12,1.37,2019-04-05
E001381,Rohan,HR,36,3.0,77503.5,6.89,2019-04-06
E001382,Tara,HR,51,30.0,106905.05,5.7,2019-04-06
E001383,Isha,Finance,54,24.0,25462.11,5.26,2019-04-06
E001384,Nisha,Marketing,54,24.0,67475.81,6.56,
E001385,Aditya,Marketing,34,8.0,45772.62,9.22,2019-04-07
E001386,Nisha,Engineering,39,15.0,63762.9,8.98,2019-04-07
E001387,Diya,Marketing,43,5.0,15549.94,7.81,2019-04-08
E001388,Aditya,Finance,56,34.0,93891.23,5.73,2019-04-08
E001389,Kabir,Operations,35,26.0,86610.06,2.82,2019-04-08
E001390,Aditya,HR,23,34.0,109762.93,7.39,2019-04-09
E001391,Rohan,Sales,33,21.0,63509.51,3.7,2019-04-09
E001392,Diya,Finance,56,23.0,82970.44,2.28,2019-04-09
E001393,Isha,Operations,48,31.0,94340.27,5.98,
E001394,Kabir,HR,24,12.0,26747.42,5.76,2019-04-10
E001395,Diya,Sales,58,0.0,69532.14,4.48,2019-04-10
E001396,Rohan,Operations,47,19.0,81917.94,2.05,2019-04-11
E001397,Isha,Finance,25,12.0,28537.69,7.38,2019-04-11
E001398,Kabir,HR,37,34.0,77683.32,4.32,2019-04-11
E001399,Tara,Sales,22,2.0,71451.51,9.29,2019-04-12
E001400,Rohan,Sales,57,34.0,89066.53,6.97,2019-04-12
E001401,Aarav,Engineering,50,24.0,95605.5,6.05,2019-04-12
E001402,Nisha,Sales,26,25.0,57834.21,2.77,2019-04-13
E001403,Aarav,HR,26,22.0,63934.46,5.4,2019-04-13
E001404,Nisha,Marketing,38,21.0,43395.94,4.32,2019-04-13
E001405,Aarav,Finance,35,28.0,77816.82,4.96,2019-04-14
E001406,Diya,Sales,27,0.0,45640.39,5.88,2019-04-14
E001407,Diya,Finance,25,9.0,62544.66,6.86,2019-04-14
E001408,Aditya,Finance,43,3.0,110001.15,8.04,2019-04-15
E001409,Nisha,Engineering,46,9.0,59379.56,7.63,2019-04-15
E001410,Diya,Marketing,50,19.0,66178.57,6.0,2019-04-15
E001411,Diya,Marketing,25,19.0,63686.1,5.18,2019-04-16
E001412,Isha,Sales,39,34.0,61853.81,8.43,2019-04-16
E001413,Isha,Finance,50,13.0,50098.9,8.66,2019-04-16
E001414,Aarav,Operations,59,24.0,-771.82,6.27,2019-04-17
E001415,Kabir,Finance,41,11.0,45608.14,5.8,2019-04-17
E001416,Rohan,Finance,50,33.0,15536.2,1.39,2019-04-17
E001417,Nisha,Finance,21,6.0,99470.24,2.35,2019-04-18
E001418,Aditya,Operations,22,5.0,32661.04,3.9,2019-04-18
E001419,Tara,Finance,58,26.0,42734.03,6.91,2019-04-18
E001420,Aarav,Marketing,34,21.0,63129.82,8.65,2019-04-19
E001421,Rohan,Engineering,25,25.0,124963.37,8.68,2019-04-19
E001422,Aarav,Operations,37,33.0,67669.13,6.73,2019-04-19
E001423,Aditya,Operations,54,6.0,67638.2,7.39,2019-04-20
E001424,Diya,Operations,52,1.0,13594.12,6.05,2019-04-20
E001425,Tara,Engineering,48,23.0,127828.97,1.97,2019-04-20
E001426,Tara,Sales,37,19.0,96523.7,2.77,2019-04-21
E001427,Rohan,Operations,41,3.0,71528.48,6.16,2019-04-21
E001428,Rohan,Engineering,30,3.0,97124.93,5.07,2019-04-21
E001429,Aarav,HR,47,27.0,16976.71,2.24,2019-04-22
E001430,Tara,Engineering,48,7.0,99037.52,1.57,2019-04-22
E001431,Kabir,Operations,61,33.0,31702.77,1.29,2019-04-22
E001432,Isha,HR,57,14.0,0.0,8.78,2019-04-23
E001433,Aditya,HR,38,31.0,98276.26,8.05,2019-04-23
E001434,Rohan,Marketing,47,34.0,138595.56,2.32,2019-04-23
E001435,Aditya,Engineering,61,,77296.68,1.43,2019-04-24
E001436,Tara,Sales,39,12.0,125509.97,6.27,2019-04-24
E001437,Isha,HR,25,10.0,90421.17,6.37,2019-04-24
E001438,Tara,Engineering,45,34.0,56561.84,8.34,2019-04-25
E001439,Aditya,HR,30,30.0,78050.43,6.01,2019-04-25
E001440,Tara,Engineering,21,32.0,118149.01,5.76,2019-04-25
E001441,,HR,32,26.0,29513.66,6.19,2019-04-26
E001442,Diya,Marketing,51,15.0,67820.77,5.03,2019-04-26
E001443,Aditya,Finance,59,0.0,113967.37,5.18,2019-04-26
E001444,Rohan,HR,44,3.0,61838.88,4.19,2019-04-27
E001445,Aditya,Operations,41,31.0,70006.9,8.57,2019-04-27
E001446,Kabir,Sales,39,4.0,43988.08,3.24,2019-04-27
E001447,Tara,Operations,28,20.0,92478.96,2.41,2019-04-28
E001448,Aarav,Finance,31,7.0,70596.31,6.76,2019-04-28
E001449,Kabir,HR,30,11.0,119728.87,2.88,2019-04-28
E001450,Tara,Sales,48,22.0,35971.3,2.91,2019-04-29
E001451,Aarav,Finance,35,22.0,50047.63,7.67,2019-04-29
E001452,Rohan,Operations,34,17.0,109901.5,6.61,2019-04-29
E001453,,HR,44,30.0,101459.91,8.49,2019-04-30
E001454,Aditya,Marketing,43,26.0,42287.47,6.71,2019-04-30
E001455,Rohan,HR,42,3.0,133343.61,7.65,2019-04-30
E001456,Isha,Engineering,31,19.0,96781.68,5.45,2019-05-01
E001457,Aditya,Engineering,44,20.0,82923.5,2.84,2019-05-01
E001458,Diya,Sales,21,22.0,53153.87,1.04,2019-05-01
E001459,Tara,Marketing,22,11.0,92723.46,11.0,2019-05-02
E001460,Nisha,Finance,30,19.0,104492.59,7.75,2019-05-02
E001461,Aarav,Operations,41,33.0,57028.57,5.7,2019-05-02
E001462,Kabir,HR,52,10.0,10342.67,5.77,2019-05-03
E001463,,Engineering,42,5.0,124864.14,5.19,2019-05-03
E001464,Nisha,Sales,36,14.0,104593.74,6.75,2019-05-03
E001465,Tara,HR,21,30.0,74770.52,3.44,2019-05-04
E001466,Isha,Sales,40,9.0,38596.39,2.48,2019-05-04
E001467,,Sales,39,20.0,93393.39,6.72,2019-05-04
E001468,Nisha,Operations,35,12.0,64954.7,7.82,2019-05-05
E001469,Nisha,Operations,32,21.0,41866.3,3.12,2019-05-05
E001470,,HR,43,21.0,27831.15,9.38,2019-05-05
E001471,Kabir,Finance,25,0.0,92743.86,2.53,2019-05-06
E001472,Aarav,Sales,38,,100949.81,5.47,2019-05-06
E001473,Tara,Sales,29,26.0,116407.52,8.92,2019-05-06
E001474,Tara,Operations,21,8.0,75604.77,1.45,2019-05-07
E001475,Isha,Marketing,45,4.0,73884.9,2.18,2019-05-07
E001476,Tara,HR,45,,82937.77,5.2,2019-05-07
E001477,Rohan,Sales,24,5.0,75863.56,8.12,2019-05-08
E001478,Nisha,Marketing,39,13.0,55253.2,3.48,2019-05-08
E001479,Nisha,Operations,58,27.0,42047.62,6.89,2019-05-08
E001480,Rohan,Engineering,35,18.0,69050.52,1.0,2019-05-09
E001481,Isha,Sales,31,30.0,110780.09,5.59,2019-05-09
E001482,Nisha,Finance,29,28.0,87889.66,4.67,2019-05-09
E001483,Diya,Sales,40,29.0,52557.39,5.31,2019-05-10
E001484,Kabir,Operations,52,2.0,67773.75,1.73,2019-05-10
E001485,Aarav,Sales,30,17.0,61692.55,3.82,2019-05-10
E001486,Kabir,Sales,51,29.0,85110.07,2.26,2019-05-11
E001487,Nisha,Marketing,41,,76405.94,2.25,2019-05-11
E001488,Isha,Finance,41,1.0,87114.32,9.75,2019-05-11
E001489,Kabir,Engineering,26,17.0,77252.85,9.33,2019-05-12
E001490,Aditya,Operations,45,8.0,49398.07,6.49,2019-05-12
E001491,Isha,HR,40,31.0,96588.74,7.7,2019-05-12
E001492,Isha,Marketing,43,2.0,116977.91,7.59,2019-05-13
E001493,Diya,Engineering,31,19.0,58612.33,1.57,2019-05-13
E001494,Nisha,Sales,32,4.0,47081.16,6.56,2019-05-13
E001495,Diya,Sales,31,15.0,81424.2,2.14,2019-05-14
E001496,Aarav,Finance,51,20.0,106791.19,6.44,2019-05-14
E001497,Isha,HR,36,10.0,77028.29,1.74,2019-05-14
E001498,Aarav,Operations,29,33.0,85240.75,4.41,2019-05-15
E001499,Diya,Sales,33,1.0,29380.34,7.04,2019-05-15
E001500,Aditya,Operations,59,21.0,56194.93,2.91,2019-05-15
E001501,Nisha,Finance,56,16.0,88700.47,6.42,2019-05-16
E001502,Aditya,Marketing,61,15.0,46690.03,1.86,2019-05-16
E001503,Kabir,Engineering,55,1.0,67347.56,3.52,2019-05-16
E001504,Nisha,Sales,38,10.0,67741.72,7.32,2019-05-17
E001505,Aditya,Finance,44,16.0,50038.63,2.14,2019-05-17
E001506,Isha,Sales,35,60.0,84048.78,9.44,2019-05-17
E001507,Aditya,Engineering,52,7.0,88827.34,7.19,2019-05-18
E001508,,Sales,35,12.0,103384.73,9.92,2019-05-18
E001509,Tara,Finance,49,32.0,90779.09,1.05,2019-05-18
E001510,Rohan,Marketing,45,11.0,54151.55,2.84,2019-05-19
E001511,Aditya,HR,42,17.0,83894.91,8.35,2019-05-19
E001512,Rohan,HR,34,4.0,74061.34,3.86,2019-05-19
E001513,Diya,Engineering,56,5.0,93570.45,2.76,2019-05-20
E001514,Isha,Marketing,27,21.0,106705.53,3.24,
E001515,Rohan,Finance,27,13.0,41722.31,2.19,2019-05-20
E001516,Aarav,HR,32,34.0,72470.79,9.06,2019-05-21
E001517,Tara,Finance,22,4.0,90450.95,3.95,2019-05-21
E001518,Diya,Engineering,23,18.0,70372.02,9.22,2019-05-21
E001519,Nisha,Operations,40,31.0,93992.27,9.35,2019-05-22
E001520,Aarav,Engineering,32,16.0,24532.98,4.18,2019-05-22
E001521,Isha,Finance,24,21.0,57379.71,6.71,2019-05-22
E001522,Kabir,Marketing,32,22.0,95904.78,6.99,2019-05-23
E001523,Diya,Operations,57,29.0,46341.41,6.35,2019-05-23
E001524,Nisha,Finance,50,12.0,74330.83,6.59,2019-05-23
E001525,Diya,Operations,38,28.0,42898.38,4.58,2019-05-24
E001526,Kabir,Operations,42,5.0,109013.76,9.99,2019-05-24
E001527,Isha,Operations,22,24.0,39661.82,1.18,2019-05-24
E001528,Nisha,Operations,45,14.0,67212.94,3.77,2019-05-25
E001529,Isha,engineering,59,15.0,72014.24,3.62,2019-05-25
E001530,Aditya,Sales,59,32.0,69145.32,6.43,2019-05-25
E001531,Kabir,Operations,27,5.0,61486.05,8.33,2019-05-26
E001532,Tara,HR,30,10.0,80239.53,6.24,2019-05-26
E001533,Rohan,Marketing,61,22.0,76958.47,1.31,2019-05-26
E001534,Diya,HR,32,2.0,62824.92,1.86,2019-05-27
E001535,Diya,Engineering,21,23.0,48857.53,8.79,2019-05-27
E001536,Diya,Operations,48,20.0,68296.02,2.33,2019-05-27
E001537,Nisha,Engineering,46,16.0,109411.7,8.03,2019-05-28
E001538,Aditya,Marketing,38,24.0,69313.52,3.28,2019-05-28
E001539,,Engineering,59,20.0,51867.49,8.26,2019-05-28
E001540,Kabir,HR,54,26.0,35328.22,8.24,2019-05-29
E001541,Diya,HR,42,24.0,50137.18,4.67,2019-05-29
E001542,Tara,Operations,58,5.0,30090.74,9.19,2019-05-29
E001543,Aditya,Engineering,42,4.0,30103.48,3.29,2019-05-30
E001544,Isha,HR,52,,54188.45,3.29,2019-05-30
E001545,Tara,HR,57,30.0,43121.48,7.2,2019-05-30
E001546,Nisha,Finance,36,0.0,65589.58,7.76,2019-05-31
E001547,Aarav,Finance,47,9.0,80314.21,3.13,2019-05-31
E001548,Rohan,Sales,35,14.0,92271.89,2.13,2019-05-31
E001549,Isha,Engineering,54,14.0,44384.86,3.4,2019-06-01
E001550,Nisha,Sales,40,22.0,111359.76,5.99,2019-06-01
E001551,Rohan,Engineering,51,11.0,102505.2,1.43,2019-06-01
E001552,Kabir,Finance,44,10.0,68808.91,7.01,2019-06-02
E001553,Kabir,Finance,21,21.0,62277.98,5.8,2019-06-02
E001554,Kabir,Finance,42,16.0,73493.43,3.2,2019-06-02
E001555,Isha,Sales,21,22.0,79888.93,2.21,2019-06-03
E001556,Rohan,Marketing,41,2.0,87268.53,2.39,2019-06-03
E001557,Diya,Sales,48,11.0,32440.82,2.97,2019-06-03
E001558,Aditya,Marketing,60,29.0,45405.21,4.0,2019-06-04
E001559,Rohan,Marketing,49,1.0,65205.42,4.83,2019-06-04
E001560,Aarav,Engineering,31,17.0,69125.75,2.08,2019-06-04
E001561,Nisha,Marketing,59,24.0,77219.1,1.92,2019-06-05
E001562,Aditya,Finance,42,,54155.88,1.68,
E001563,Nisha,Engineering,50,23.0,94951.55,3.69,2019-06-05
E001564,Rohan,Operations,31,,62277.66,1.85,2019-06-06
E001565,Kabir,Engineering,29,23.0,108736.08,7.71,2019-06-06
E001566,Aditya,Sales,43,,54183.71,8.46,2019-06-06
,Kabir,HR,23,0.0,93126.24,2.3,2019-06-07
E001568,Tara,Sales,49,24.0,66725.46,2.2,2019-06-07
E001569,Aditya,HR,32,7.0,62406.42,2.65,2019-06-07
E001570,Aarav,HR,30,29.0,37670.33,2.73,2019-06-08
E001571,Tara,Finance,36,25.0,58573.85,5.88,2019-06-08
E001572,Isha,engineering,27,7.0,35243.83,7.28,2019-06-08
E001573,Aarav,Marketing,28,34.0,51088.57,7.75,2019-06-09
E001574,Tara,Marketing,31,28.0,56442.78,7.87,2019-06-09
E001575,Rohan,Sales,33,17.0,85258.66,3.89,2019-06-09
E001576,Aarav,HR,38,5.0,80288.41,6.32,2019-06-10
E001577,Diya,Finance,21,2.0,75412.87,9.34,2019-06-10
E001578,Aarav,Operations,54,14.0,41598.12,3.26,2019-06-10
E001579,Isha,HR,45,23.0,119134.67,2.96,2019-06-11
E001580,Isha,Marketing,58,31.0,106479.13,6.63,2019-06-11
E001581,Aarav,HR,53,32.0,92503.94,1.96,2019-06-11
E001582,Kabir,Marketing,28,6.0,19135.7,8.86,2019-06-12
E001583,Tara,Engineering,60,28.0,62070.85,2.98,2019-06-12
E001584,Nisha,Operations,32,22.0,55850.99,8.88,2019-06-12
E001585,Tara,Finance,60,33.0,41528.06,6.4,2019-06-13
E001586,Nisha,Engineering,43,22.0,66227.8,1.53,2019-06-13
E001587,,Finance,60,28.0,68588.75,6.82,2019-06-13
E001588,Diya,Marketing,42,6.0,74163.9,5.88,2019-06-14
E001589,Kabir,Engineering,59,32.0,34045.92,2.89,2019-06-14
E001590,Diya,Finance,32,0.0,68514.28,4.49,2019-06-14
E001591,Diya,Finance,43,5.0,89734.59,6.56,2019-06-15
E001592,Aarav,HR,36,3.0,45155.38,8.17,2019-06-15
E001593,Tara,HR,29,15.0,64150.38,8.8,2019-06-15
E001594,Aarav,HR,28,30.0,72950.6,1.08,2019-06-16
E001595,Aditya,Engineering,44,33.0,45377.45,1.42,2019-06-16
E001596,Isha,Sales,46,7.0,85283.39,1.56,2019-06-16
E001597,Tara,Engineering,30,12.0,41752.49,6.22,2019-06-17
E001598,Aditya,Sales,30,1.0,21186.18,7.17,2019-06-17
E001599,Rohan,HR,42,34.0,115620.91,1.92,2019-06-17
E001600,Kabir,Sales,57,13.0,52586.6,8.89,2019-06-18
E001601,Tara,HR,61,1.0,59673.09,2.45,2019-06-18
E001602,Isha,Sales,50,18.0,17841.27,4.2,2019-06-18
E001603,Kabir,Finance,54,11.0,108018.89,3.3,2019-06-19
E001604,Aarav,HR,48,26.0,79211.21,5.54,2019-06-19
E001605,Nisha,Operations,40,12.0,33065.78,4.12,2019-06-19
E001606,Nisha,Engineering,38,27.0,52673.92,5.02,2019-06-20
E001607,Rohan,Engineering,58,3.0,62106.98,7.32,2019-06-20
E001608,Tara,Sales,50,34.0,34506.51,3.05,2019-06-20
E001609,Aditya,HR,44,28.0,46426.0,4.85,2019-06-21
E001610,Aarav,HR,35,30.0,96274.62,2.22,2019-06-21
E001611,Aditya,Finance,39,0.0,53858.56,1.04,2019-06-21
E001612,Nisha,Marketing,47,10.0,73265.84,6.62,
E001613,Aditya,Marketing,59,8.0,72964.19,9.91,2019-06-22
E001614,Nisha,Sales,37,32.0,57507.62,9.71,2019-06-22
E001615,Diya,Sales,51,23.0,46625.73,4.15,2019-06-23
E001616,Tara,Marketing,38,3.0,80662.74,3.31,2019-06-23
E001617,Nisha,Finance,35,20.0,35852.61,4.99,2019-06-23
E001618,Kabir,Engineering,23,6.0,72333.73,9.87,2019-06-24
E001619,Isha,Engineering,31,33.0,84136.44,9.38,2019-06-24
E001620,Diya,Sales,29,15.0,74752.57,9.78,2019-06-24
E001621,Nisha,Operations,52,31.0,41759.4,4.89,2019-06-25
E001622,Isha,Marketing,36,18.0,33463.92,8.59,2019-06-25
E001623,Aditya,Operations,46,28.0,92056.69,8.04,2019-06-25
E001624,Tara,Operations,45,27.0,97310.84,7.41,2019-06-26
E001625,Aditya,Engineering,43,34.0,62071.09,6.86,2019-06-26
E001626,Nisha,Engineering,45,21.0,44635.65,8.04,2019-06-26
E001627,Diya,Finance,33,3.0,60667.4,5.31,2019-06-27
E001628,Aarav,Operations,26,15.0,43209.93,2.17,2019-06-27
E001629,Isha,Engineering,51,21.0,72971.7,7.4,2019-06-27
E001630,Kabir,Finance,48,30.0,75162.28,7.85,2019-06-28
E001631,Isha,Marketing,28,8.0,74227.87,7.28,2019-06-28
E001632,Kabir,HR,30,32.0,56417.72,4.89,2019-06-28
E001633,,Sales,44,18.0,69590.82,3.69,2019-06-29
E001634,Diya,Sales,38,14.0,60291.77,3.27,2019-06-29
E001635,Isha,Finance,26,13.0,31726.41,1.97,2019-06-29
E001636,Aditya,HR,53,21.0,103214.74,7.31,2019-06-30
E001637,Aditya,Operations,32,20.0,55095.9,7.82,2019-06-30
E001638,Aarav,Operations,33,4.0,26199.76,5.47,2019-06-30
E001639,Rohan,Sales,32,23.0,82124.32,2.33,2019-07-01
E001640,Nisha,Operations,45,31.0,98651.63,9.02,2019-07-01
E001641,Aarav,Sales,29,4.0,56159.75,2.3,2019-07-01
E001642,Isha,Marketing,52,23.0,65728.96,7.78,2019-07-02
E001643,Tara,Finance,52,26.0,82819.19,5.64,2019-07-02
E001644,Kabir,Engineering,49,4.0,135503.23,2.2,2019-07-02
E001645,Aditya,Finance,23,20.0,68856.8,9.45,2019-07-03
E001646,Isha,Finance,35,16.0,51625.2,9.09,2019-07-03
E001647,Diya,HR,32,2.0,59249.16,6.62,2019-07-03
E001648,Diya,Engineering,52,1.0,64503.74,3.16,2019-07-04
E001649,Tara,Sales,54,16.0,28844.29,4.68,2019-07-04
E001650,Kabir,Operations,21,28.0,58540.98,4.75,2019-07-04
E001651,Diya,Engineering,21,28.0,22722.51,2.8,2019-07-05
E001652,Aarav,HR,50,2.0,98677.47,3.51,2019-07-05
E001653,Diya,Engineering,51,8.0,20124.4,7.54,2019-07-05
E001654,Tara,Marketing,27,0.0,75936.54,9.07,2019-07-06
E001655,Isha,HR,53,22.0,42064.21,5.12,2019-07-06
E001656,Diya,HR,28,29.0,51236.89,9.64,2019-07-06
E001657,Kabir,Marketing,34,30.0,51003.32,6.27,2019-07-07
E001658,Nisha,Marketing,26,20.0,51514.49,8.12,2019-07-07
E001659,Tara,Operations,42,28.0,127604.74,9.9,2019-07-07
E001660,Kabir,HR,48,13.0,82421.51,5.49,2019-07-08
E001661,Kabir,Operations,28,19.0,83859.38,1.41,2019-07-08
E001662,Diya,Engineering,56,9.0,84973.95,3.91,2019-07-08
E001663,Kabir,Finance,53,8.0,66592.46,4.07,2019-07-09
E001664,Rohan,Engineering,30,7.0,53086.95,6.85,2019-07-09
E001665,Isha,HR,41,13.0,49009.68,6.71,2019-07-09
E001666,Diya,Engineering,38,14.0,81938.54,4.81,2019-07-10
E001667,Rohan,Finance,40,28.0,47603.34,6.59,2019-07-10
E001668,Tara,HR,34,24.0,74506.48,4.95,2019-07-10
E001669,Rohan,HR,59,25.0,52573.67,6.65,2019-07-11
E001670,Diya,Finance,44,11.0,7489.19,9.57,2019-07-11
E001671,Rohan,Marketing,47,6.0,66698.54,3.24,2019-07-11
E001672,Aarav,HR,36,34.0,73737.99,8.13,2019-07-12
E001673,Kabir,Operations,25,31.0,52337.11,9.46,
E001674,Kabir,Operations,27,14.0,75937.15,1.91,2019-07-12
E001675,Isha,HR,60,0.0,79550.84,1.44,2019-07-13
E001676,Rohan,Marketing,53,2.0,84087.05,2.38,2019-07-13
E001677,Aditya,Engineering,24,26.0,74542.04,9.79,2019-07-13
E001678,Isha,Finance,41,5.0,73535.77,1.25,2019-07-14
E001679,Tara,Operations,33,14.0,80124.06,2.61,2019-07-14
E001680,Isha,HR,35,2.0,61502.89,1.61,2019-07-14
E001681,Aditya,Finance,49,30.0,14182.24,3.3,2019-07-15
E001682,Tara,Finance,52,14.0,44852.17,9.2,2019-07-15
E001683,Nisha,Sales,33,12.0,54115.86,9.49,2019-07-15
E001684,Aarav,Engineering,40,28.0,59857.11,8.53,2019-07-16
E001685,Rohan,Engineering,29,25.0,91305.31,4.86,2019-07-16
E001686,Aarav,HR,57,26.0,73439.6,2.59,2019-07-16
E001687,Diya,Sales,39,18.0,71382.7,3.03,2019-07-17
E001688,Aditya,Operations,36,20.0,62390.95,5.09,2019-07-17
E001689,Rohan,Operations,48,29.0,44915.02,7.43,2019-07-17
E001690,Nisha,Engineering,37,8.0,74969.17,3.85,2019-07-18
E001691,Tara,Sales,42,1.0,79747.12,4.87,2019-07-18
E001692,Diya,Finance,35,24.0,91667.64,3.11,2019-07-18
E001693,Isha,HR,38,12.0,48100.44,3.58,2019-07-19
E001694,Kabir,Finance,26,22.0,110266.74,9.84,2019-07-19
E001695,Diya,Operations,52,30.0,95090.89,9.26,2019-07-19
E001696,Aarav,Sales,22,17.0,37992.09,9.37,2019-07-20
,Kabir,Engineering,32,2.0,75064.55,7.48,2019-07-20
E001698,Kabir,Sales,35,17.0,84124.62,3.74,2019-07-20
E001699,Isha,Engineering,43,21.0,99519.62,6.66,2019-07-21
E001700,Kabir,Sales,56,16.0,64290.13,5.13,2019-07-21
E001701,Aarav,Finance,58,5.0,104659.96,7.25,2019-07-21
E001702,Nisha,Marketing,23,4.0,59104.64,7.62,2019-07-22
E001703,Diya,Marketing,53,30.0,81792.21,6.68,2019-07-22
E001704,Rohan,Sales,33,23.0,83872.86,5.09,2019-07-22
E001705,Nisha,Engineering,52,12.0,84516.99,7.75,2019-07-23
E001706,Kabir,Finance,25,2.0,85154.14,1.8,2019-07-23
E001707,Isha,Engineering,25,16.0,53634.15,8.44,2019-07-23
E001708,Kabir,Sales,58,19.0,49893.46,1.81,2019-07-24
E001709,Tara,Sales,36,13.0,54508.88,9.24,2019-07-24
E001710,Diya,Engineering,26,27.0,43485.84,7.23,2019-07-24
E001711,Rohan,Engineering,41,34.0,50082.82,5.14,2019-07-25
E001712,Tara,Finance,35,12.0,91345.79,1.22,2019-07-25
E001713,Aditya,HR,43,2.0,43410.64,2.43,2019-07-25
E001714,Aditya,Sales,50,29.0,72046.59,7.39,2019-07-26
E001715,Kabir,Marketing,58,34.0,80355.69,1.87,2019-07-26
E001716,Tara,HR,37,10.0,63080.92,1.59,2019-07-26
,Rohan,Marketing,35,19.0,95137.88,6.52,2019-07-27
E001718,Aditya,Marketing,49,30.0,32940.23,6.12,2019-07-27
E001719,Aditya,HR,56,5.0,51434.06,7.64,2019-07-27
E001720,Aditya,Engineering,28,34.0,102604.52,8.62,2019-07-28
E001721,Tara,Operations,35,22.0,65305.86,9.85,2019-07-28
E001722,Isha,Operations,33,20.0,71406.75,9.71,2019-07-28
E001723,Aarav,Engineering,24,19.0,37229.29,6.64,2019-07-29
E001724,Isha,Finance,61,32.0,37216.28,7.53,2019-07-29
E001725,Nisha,Finance,52,19.0,74482.07,2.4,2019-07-29
E001726,Aditya,Engineering,48,13.0,100257.53,8.36,2019-07-30
E001727,Rohan,Operations,35,4.0,41573.51,6.51,2019-07-30
E001728,Aarav,HR,45,28.0,81236.08,6.3,2019-07-30
E001729,Nisha,Finance,47,15.0,90994.32,1.62,2019-07-31
E001730,Diya,Sales,26,11.0,48483.15,2.12,2019-07-31
E001731,Diya,Engineering,52,2.0,85903.49,2.86,2019-07-31
E001732,Rohan,Engineering,40,32.0,106435.26,2.92,2019-08-01
,Aditya,Finance,58,22.0,91428.73,5.81,2019-08-01
E001734,,Operations,23,14.0,54186.89,8.16,2019-08-01
E001735,Isha,HR,44,19.0,58119.43,4.49,2019-08-02
E001736,Aditya,HR,44,32.0,91873.93,6.28,2019-08-02
E001737,Rohan,Engineering,51,1.0,98701.29,3.73,2019-08-02
E001738,Tara,HR,50,13.0,37693.35,6.56,2019-08-03
E001739,Kabir,Operations,31,1.0,87186.07,3.13,2019-08-03
,Aditya,HR,58,18.0,48999.57,9.35,2019-08-03
E001741,Isha,Sales,35,32.0,26905.83,4.5,2019-08-04
E001742,Aarav,Sales,35,4.0,41574.71,4.9,2019-08-04
E001743,Diya,Operations,30,22.0,84985.43,4.57,2019-08-04
E001744,Kabir,Operations,21,12.0,38479.05,9.26,2019-08-05
E001745,Tara,Marketing,58,7.0,74781.6,3.0,2019-08-05
E001746,Nisha,Finance,60,4.0,56783.53,6.43,2019-08-05
E001747,Tara,Operations,59,22.0,41847.1,9.68,2019-08-06
E001748,Kabir,Engineering,43,20.0,83050.54,9.63,2019-08-06
E001749,Kabir,Engineering,23,6.0,40698.41,1.07,2019-08-06
E001750,Isha,Marketing,32,22.0,86908.99,8.43,2019-08-07
E001751,Diya,Sales,44,26.0,78360.04,1.09,2019-08-07
E001752,Isha,Marketing,60,-3.0,38755.87,8.22,2019-08-07
E001753,Kabir,HR,56,5.0,91750.39,1.41,2019-08-08
E001754,Nisha,Sales,59,5.0,48367.55,9.06,2019-08-08
E001755,Isha,Operations,23,26.0,103263.19,2.59,2019-08-08
E001756,Nisha,Operations,54,14.0,97022.46,5.29,2019-08-09
,Aditya,Sales,46,0.0,41352.42,4.35,2019-08-09
E001758,Rohan,Finance,39,7.0,68828.02,7.49,2019-08-09
E001759,Tara,Sales,40,13.0,53224.65,9.6,2019-08-10
E001760,Isha,HR,57,13.0,89865.3,4.93,2019-08-10
E001761,,Finance,53,31.0,43973.89,1.6,2019-08-10
E001762,Diya,Finance,57,18.0,90100.03,8.08,2019-08-11
E001763,Nisha,Marketing,32,18.0,90557.88,3.99,2019-08-11
E001764,Tara,Finance,24,19.0,111176.94,7.88,2019-08-11
E001765,Isha,Finance,52,20.0,90930.89,1.59,2019-08-12
,Aditya,Operations,54,1.0,52282.45,9.0,2019-08-12
E001767,Tara,Operations,29,32.0,111996.28,3.61,2019-08-12
E001768,Nisha,Operations,32,14.0,100677.89,4.17,2019-08-13
E001769,Rohan,Engineering,57,30.0,53927.4,4.17,2019-08-13
E001770,Tara,Engineering,45,0.0,54453.9,7.52,2019-08-13
E001771,Rohan,Engineering,55,7.0,74549.85,5.13,2019-08-14
E001772,Isha,Operations,55,16.0,97650.47,1.16,2019-08-14
E001773,Isha,Finance,38,0.0,58398.5,1.02,2019-08-14
E001774,Tara,Engineering,21,27.0,46358.74,8.67,2019-08-15
E001775,Tara,Operations,33,27.0,53435.68,6.69,2019-08-15
E001776,Nisha,Engineering,51,26.0,83462.98,8.94,2019-08-15
E001777,Rohan,Sales,47,33.0,32355.81,2.95,2019-08-16
E001778,Diya,Engineering,32,7.0,73738.6,8.08,2019-08-16
E001779,Rohan,Marketing,43,6.0,54753.6,9.67,2019-08-16
E001780,Aditya,Operations,27,1.0,112531.49,9.58,2019-08-17
E001781,Kabir,Marketing,29,34.0,36778.32,3.55,2019-08-17
E001782,Diya,Marketing,22,33.0,45552.81,9.34,2019-08-17
E001783,Isha,Engineering,47,7.0,21809.84,7.28,2019-08-18
E001784,Kabir,Sales,26,12.0,92298.97,6.07,2019-08-18
E001785,Isha,Finance,32,11.0,46856.83,1.2,2019-08-18
E001786,Diya,Sales,42,9.0,122090.23,9.05,2019-08-19
E001787,Aarav,Sales,60,9.0,77343.41,2.18,2019-08-19
E001788,Tara,HR,40,11.0,24795.32,1.09,2019-08-19
E001789,Tara,Marketing,49,31.0,59752.07,6.55,2019-08-20
E001790,Nisha,Finance,60,13.0,60048.46,1.93,2019-08-20
E001791,Rohan,Engineering,36,17.0,28675.52,6.69,2019-08-20
E001792,Diya,Marketing,33,14.0,100142.39,9.2,2019-08-21
E001793,Diya,Engineering,53,12.0,58675.24,6.1,2019-08-21
E001794,Aarav,Engineering,38,25.0,104266.49,1.74,2019-08-21
E001795,Diya,Finance,47,0.0,21761.33,9.92,2019-08-22
E001796,Diya,Operations,40,16.0,77432.53,3.25,2019-08-22
E001797,Nisha,Marketing,36,9.0,83290.17,8.5,2019-08-22
E001798,Kabir,Operations,35,30.0,44311.02,4.91,2019-08-23
E001799,,Sales,50,5.0,77417.67,4.7,2019-08-23
E001800,Aarav,Finance,51,5.0,76796.68,9.55,2019-08-23
E001801,Isha,Engineering,53,27.0,48455.02,9.02,2019-08-24
E001802,Tara,Sales,59,16.0,51573.2,9.93,2019-08-24
E001803,Aarav,Finance,59,18.0,53155.5,1.08,2019-08-24
E001804,Diya,HR,55,33.0,71700.3,3.7,2019-08-25
E001805,Nisha,Engineering,40,22.0,59317.29,9.55,2019-08-25
E001806,Isha,Operations,41,12.0,113835.42,4.3,2019-08-25
E001807,Isha,HR,38,14.0,34877.11,2.53,2019-08-26
E001808,Nisha,Finance,39,26.0,47601.89,8.48,2019-08-26
E001809,Tara,Operations,47,33.0,36804.11,4.19,2019-08-26
E001810,Nisha,Finance,44,,67359.56,7.4,2019-08-27
E001811,Aditya,HR,43,14.0,97827.79,1.21,2019-08-27
E001812,Kabir,HR,60,31.0,90179.43,5.52,2019-08-27
E001813,Diya,Marketing,40,33.0,72964.27,9.47,2019-08-28
E001814,Aarav,Sales,33,28.0,62575.16,6.7,2019-08-28
E001815,Isha,Engineering,32,31.0,65132.85,6.2,2019-08-28
E001816,Diya,Marketing,33,18.0,105211.13,6.09,2019-08-29
E001817,Aditya,Sales,37,34.0,92016.85,2.38,2019-08-29
E001818,Tara,Marketing,43,32.0,33238.85,7.82,2019-08-29
E001819,Nisha,Marketing,50,13.0,83119.11,7.36,2019-08-30
E001820,Aarav,Finance,26,7.0,66869.68,9.34,2019-08-30
E001821,Aditya,Operations,48,2.0,28948.37,9.19,2019-08-30
E001822,Isha,Operations,54,13.0,60908.55,1.33,2019-08-31
,Diya,Marketing,34,21.0,94795.82,7.06,2019-08-31
E001824,Isha,Operations,33,20.0,76691.15,7.84,2019-08-31
E001825,Isha,Engineering,25,13.0,39068.71,7.37,2019-09-01
E001826,Tara,Engineering,21,34.0,93095.75,6.19,2019-09-01
E001827,Diya,Marketing,21,14.0,74804.84,1.61,2019-09-01
E001828,Aditya,Sales,24,24.0,84848.64,3.01,2019-09-02
,Aarav,Engineering,51,23.0,32051.65,7.36,2019-09-02
E001830,Nisha,Operations,46,6.0,41754.34,1.74,2019-09-02
E001831,Nisha,Marketing,36,9.0,83750.17,1.79,2019-09-03
E001832,Isha,Finance,58,21.0,69849.23,5.17,2019-09-03
E001833,Aarav,Engineering,31,8.0,87134.86,7.99,2019-09-03
E001834,Nisha,Marketing,22,1.0,72721.05,7.4,2019-09-04
E001835,Aarav,Engineering,58,29.0,87685.17,6.79,2019-09-04
E001836,Diya,Marketing,28,2.0,7235.17,1.73,2019-09-04
E001837,Nisha,Finance,56,9.0,52623.75,3.64,2019-09-05
E001838,,Operations,48,27.0,67076.09,6.08,2019-09-05
E001839,Isha,Sales,61,4.0,99551.31,8.24,2019-09-05
E001840,,HR,44,13.0,59806.28,7.9,2019-09-06
E001841,Isha,Sales,35,12.0,74035.88,6.29,2019-09-06
E001842,Rohan,Finance,35,,90358.43,1.06,2019-09-06
E001843,Diya,Finance,39,28.0,41488.35,8.44,2019-09-07
E001844,Kabir,Engineering,47,24.0,60378.45,1.79,2019-09-07
E001845,Kabir,Engineering,38,6.0,54595.22,6.73,2019-09-07
E001846,Rohan,Sales,27,8.0,57999.55,4.4,2019-09-08
E001847,Rohan,Operations,29,7.0,41350.26,9.05,2019-09-08
E001848,Diya,HR,58,20.0,45418.74,3.71,2019-09-08
E001849,Isha,Finance,29,9.0,101281.83,8.45,2019-09-09
E001850,Isha,Engineering,50,13.0,54417.35,6.47,2019-09-09
E001851,Aarav,Finance,51,21.0,26019.21,9.73,2019-09-09
E001852,Tara,Sales,24,21.0,66928.16,3.11,2019-09-10
E001853,Tara,Sales,51,11.0,55367.42,9.11,2019-09-10
E001854,Aarav,Sales,28,2.0,81190.58,4.13,2019-09-10
E001855,Aarav,Sales,34,14.0,102659.46,8.37,2019-09-11
E001856,Kabir,Finance,54,8.0,94778.2,7.52,2019-09-11
E001857,Diya,Marketing,24,4.0,90007.75,7.68,2019-09-11
E001858,Rohan,HR,30,,59175.57,4.56,2019-09-12
E001859,Aditya,HR,55,13.0,117324.45,5.47,2019-09-12
E001860,Isha,Marketing,24,15.0,71484.51,1.32,2019-09-12
E001861,Nisha,Sales,36,6.0,67563.82,3.56,2019-09-13
E001862,Kabir,Marketing,27,18.0,72216.85,1.17,2019-09-13
E001863,Rohan,HR,28,31.0,76767.85,5.5,2019-09-13
E001864,Isha,Finance,31,2.0,66947.24,5.41,2019-09-14
E001865,Isha,Finance,36,16.0,66605.42,2.37,2019-09-14
E001866,Diya,Sales,56,21.0,60545.27,4.82,2019-09-14
E001867,Aditya,Sales,49,22.0,38023.87,7.06,2019-09-15
E001868,Rohan,Operations,52,27.0,42621.41,5.61,
E001869,Isha,Engineering,54,33.0,65034.49,1.44,2019-09-15
E001870,Kabir,Finance,55,18.0,100457.42,8.48,2019-09-16
E001871,Isha,Finance,61,12.0,41038.66,-2.0,2019-09-16
E001872,Nisha,Finance,55,11.0,121245.42,1.23,2019-09-16
E001873,Tara,Marketing,42,19.0,45364.23,6.56,2019-09-17
E001874,Diya,Marketing,30,8.0,98878.95,5.08,2019-09-17
E001875,Kabir,Operations,44,2.0,80437.76,6.23,2019-09-17
E001876,Kabir,Sales,36,5.0,50112.61,3.67,2019-09-18
E001877,Isha,Marketing,21,1.0,46141.45,9.33,2019-09-18
E001878,Tara,HR,43,20.0,81605.72,3.91,2019-09-18
E001879,Isha,Sales,43,20.0,80320.45,2.07,2019-09-19
E001880,,Sales,53,7.0,112804.75,7.99,2019-09-19
E001881,Diya,HR,48,,104560.38,7.13,2019-09-19
E001882,Rohan,Engineering,25,32.0,86545.45,8.65,2019-09-20
E001883,Kabir,Sales,24,20.0,78683.39,6.91,
E001884,Diya,Sales,57,21.0,71003.64,9.78,2019-09-20
E001885,Diya,Marketing,59,9.0,33338.48,4.61,2019-09-21
E001886,Aditya,Engineering,50,17.0,30893.79,9.33,2019-09-21
E001887,Kabir,HR,58,24.0,80869.37,8.02,2019-09-21
E001888,Tara,Marketing,46,25.0,104630.3,9.56,2019-09-22
E001889,Diya,HR,49,28.0,72478.76,1.69,2019-09-22
E001890,Tara,Engineering,28,3.0,20937.53,8.0,2019-09-22
E001891,Aditya,Operations,56,11.0,113431.61,2.22,
E001892,Isha,Operations,48,32.0,86172.42,7.7,2019-09-23
E001893,Aditya,Finance,27,24.0,61871.59,9.52,2019-09-23
E001894,Nisha,Sales,26,20.0,110514.92,7.55,2019-09-24
E001895,Tara,HR,37,24.0,32513.74,6.18,2019-09-24
E001896,Rohan,Finance,21,16.0,54027.17,4.01,2019-09-24
E001897,Aarav,Marketing,29,16.0,48600.04,2.18,2019-09-25
E001898,Kabir,Engineering,28,20.0,54618.91,8.87,2019-09-25
E001899,Aditya,HR,22,17.0,79378.26,3.21,2019-09-25
E001900,Nisha,Marketing,23,4.0,67509.59,2.48,2019-09-26
E001901,Aditya,Marketing,39,10.0,59480.18,1.29,2019-09-26
E001902,Nisha,HR,46,28.0,103244.82,8.99,2019-09-26
E001903,Nisha,Marketing,46,32.0,15041.97,2.21,2019-09-27
E001904,Tara,Sales,53,30.0,118990.9,8.77,2019-09-27
E001905,Aditya,HR,44,23.0,72595.73,1.14,2019-09-27
E001906,Aditya,HR,58,7.0,7556.49,4.22,2019-09-28
E001907,Aarav,Marketing,32,21.0,83653.01,1.55,2019-09-28
E001908,Aarav,Sales,41,2.0,67321.47,7.32,2019-09-28
E001909,Aditya,Engineering,23,18.0,43555.19,5.08,2019-09-29
E001910,Isha,Marketing,40,0.0,54336.07,5.46,
E001911,Nisha,Engineering,53,20.0,68656.54,1.51,2019-09-29
E001912,Nisha,Sales,26,,70100.65,2.03,2019-09-30
E001913,Nisha,Sales,53,0.0,76198.91,3.75,2019-09-30
E001914,Tara,Operations,47,4.0,42356.84,1.19,2019-09-30
E001915,Aarav,HR,36,2.0,57896.77,3.69,2019-10-01
E001916,Diya,Engineering,40,22.0,83788.59,8.03,2019-10-01
E001917,Tara,Operations,58,16.0,78715.9,7.84,2019-10-01
E001918,Aarav,Sales,30,28.0,85978.79,6.4,2019-10-02
E001919,Rohan,Finance,50,3.0,70722.24,8.85,2019-10-02
E001920,Isha,Operations,22,4.0,70511.45,5.06,2019-10-02
E001921,Diya,Sales,49,8.0,104209.26,6.5,2019-10-03
E001922,Nisha,Sales,59,19.0,64351.14,3.41,2019-10-03
E001923,Isha,Marketing,32,27.0,111347.87,6.71,2019-10-03
E001924,Nisha,Sales,51,0.0,42029.27,4.74,2019-10-04
E001925,Aditya,Sales,35,18.0,43440.84,4.97,2019-10-04
E001926,Diya,HR,57,26.0,113567.27,3.36,2019-10-04
E001927,Rohan,Engineering,61,23.0,50316.43,6.84,2019-10-05
E001928,Isha,Operations,41,2.0,51215.8,1.19,2019-10-05
E001929,Tara,Marketing,21,24.0,42840.18,8.44,2019-10-05
E001930,Nisha,Finance,61,17.0,91645.41,2.2,2019-10-06
E001931,Isha,Operations,58,34.0,90136.11,2.14,2019-10-06
E001932,Kabir,Operations,55,27.0,81902.71,8.74,2019-10-06
E001933,Aarav,Engineering,58,8.0,64587.55,7.65,2019-10-07
E001934,Aditya,Engineering,22,32.0,39122.33,6.4,2019-10-07
E001935,Diya,Operations,48,23.0,33709.94,1.59,2019-10-07
E001936,Aarav,Sales,56,4.0,56915.56,1.9,2019-10-08
E001937,Nisha,Marketing,55,4.0,73581.73,1.79,2019-10-08
E001938,Tara,Finance,52,16.0,68211.41,2.97,2019-10-08
E001939,Aditya,Operations,59,34.0,88629.95,3.08,2019-10-09
E001940,Kabir,Operations,36,15.0,65549.36,3.89,2019-10-09
E001941,Kabir,HR,58,31.0,98889.21,7.49,2019-10-09
E001942,Aarav,Finance,59,10.0,32693.19,2.21,2019-10-10
E001943,Kabir,Marketing,21,5.0,63632.46,6.79,2019-10-10
E001944,Nisha,HR,52,5.0,54489.44,8.88,2019-10-10
E001945,Isha,Sales,38,13.0,68827.42,1.16,2019-10-11
E001946,Aarav,Engineering,42,15.0,104251.51,8.01,2019-10-11
E001947,Tara,Sales,39,23.0,37213.99,9.81,2019-10-11
E001948,Diya,Finance,56,30.0,82082.82,2.04,2019-10-12
E001949,Aditya,Operations,21,12.0,113217.28,7.76,2019-10-12
E001950,Nisha,Sales,51,8.0,77895.23,3.79,2019-10-12
E001951,Kabir,Marketing,57,23.0,102213.19,4.75,2019-10-13
E001952,Rohan,Sales,34,1.0,44358.82,4.7,2019-10-13
E001953,Rohan,Operations,31,3.0,90145.63,5.25,2019-10-13
E001954,Aditya,Engineering,35,3.0,14352.27,4.99,2019-10-14
E001955,Tara,Finance,44,30.0,81784.54,1.2,2019-10-14
E001956,Tara,Engineering,25,26.0,43033.83,1.98,2019-10-14
E001957,Nisha,Finance,60,6.0,43404.12,8.43,2019-10-15
E001958,Nisha,Operations,49,-1.0,15784.24,7.66,2019-10-15
E001959,Aditya,Marketing,24,8.0,76130.68,2.59,2019-10-15
E001960,,Operations,59,15.0,54499.81,3.86,2019-10-16
E001961,,Sales,47,13.0,96885.62,3.62,2019-10-16
E001962,Aarav,Sales,32,15.0,88725.02,9.29,2019-10-16
E001963,Isha,Eng,54,18.0,82384.58,2.29,2019-10-17
E001964,Isha,HR,27,4.0,94548.67,1.63,2019-10-17
E001965,Kabir,HR,43,10.0,73202.53,5.13,2019-10-17
E001966,Isha,Sales,49,22.0,117254.56,7.2,2019-10-18
E001967,Nisha,Operations,30,31.0,73483.74,5.57,2019-10-18
E001968,Rohan,Engineering,48,19.0,82195.72,3.44,2019-10-18
E001969,Nisha,Marketing,25,7.0,91210.17,1.44,2019-10-19
E001970,Rohan,Finance,38,8.0,36712.26,7.66,2019-10-19
E001971,,Engineering,41,10.0,79777.07,6.65,2019-10-19
E001972,Rohan,Marketing,32,34.0,54864.45,3.02,2019-10-20
E001973,Isha,Operations,33,3.0,67705.2,5.2,2019-10-20
E001974,Kabir,Marketing,27,17.0,57115.38,1.1,2019-10-20
E001975,Isha,Operations,50,24.0,74477.5,8.77,2019-10-21
E001976,Isha,HR,58,15.0,52409.61,9.15,2019-10-21
E001977,Kabir,Finance,58,15.0,43294.48,3.56,2019-10-21
E001978,Aditya,HR,31,29.0,44459.06,2.72,2019-10-22
E001979,Diya,Marketing,27,20.0,81456.44,8.64,2019-10-22
E001980,Isha,HR,40,16.0,102439.2,1.4,2019-10-22
E001981,Aarav,Sales,39,,83340.2,6.99,2019-10-23
E001982,Diya,HR,45,14.0,94109.16,6.48,2019-10-23
E001983,Tara,Operations,46,13.0,89639.32,6.83,2019-10-23
E001984,Aditya,Sales,37,0.0,60647.8,9.66,2019-10-24
E001985,Aditya,Engineering,24,23.0,77510.21,9.15,2019-10-24
E001986,Aarav,Sales,21,12.0,71240.2,8.69,2019-10-24
E001987,Isha,Operations,23,3.0,81244.77,8.16,2019-10-25
E001988,Isha,HR,39,,47960.97,4.82,2019-10-25
E001989,Nisha,Sales,32,16.0,105226.66,7.3,2019-10-25
E001990,Rohan,HR,31,18.0,87634.99,9.7,2019-10-26
E001991,Aarav,Engineering,57,2.0,37228.54,8.44,2019-10-26
E001992,Nisha,Operations,44,24.0,57128.51,2.57,2019-10-26
E001993,Rohan,Finance,57,15.0,100031.49,6.07,2019-10-27
E001994,Kabir,Operations,43,21.0,70982.16,1.62,2019-10-27
E001995,Tara,Sales,52,21.0,119902.68,7.4,2019-10-27
E001996,Rohan,Finance,26,30.0,41409.46,6.65,2019-10-28
E001997,Tara,HR,58,26.0,69032.08,1.34,2019-10-28
E001998,Aditya,Finance,22,31.0,116438.31,6.45,
E001999,Aarav,Finance,27,24.0,80153.99,5.63,2019-10-29
E002000,Rohan,Marketing,23,22.0,80038.11,4.56,2019-10-29
E002001,Tara,Engineering,43,20.0,91350.66,6.3,2019-10-29
E002002,Nisha,Engineering,27,1.0,133477.79,5.75,2019-10-30
E002003,Kabir,Marketing,28,5.0,79677.4,2.71,2019-10-30
E002004,Aarav,Sales,21,30.0,44485.64,6.18,2019-10-30
E002005,,Sales,44,2.0,57164.69,4.91,2019-10-31
E002006,Aditya,Sales,24,34.0,86455.59,9.15,2019-10-31
E002007,Nisha,Sales,58,,69161.67,4.38,2019-10-31
E002008,Tara,HR,30,16.0,81661.83,5.52,2019-11-01
E002009,Aarav,Marketing,33,26.0,73033.9,9.1,2019-11-01
E002010,Aarav,HR,28,4.0,42130.99,6.69,2019-11-01
E002011,Tara,Sales,53,5.0,62395.58,2.42,2019-11-02
E002012,Tara,HR,58,16.0,93661.18,6.52,2019-11-02
E002013,Isha,Marketing,33,34.0,29751.1,2.6,2019-11-02
E002014,Rohan,Marketing,54,20.0,103855.21,2.17,2019-11-03
E002015,Kabir,Marketing,50,30.0,61052.92,6.37,2019-11-03
E002016,Isha,Engineering,26,9.0,76324.65,7.76,2019-11-03
E002017,Diya,Finance,38,18.0,74016.04,9.21,2019-11-04
E002018,Kabir,Operations,59,27.0,45188.49,3.62,2019-11-04
E002019,Tara,Engineering,26,11.0,82272.18,4.82,2019-11-04
E002020,,Engineering,52,6.0,51520.62,2.02,2019-11-05
E002021,Diya,Operations,38,3.0,102597.21,5.2,2019-11-05
E002022,Rohan,Operations,51,31.0,85652.6,7.16,2019-11-05
E002023,Kabir,Engineering,57,17.0,73949.72,9.12,2019-11-06
E002024,Kabir,Operations,57,21.0,120891.55,9.8,2019-11-06
E002025,Tara,HR,28,28.0,40430.44,5.68,2019-11-06
E002026,,Finance,52,16.0,76648.94,5.17,2019-11-07
E002027,Aarav,Sales,22,31.0,95992.6,9.25,2019-11-07
E002028,,Sales,38,1.0,79436.1,3.9,2019-11-07
E002029,Aditya,Finance,36,17.0,103172.18,3.04,2019-11-08
E002030,Nisha,Finance,48,29.0,72187.15,2.2,2019-11-08
E002031,Kabir,HR,57,6.0,69159.57,3.88,2019-11-08
E002032,Isha,HR,22,22.0,98590.95,4.0,2019-11-09
E002033,Kabir,Marketing,31,21.0,42626.19,3.33,2019-11-09
E002034,Tara,HR,28,10.0,147040.39,9.19,2019-11-09
E002035,Aarav,Marketing,25,25.0,72276.28,9.0,2019-11-10
E002036,Rohan,Operations,43,19.0,85318.96,7.15,2019-11-10
E002037,Kabir,Finance,50,14.0,70186.39,8.11,2019-11-10
E002038,Aarav,HR,30,25.0,32067.96,4.19,2019-11-11
E002039,Nisha,Engineering,59,11.0,60470.36,5.22,2019-11-11
E002040,Tara,Engineering,57,12.0,35652.69,5.5,2019-11-11
E002041,Nisha,Sales,37,22.0,61232.73,2.72,2019-11-12
E002042,Kabir,Engineering,35,16.0,112945.5,6.35,2019-11-12
E002043,Aditya,Operations,28,26.0,76766.39,8.09,2019-11-12
E002044,Tara,HR,33,26.0,63994.93,6.86,2019-11-13
E002045,Rohan,HR,32,6.0,110789.86,6.25,2019-11-13
E002046,Tara,Operations,49,4.0,95583.55,7.58,2019-11-13
E002047,Rohan,Marketing,37,0.0,100018.57,8.09,2019-11-14
E002048,,Operations,37,30.0,120537.17,6.76,2019-11-14
E002049,Aarav,HR,60,21.0,57905.9,9.25,2019-11-14
E002050,Aarav,Marketing,53,8.0,81681.57,2.89,2019-11-15
E002051,Rohan,Sales,55,3.0,44465.11,1.01,2019-11-15
E002052,Aditya,Operations,49,13.0,35548.05,7.6,2019-11-15
E002053,Isha,Engineering,27,2.0,101495.45,7.61,
E002054,Tara,Finance,47,26.0,91744.26,5.44,2019-11-16
E002055,Isha,Engineering,40,2.0,46452.15,3.86,2019-11-16
E002056,Nisha,Engineering,46,6.0,59962.95,6.58,2019-11-17
E002057,Rohan,Marketing,30,4.0,59970.28,6.32,2019-11-17
E002058,Tara,Operations,58,10.0,63416.41,7.77,2019-11-17
E002059,Aarav,Operations,27,34.0,16277.42,7.49,2019-11-18
E002060,Kabir,Marketing,57,19.0,53246.4,5.13,2019-11-18
E002061,Nisha,Engineering,25,31.0,83715.41,3.53,2019-11-18
E002062,Aarav,HR,35,27.0,89947.99,6.38,2019-11-19
E002063,Rohan,Operations,22,14.0,42788.14,5.31,2019-11-19
E002064,Isha,Engineering,61,14.0,59458.34,6.2,2019-11-19
E002065,Aarav,HR,37,30.0,43922.31,3.0,2019-11-20
E002066,Rohan,Sales,58,30.0,76116.13,7.29,2019-11-20
E002067,Isha,HR,35,32.0,75378.33,5.01,2019-11-20
E002068,Aarav,Operations,47,8.0,53633.05,5.06,2019-11-21
E002069,Tara,HR,41,26.0,81598.73,8.75,2019-11-21
E002070,Rohan,Operations,60,30.0,67319.94,5.2,2019-11-21
E002071,Aditya,Marketing,47,26.0,146505.03,1.53,2019-11-22
E002072,Aarav,Engineering,22,26.0,61661.53,6.99,2019-11-22
E002073,Nisha,Marketing,30,3.0,90525.02,8.14,
E002074,Kabir,Sales,32,7.0,107393.22,7.26,2019-11-23
E002075,Aarav,Finance,28,32.0,84176.13,3.3,2019-11-23
E002076,Nisha,Sales,28,29.0,82246.92,6.34,2019-11-23
E002077,Aarav,Engineering,22,6.0,75831.36,8.23,2019-11-24
E002078,Aarav,Marketing,51,1.0,59597.79,3.82,2019-11-24
E002079,Diya,Engineering,54,15.0,1518.88,4.07,2019-11-24
E002080,Kabir,Engineering,42,14.0,78518.45,9.4,2019-11-25
E002081,Aarav,HR,50,22.0,68061.66,5.39,2019-11-25
E002082,Nisha,Sales,32,18.0,84001.39,6.97,2019-11-25
E002083,Isha,Marketing,51,20.0,61235.48,2.57,2019-11-26
E002084,Diya,Sales,52,25.0,62357.3,9.5,2019-11-26
E002085,Diya,Marketing,26,14.0,23237.45,1.96,2019-11-26
E002086,Tara,Operations,22,21.0,70584.31,2.23,2019-11-27
E002087,Tara,Marketing,29,30.0,75831.03,5.15,2019-11-27
E002088,Tara,HR,52,28.0,27472.68,6.25,2019-11-27
E002089,Tara,Operations,46,22.0,65556.59,2.3,2019-11-28
E002090,Aditya,Engineering,51,7.0,77842.39,5.27,2019-11-28
E002091,Rohan,Operations,28,20.0,12865.18,7.2,2019-11-28
E002092,Nisha,Finance,46,14.0,122487.84,5.23,2019-11-29
E002093,Isha,Operations,47,32.0,79337.79,3.93,2019-11-29
E002094,Rohan,Sales,39,13.0,61474.02,1.2,2019-11-29
E002095,Aarav,Engineering,51,15.0,58324.32,3.67,2019-11-30
E002096,Isha,Operations,42,30.0,36089.11,2.35,2019-11-30
E002097,Nisha,Finance,56,10.0,81089.61,8.72,2019-11-30
E002098,Tara,Marketing,58,10.0,95639.67,2.27,2019-12-01
E002099,Diya,HR,44,30.0,36159.18,9.53,2019-12-01
E002100,,Marketing,37,8.0,97473.45,1.11,2019-12-01
E002101,Isha,Marketing,41,27.0,64438.3,8.1,2019-12-02
E002102,Rohan,HR,29,15.0,63597.16,1.64,2019-12-02
E002103,Isha,Sales,60,14.0,123511.13,8.39,2019-12-02
E002104,Kabir,Operations,29,1.0,66275.59,4.8,2019-12-03
E002105,Aditya,Engineering,49,29.0,88384.09,3.12,2019-12-03
E002106,Kabir,Sales,28,7.0,75478.27,1.96,2019-12-03
E002107,Isha,Finance,54,26.0,27563.29,2.02,2019-12-04
E002108,Aditya,Finance,52,8.0,42955.53,8.17,2019-12-04
E002109,Kabir,Operations,30,29.0,78858.48,6.08,2019-12-04
E002110,Isha,Operations,21,15.0,61484.2,7.86,2019-12-05
E002111,Aditya,Finance,44,17.0,65945.67,4.21,2019-12-05
E002112,Rohan,HR,56,22.0,78538.21,4.68,2019-12-05
E002113,Kabir,Engineering,34,12.0,20079.45,5.38,2019-12-06
E002114,Isha,Sales,59,25.0,42959.79,8.79,2019-12-06
E002115,Aarav,HR,42,21.0,66241.78,4.89,2019-12-06
E002116,Aditya,HR,53,33.0,54624.18,5.69,2019-12-07
E002117,Isha,Engineering,37,21.0,52939.11,2.97,2019-12-07
E002118,Tara,Operations,34,14.0,91902.64,5.79,2019-12-07
,Rohan,Sales,33,18.0,62044.36,4.44,2019-12-08
E002120,Isha,Sales,34,31.0,35996.88,5.17,2019-12-08
E002121,Rohan,Operations,32,16.0,113954.87,3.31,2019-12-08
E002122,Kabir,Marketing,28,28.0,88223.85,7.41,2019-12-09
E002123,Aarav,Operations,42,6.0,99815.49,1.01,2019-12-09
E002124,Aditya,Marketing,52,15.0,47452.22,5.42,2019-12-09
E002125,Tara,Engineering,43,19.0,64734.02,9.27,2019-12-10
E002126,Rohan,Engineering,36,24.0,16698.7,9.58,2019-12-10
E002127,Nisha,Sales,26,27.0,83941.59,5.37,2019-12-10
E002128,Diya,Marketing,59,3.0,102067.2,6.36,2019-12-11
E002129,Diya,Engineering,21,27.0,48990.15,7.8,2019-12-11
E002130,Nisha,Finance,40,32.0,34267.94,5.58,2019-12-11
E002131,Aarav,HR,27,3.0,39000.52,2.63,2019-12-12
E002132,Isha,Engineering,29,24.0,85105.98,3.42,2019-12-12
E002133,Tara,Operations,27,15.0,105007.15,6.53,2019-12-12
E002134,Rohan,Sales,31,33.0,101556.16,3.71,2019-12-13
E002135,Kabir,Engineering,46,27.0,68146.98,8.96,2019-12-13
E002136,Diya,Sales,41,1.0,19498.21,2.46,2019-12-13
E002137,Tara,Marketing,42,12.0,111696.38,2.99,2019-12-14
E002138,Kabir,HR,52,12.0,35057.48,8.6,2019-12-14
E002139,Nisha,Sales,23,5.0,66682.67,5.07,2019-12-14
E002140,Isha,Engineering,29,21.0,83003.49,4.91,2019-12-15
E002141,Nisha,Operations,30,15.0,24368.32,4.54,2019-12-15
E002142,Tara,Operations,31,8.0,98149.23,6.34,2019-12-15
E002143,Aarav,Operations,37,8.0,105171.91,2.81,2019-12-16
E002144,Aditya,Engineering,45,29.0,61480.28,2.18,2019-12-16
E002145,Isha,Operations,28,16.0,52730.04,7.74,2019-12-16
E002146,Tara,Engineering,58,8.0,89147.74,4.07,2019-12-17
E002147,Aarav,Sales,39,32.0,75801.33,7.79,2019-12-17
E002148,Tara,Marketing,56,5.0,101024.74,5.73,2019-12-17
E002149,Aarav,Marketing,49,23.0,85708.8,9.56,2019-12-18
E002150,Aarav,Operations,37,6.0,114085.96,8.76,2019-12-18
E002151,Kabir,Finance,24,20.0,66837.96,1.95,2019-12-18
E002152,Isha,Sales,58,24.0,58998.47,3.88,2019-12-19
E002153,Nisha,Operations,35,16.0,80538.84,4.66,2019-12-19
E002154,Diya,Sales,60,10.0,66745.29,6.39,2019-12-19
E002155,Aditya,Sales,53,15.0,71364.93,3.46,2019-12-20
E002156,Nisha,Operations,36,30.0,79305.71,4.72,2019-12-20
E002157,Diya,Finance,47,24.0,83467.17,1.86,2019-12-20
E002158,Aditya,Finance,24,19.0,51578.09,6.29,2019-12-21
E002159,Diya,Engineering,40,28.0,42251.46,1.73,2019-12-21
E002160,Aarav,HR,38,5.0,32980.29,2.79,2019-12-21
E002161,Rohan,Engineering,46,26.0,82057.29,8.67,2019-12-22
E002162,Kabir,Finance,40,10.0,82762.71,3.59,2019-12-22
E002163,Isha,Engineering,50,,80656.72,3.15,2019-12-22
E002164,Nisha,Marketing,25,33.0,70850.14,5.4,2019-12-23
E002165,Aditya,Finance,55,10.0,78767.93,7.66,2019-12-23
E002166,Kabir,Sales,54,7.0,43962.24,2.53,
E002167,Rohan,Engineering,50,23.0,120183.32,8.22,2019-12-24
E002168,Aarav,Finance,33,3.0,68894.4,6.77,2019-12-24
E002169,Rohan,Engineering,47,3.0,83188.36,4.62,2019-12-24
E002170,Rohan,Finance,44,0.0,79698.38,4.57,2019-12-25
E002171,Aditya,Finance,33,29.0,46161.91,1.66,2019-12-25
E002172,Aditya,Finance,24,3.0,91397.4,3.89,2019-12-25
E002173,Isha,Marketing,23,12.0,41555.69,6.29,2019-12-26
E002174,Diya,Marketing,54,10.0,86914.88,4.04,2019-12-26
E002175,Aditya,Sales,48,18.0,76784.68,1.48,2019-12-26
E002176,Diya,Engineering,40,11.0,76141.6,3.77,2019-12-27
E002177,Rohan,Marketing,25,19.0,47111.59,6.97,2019-12-27
E002178,Kabir,Sales,60,1.0,77588.85,4.96,2019-12-27
E002179,Aditya,Operations,52,34.0,60767.89,9.55,2019-12-28
E002180,Aditya,HR,59,15.0,56046.05,1.61,2019-12-28
E002181,Nisha,Marketing,57,25.0,66252.86,1.24,2019-12-28
E002182,Nisha,Operations,44,28.0,80951.73,2.57,2019-12-29
E002183,Kabir,Sales,49,32.0,90283.7,7.64,2019-12-29
E002184,Nisha,Marketing,57,4.0,27311.51,5.92,2019-12-29
E002185,Aditya,HR,35,1.0,31810.64,4.61,2019-12-30
E002186,Aditya,Finance,60,17.0,118116.09,8.78,2019-12-30
E002187,Nisha,Marketing,29,8.0,39162.98,2.23,2019-12-30
E002188,Kabir,Engineering,29,34.0,88781.07,8.0,2019-12-31
E002189,Kabir,Engineering,38,31.0,81223.73,8.14,2019-12-31
E002190,Isha,HR,39,4.0,70251.18,6.89,2019-12-31
E002191,Kabir,Sales,50,12.0,68029.33,7.24,2020-01-01
E002192,Kabir,Engineering,26,18.0,69386.19,4.19,2020-01-01
E002193,Aditya,Finance,53,14.0,36347.92,6.61,2020-01-01
E002194,Nisha,Finance,22,22.0,92779.95,7.12,2020-01-02
E002195,Aarav,Engineering,59,10.0,85268.35,8.42,2020-01-02
E002196,Nisha,HR,57,13.0,71580.29,2.08,2020-01-02
E002197,Rohan,Finance,32,29.0,88807.24,9.86,
E002198,Tara,Sales,30,9.0,64417.73,6.36,2020-01-03
E002199,Nisha,Engineering,38,23.0,79280.28,9.31,2020-01-03
E002200,,Engineering,23,26.0,46750.73,9.42,2020-01-04
E002201,Isha,Operations,61,3.0,70930.54,6.69,2020-01-04
E002202,Kabir,Finance,52,20.0,89409.3,7.33,2020-01-04
E002203,Aditya,Marketing,33,19.0,73205.1,1.84,2020-01-05
,Nisha,HR,29,20.0,83272.81,8.47,2020-01-05
E002205,Rohan,Finance,30,28.0,73000.22,1.79,
E002206,Diya,Finance,42,21.0,81583.83,9.64,2020-01-06
E002207,Nisha,Operations,23,2.0,43818.32,1.83,2020-01-06
E002208,Aditya,Sales,57,24.0,75764.5,7.68,2020-01-06
E002209,Rohan,Finance,60,6.0,58818.54,1.06,2020-01-07
E002210,Diya,Marketing,33,20.0,69302.14,2.07,2020-01-07
E002211,,Sales,43,0.0,64496.37,8.05,2020-01-07
E002212,Isha,Operations,61,6.0,48242.63,4.27,2020-01-08
E002213,Tara,Sales,32,25.0,88468.35,9.0,2020-01-08
E002214,Diya,Sales,38,25.0,69694.87,6.97,2020-01-08
E002215,Isha,Operations,45,24.0,48607.76,8.56,2020-01-09
E002216,Kabir,Sales,35,32.0,52308.25,3.94,2020-01-09
E002217,Kabir,Marketing,52,32.0,110473.92,6.78,2020-01-09
E002218,Kabir,Sales,55,4.0,48380.93,3.64,2020-01-10
E002219,Aditya,Finance,52,0.0,78628.74,3.6,2020-01-10
E002220,Kabir,Marketing,36,18.0,95399.23,7.07,2020-01-10
E002221,Kabir,Engineering,25,27.0,71569.61,6.96,2020-01-11
E002222,Diya,Finance,22,22.0,15530.3,1.39,2020-01-11
E002223,,Finance,29,24.0,65136.07,5.76,2020-01-11
E002224,Kabir,Operations,55,31.0,72567.23,8.28,2020-01-12
E002225,Tara,HR,22,9.0,89706.92,8.52,2020-01-12
E002226,Aditya,Engineering,25,20.0,109348.17,6.59,2020-01-12
E002227,Diya,HR,26,2.0,22269.51,7.85,2020-01-13
E002228,Rohan,HR,53,10.0,83949.92,4.04,2020-01-13
E002229,Aarav,HR,28,27.0,62504.92,8.65,2020-01-13
E002230,Kabir,Sales,24,17.0,79160.08,5.31,2020-01-14
E002231,Nisha,Marketing,27,6.0,111015.69,1.42,2020-01-14
E002232,Nisha,Engineering,47,25.0,67091.77,2.46,
E002233,Aditya,Sales,53,10.0,55215.51,2.67,2020-01-15
E002234,Aditya,Operations,49,10.0,77736.2,6.91,2020-01-15
E002235,Aditya,Engineering,40,14.0,56493.74,1.36,2020-01-15
E002236,Nisha,Marketing,60,31.0,83694.12,1.6,2020-01-16
E002237,Rohan,Engineering,25,31.0,68502.34,4.52,2020-01-16
E002238,Aditya,HR,51,23.0,69523.14,2.33,2020-01-16
E002239,Diya,Sales,42,32.0,93395.15,4.53,2020-01-17
E002240,Rohan,HR,21,6.0,87042.6,9.97,2020-01-17
E002241,Aditya,HR,40,25.0,104889.24,8.31,2020-01-17
E002242,,Finance,31,30.0,76723.66,5.74,2020-01-18
E002243,Aarav,Engineering,54,30.0,75038.17,4.34,2020-01-18
E002244,Rohan,Sales,33,25.0,-788.21,8.95,2020-01-18
E002245,Aarav,Operations,53,23.0,59668.98,4.28,2020-01-19
E002246,Tara,Finance,34,13.0,95188.42,5.22,2020-01-19
E002247,Tara,Marketing,28,6.0,48766.31,6.63,2020-01-19
E002248,Nisha,Finance,45,15.0,80775.31,4.94,2020-01-20
E002249,Aarav,Operations,24,13.0,63198.24,4.93,2020-01-20
E002250,Tara,Marketing,43,10.0,58126.17,3.54,2020-01-20
E002251,Aarav,Engineering,28,28.0,30783.37,8.88,2020-01-21
E002252,Rohan,HR,39,12.0,30128.25,3.96,2020-01-21
E002253,Aarav,Engineering,23,18.0,38737.86,8.71,2020-01-21
E002254,Isha,Marketing,36,32.0,93540.06,7.0,2020-01-22
E002255,Isha,Sales,36,2.0,104261.84,6.22,2020-01-22
E002256,Nisha,Sales,32,7.0,65451.13,4.96,2020-01-22
E002257,Diya,Operations,35,8.0,98891.24,9.68,2020-01-23
E002258,Tara,Finance,23,11.0,90298.31,5.84,2020-01-23
E002259,Tara,Marketing,41,16.0,91636.74,4.13,2020-01-23
E002260,Diya,Engineering,25,27.0,47928.53,9.1,2020-01-24
E002261,Aarav,HR,21,21.0,66658.01,8.97,2020-01-24
E002262,Rohan,HR,27,28.0,59199.57,7.91,2020-01-24
,Aarav,Finance,44,32.0,88914.4,5.84,2020-01-25
E002264,Rohan,Operations,53,10.0,38146.61,2.18,2020-01-25
E002265,Diya,Operations,29,2.0,66749.0,7.73,2020-01-25
E002266,Rohan,Sales,46,3.0,32240.35,1.81,2020-01-26
E002267,Isha,Sales,33,7.0,81140.97,8.39,2020-01-26
E002268,Nisha,HR,30,34.0,42160.45,3.62,2020-01-26
E002269,Tara,Eng,42,11.0,39528.98,2.58,2020-01-27
E002270,Tara,HR,23,21.0,11816.23,7.98,2020-01-27
E002271,Aditya,Sales,50,29.0,117285.96,8.62,2020-01-27
E002272,Tara,Operations,32,22.0,68658.5,7.66,2020-01-28
E002273,Rohan,Engineering,37,13.0,79300.28,1.28,2020-01-28
E002274,Nisha,Sales,52,16.0,41776.03,7.8,2020-01-28
E002275,Isha,Operations,47,8.0,79750.66,7.65,2020-01-29
E002276,Aditya,Sales,27,22.0,55656.5,8.13,2020-01-29
E002277,Aarav,HR,33,1.0,41774.74,4.81,2020-01-29
E002278,Kabir,Finance,37,26.0,65171.81,8.06,2020-01-30
E002279,Tara,HR,61,27.0,50590.54,3.47,2020-01-30
E002280,Aditya,Sales,31,14.0,67074.39,8.89,2020-01-30
E002281,Isha,Marketing,54,21.0,4054.94,4.1,2020-01-31
E002282,Rohan,Engineering,21,20.0,94518.14,4.33,2020-01-31
E002283,Aditya,HR,43,24.0,80678.87,3.03,2020-01-31
E002284,Rohan,HR,44,,83738.63,1.63,2020-02-01
E002285,Rohan,Finance,30,31.0,73357.41,6.9,2020-02-01
E002286,Rohan,Engineering,57,10.0,67714.93,3.06,2020-02-01
E002287,Aditya,Sales,44,9.0,77822.32,9.47,2020-02-02
E002288,Kabir,Human Resources,35,2.0,53559.99,6.62,2020-02-02
E002289,Kabir,Engineering,56,24.0,53558.07,5.06,2020-02-02
E002290,Diya,Operations,35,3.0,83801.85,8.9,2020-02-03
E002291,Kabir,Marketing,33,16.0,29729.52,3.74,2020-02-03
E002292,Aditya,Finance,46,27.0,61113.52,2.08,2020-02-03
E002293,Aditya,Sales,58,22.0,68769.74,3.77,2020-02-04
E002294,Kabir,Sales,28,28.0,61165.4,8.04,2020-02-04
E002295,Tara,Marketing,49,3.0,65018.07,5.81,2020-02-04
E002296,Aarav,HR,46,33.0,25755.23,5.58,2020-02-05
E002297,Kabir,Sales,29,15.0,143330.76,1.57,2020-02-05
E002298,Aarav,Marketing,57,29.0,44298.36,3.7,2020-02-05
E002299,Aarav,Sales,57,20.0,51626.17,2.63,2020-02-06
E002300,Tara,HR,53,16.0,53408.77,1.18,2020-02-06
E002301,Diya,Finance,30,4.0,102101.6,2.15,2020-02-06
E002302,Aarav,Marketing,26,3.0,91374.28,1.05,2020-02-07
E002303,Aarav,Finance,48,20.0,83272.85,9.53,2020-02-07
E002304,Nisha,Finance,41,30.0,50510.81,5.01,2020-02-07
E002305,Kabir,Sales,53,5.0,85693.76,8.15,2020-02-08
E002306,Kabir,Engineering,33,6.0,79100.29,4.63,2020-02-08
E002307,Rohan,Finance,35,16.0,103241.67,1.24,2020-02-08
E002308,Tara,Engineering,33,20.0,99030.34,3.69,2020-02-09
E002309,Rohan,Marketing,49,1.0,86759.72,9.37,2020-02-09
E002310,Diya,Finance,54,31.0,66979.47,6.72,2020-02-09
E002311,Aarav,Operations,60,11.0,50262.41,9.1,2020-02-10
E002312,Aarav,Finance,51,5.0,46321.62,2.95,2020-02-10
E002313,Rohan,Operations,51,17.0,40662.95,4.92,2020-02-10
E002314,Tara,HR,54,19.0,76030.94,9.03,2020-02-11
E002315,Kabir,Operations,59,,120610.33,3.25,2020-02-11
E002316,Tara,Engineering,61,13.0,126497.55,5.28,2020-02-11
E002317,Aditya,Finance,36,26.0,82591.93,8.33,2020-02-12
E002318,Aditya,Marketing,27,2.0,93977.28,6.96,2020-02-12
,Rohan,Sales,57,24.0,41961.1,6.37,2020-02-12
E002320,Diya,Marketing,38,8.0,53958.66,1.07,2020-02-13
,Kabir,Finance,38,5.0,28304.36,3.44,2020-02-13
E002322,Isha,HR,35,8.0,68712.19,5.85,2020-02-13
E002323,Rohan,Engineering,60,15.0,71306.09,3.48,2020-02-14
E002324,Diya,HR,52,30.0,53607.84,9.56,2020-02-14
E002325,Rohan,Finance,31,7.0,55369.01,1.19,2020-02-14
E002326,Kabir,HR,35,5.0,84744.25,1.8,2020-02-15
E002327,Kabir,Engineering,38,0.0,112533.34,2.36,2020-02-15
E002328,Kabir,Engineering,39,33.0,115249.25,5.44,2020-02-15
E002329,Nisha,HR,50,15.0,89242.92,9.84,2020-02-16
E002330,Aditya,Sales,39,24.0,87503.17,8.32,2020-02-16
E002331,Rohan,Sales,36,,98638.33,7.5,2020-02-16
E002332,Rohan,Engineering,21,20.0,85594.96,4.77,2020-02-17
E002333,,Engineering,48,15.0,59747.77,6.63,2020-02-17
E002334,Diya,Engineering,29,1.0,60897.73,2.47,2020-02-17
E002335,Aarav,Marketing,60,10.0,50455.37,4.91,2020-02-18
E002336,Aditya,Engineering,53,29.0,37038.35,7.94,2020-02-18
E002337,Aditya,Engineering,37,18.0,81579.76,3.58,2020-02-18
E002338,Aarav,Marketing,41,0.0,76125.32,5.91,2020-02-19
E002339,Kabir,Sales,31,20.0,41981.89,6.63,2020-02-19
E002340,Rohan,Finance,35,33.0,95009.57,1.69,2020-02-19
E002341,Tara,Operations,58,12.0,44273.92,4.99,2020-02-20
E002342,Kabir,Operations,49,7.0,33724.68,7.58,2020-02-20
E002343,Rohan,Marketing,31,11.0,35347.27,5.26,2020-02-20
E002344,Kabir,HR,58,4.0,88094.84,7.46,2020-02-21
E002345,Diya,Sales,37,6.0,70370.52,6.35,2020-02-21
E002346,Aditya,Operations,50,19.0,4489.71,6.1,2020-02-21
E002347,Isha,Marketing,25,15.0,59855.41,6.61,2020-02-22
E002348,Kabir,Finance,33,4.0,36429.07,7.34,2020-02-22
E002349,Aditya,Engineering,45,19.0,2112.04,7.26,2020-02-22
E002350,Rohan,Sales,27,1.0,74418.96,7.5,
E002351,Rohan,HR,61,24.0,62106.2,3.29,2020-02-23
E002352,Rohan,Engineering,61,33.0,99054.3,1.02,2020-02-23
E002353,Kabir,Finance,27,16.0,63971.38,4.29,2020-02-24
E002354,Diya,Sales,48,23.0,85567.91,2.57,2020-02-24
E002355,Kabir,Finance,49,13.0,122918.09,6.42,2020-02-24
E002356,Diya,Finance,28,20.0,69301.36,2.05,2020-02-25
E002357,Aditya,Engineering,29,6.0,86651.41,6.68,2020-02-25
E002358,Aditya,Marketing,38,2.0,93031.38,1.83,2020-02-25
E002359,,Finance,57,20.0,67773.67,5.92,
E002360,Kabir,Operations,35,17.0,94687.08,1.96,2020-02-26
E002361,Aarav,HR,33,2.0,112895.31,5.77,2020-02-26
E002362,Tara,Engineering,27,29.0,63906.64,9.59,2020-02-27
E002363,Isha,Finance,28,2.0,48088.27,8.73,2020-02-27
E002364,Rohan,Engineering,49,17.0,82948.5,3.22,2020-02-27
E002365,Aarav,HR,49,21.0,93637.96,6.49,2020-02-28
E002366,Isha,Operations,25,31.0,56154.56,5.08,2020-02-28
E002367,Diya,HR,35,12.0,41154.76,2.56,2020-02-28
E002368,Tara,Finance,54,28.0,55473.62,8.03,2020-02-29
E002369,Aditya,Engineering,59,5.0,82163.65,4.09,2020-02-29
E002370,Kabir,Sales,32,28.0,55831.07,5.98,2020-02-29
E002371,Isha,Sales,47,30.0,38240.52,5.54,2020-03-01
E002372,Isha,Operations,40,17.0,69837.27,8.25,2020-03-01
E002373,Nisha,Marketing,39,9.0,84703.61,4.87,2020-03-01
E002374,Diya,Finance,31,19.0,93644.46,4.76,2020-03-02
E002375,Aarav,Sales,23,3.0,116440.78,9.28,2020-03-02
E002376,,Operations,31,4.0,82168.83,5.47,2020-03-02
E002377,Aarav,HR,28,30.0,102183.72,5.05,2020-03-03
E002378,Kabir,Finance,39,9.0,65103.04,6.77,2020-03-03
E002379,Diya,HR,44,14.0,56055.2,8.3,2020-03-03
E002380,Aditya,Engineering,30,12.0,78994.71,4.84,2020-03-04
E002381,Nisha,Operations,40,28.0,61229.44,7.6,2020-03-04
E002382,Tara,Marketing,25,33.0,114190.6,2.31,2020-03-04
E002383,Isha,Engineering,30,11.0,36868.01,5.56,2020-03-05
E002384,Aarav,HR,24,,122681.64,9.48,2020-03-05
E002385,Aarav,Finance,59,0.0,46206.62,5.52,2020-03-05
,Kabir,Sales,50,28.0,89651.94,6.72,2020-03-06
E002387,Aditya,Marketing,30,15.0,92282.57,2.38,2020-03-06
E002388,Isha,Sales,57,6.0,77517.83,5.95,2020-03-06
E002389,Kabir,HR,25,0.0,93496.29,3.68,2020-03-07
E002390,Isha,HR,33,7.0,73879.5,5.62,2020-03-07
E002391,Kabir,Engineering,45,28.0,51955.52,3.11,2020-03-07
E002392,Diya,Operations,54,11.0,32798.97,9.9,2020-03-08
E002393,Kabir,Marketing,47,11.0,56597.85,8.5,2020-03-08
E002394,Aditya,Engineering,44,18.0,82572.27,3.3,2020-03-08
E002395,Tara,Finance,42,18.0,52596.03,7.42,2020-03-09
E002396,Isha,Engineering,27,1.0,-7387.52,5.4,2020-03-09
E002397,Aarav,Finance,38,16.0,83712.47,2.17,2020-03-09
E002398,Aarav,Operations,56,1.0,84769.23,5.84,2020-03-10
E002399,Nisha,HR,61,7.0,69124.53,8.77,2020-03-10
E002400,Rohan,Sales,21,34.0,32549.04,3.87,2020-03-10
E002401,Tara,Marketing,58,33.0,73913.16,8.78,2020-03-11
E002402,Aditya,HR,51,23.0,42400.83,1.22,2020-03-11
E002403,Rohan,Marketing,60,27.0,48375.02,2.25,2020-03-11
E002404,Nisha,Operations,48,2.0,65363.01,7.77,2020-03-12
E002405,Kabir,Engineering,51,28.0,40456.48,2.93,2020-03-12
E002406,Nisha,Marketing,32,21.0,49033.44,4.59,2020-03-12
E002407,Aarav,Operations,60,3.0,53166.15,1.33,2020-03-13
E002408,Aditya,HR,34,7.0,95111.73,6.92,2020-03-13
E002409,,Engineering,54,4.0,100729.82,2.7,2020-03-13
E002410,Rohan,HR,42,5.0,67673.81,4.96,2020-03-14
E002411,Aarav,Finance,59,5.0,64861.26,2.54,2020-03-14
E002412,Diya,Engineering,42,3.0,72913.85,5.03,2020-03-14
E002413,Rohan,Engineering,41,24.0,86671.31,2.29,2020-03-15
E002414,Rohan,Finance,61,20.0,47892.16,7.52,2020-03-15
E002415,Tara,Sales,42,21.0,43961.0,6.13,2020-03-15
E002416,Aarav,HR,52,24.0,58065.67,9.75,2020-03-16
E002417,Rohan,Marketing,52,16.0,81372.24,2.05,2020-03-16
E002418,Tara,Engineering,34,25.0,73114.96,2.82,2020-03-16
E002419,Aarav,Sales,40,28.0,71143.82,7.32,2020-03-17
E002420,Kabir,Engineering,44,0.0,70509.35,3.23,2020-03-17
E002421,Aarav,Finance,40,24.0,118364.76,8.21,2020-03-17
E002422,Kabir,Engineering,22,30.0,75575.97,6.58,2020-03-18
,Aarav,Sales,22,19.0,65009.87,4.66,2020-03-18
E002424,Tara,Sales,45,19.0,80604.47,5.81,2020-03-18
E002425,Isha,Sales,41,27.0,48208.33,1.97,2020-03-19
E002426,Isha,Marketing,53,15.0,59778.51,6.81,2020-03-19
E002427,Isha,Operations,58,32.0,104129.54,4.82,2020-03-19
E002428,Rohan,Marketing,60,25.0,87762.31,1.46,2020-03-20
E002429,Aditya,Sales,44,8.0,96202.37,6.46,2020-03-20
E002430,Aarav,Operations,32,17.0,62737.1,1.2,2020-03-20
E002431,Rohan,HR,47,23.0,103469.89,4.23,2020-03-21
E002432,Tara,Operations,56,33.0,52777.53,9.41,2020-03-21
E002433,Kabir,Sales,50,17.0,19701.14,1.44,2020-03-21
E002434,Aditya,Finance,34,18.0,53597.95,5.26,2020-03-22
E002435,Rohan,HR,60,4.0,52995.1,7.76,2020-03-22
E002436,Aarav,Marketing,38,10.0,106744.15,3.72,2020-03-22
E002437,Kabir,Marketing,45,23.0,42465.96,9.57,2020-03-23
E002438,Aarav,Finance,55,22.0,92530.28,5.45,2020-03-23
E002439,Nisha,Marketing,52,17.0,75945.51,6.5,2020-03-23
E002440,Kabir,Sales,57,2.0,48647.44,1.25,2020-03-24
E002441,Rohan,Sales,33,7.0,89968.73,6.28,2020-03-24
E002442,Kabir,HR,45,10.0,64610.46,4.06,2020-03-24
E002443,Nisha,Finance,30,29.0,78837.48,2.68,2020-03-25
E002444,Aarav,Sales,49,12.0,75656.99,7.62,2020-03-25
E002445,Rohan,Engineering,60,11.0,96263.25,5.81,2020-03-25
E002446,Nisha,Operations,26,4.0,82518.52,3.34,2020-03-26
E002447,,Engineering,21,16.0,38680.92,3.92,2020-03-26
E002448,Kabir,Finance,39,26.0,63645.33,1.65,2020-03-26
E002449,Diya,HR,40,9.0,-3716.03,6.76,2020-03-27
E002450,Aditya,Engineering,25,13.0,97089.84,8.0,2020-03-27
E002451,Aditya,Operations,45,28.0,51410.43,2.3,2020-03-27
E002452,Tara,Finance,39,18.0,109656.79,8.67,2020-03-28
E002453,Kabir,HR,36,16.0,76855.04,8.37,2020-03-28
E002454,Diya,Marketing,51,6.0,71983.32,4.39,2020-03-28
E002455,Nisha,Engineering,32,8.0,78150.08,5.03,2020-03-29
E002456,Aditya,Marketing,44,24.0,56798.2,1.8,2020-03-29
E002457,Aditya,Marketing,56,4.0,79316.7,9.5,2020-03-29
E002458,Diya,Engineering,57,33.0,95438.6,6.84,2020-03-30
E002459,Aarav,Finance,53,5.0,32698.96,8.5,2020-03-30
E002460,Aditya,Marketing,39,9.0,80235.74,6.77,2020-03-30
E002461,Diya,Marketing,31,15.0,70783.82,5.28,2020-03-31
E002462,Isha,Engineering,39,24.0,87052.57,9.22,2020-03-31
E002463,Tara,Engineering,58,33.0,41793.6,2.98,2020-03-31
E002464,Tara,HR,28,20.0,100282.32,5.84,2020-04-01
E002465,Rohan,Marketing,27,0.0,78022.35,8.53,2020-04-01
E002466,Kabir,Marketing,45,,55876.51,2.8,2020-04-01
E002467,Kabir,HR,35,9.0,70789.8,9.22,2020-04-02
E002468,Aarav,Sales,57,16.0,76698.95,4.92,2020-04-02
E002469,Rohan,Engineering,29,0.0,94211.75,6.72,2020-04-02
E002470,Aditya,Operations,38,25.0,63165.21,3.26,2020-04-03
,Tara,Operations,24,16.0,93650.61,3.89,2020-04-03
E002472,Isha,Operations,32,28.0,82926.28,1.88,2020-04-03
,Aarav,Marketing,44,17.0,90812.69,7.79,2020-04-04
E002474,Nisha,Engineering,25,22.0,117346.8,2.91,2020-04-04
E002475,Aditya,Marketing,56,34.0,64824.11,2.08,2020-04-04
E002476,Tara,Operations,25,15.0,39442.52,7.74,2020-04-05
E002477,Aarav,Sales,23,28.0,70862.97,1.72,2020-04-05
E002478,Isha,Finance,46,30.0,88034.17,5.08,2020-04-05
E002479,Aditya,Finance,59,29.0,48464.31,1.13,2020-04-06
E002480,Isha,Sales,51,28.0,64469.88,8.61,2020-04-06
E002481,Nisha,Operations,37,4.0,60349.6,5.49,2020-04-06
E002482,Tara,Sales,27,1.0,43839.28,1.94,2020-04-07
E002483,Isha,Marketing,42,20.0,66336.73,4.74,2020-04-07
E002484,Diya,Finance,43,4.0,121518.77,7.67,2020-04-07
E002485,Aditya,Marketing,49,23.0,28091.66,1.54,2020-04-08
E002486,Isha,Marketing,59,26.0,4648.16,6.13,2020-04-08
E002487,Diya,Engineering,30,16.0,79155.58,5.53,2020-04-08
E002488,Aditya,Finance,45,15.0,102451.2,8.34,2020-04-09
E002489,Aarav,Sales,57,0.0,78541.69,6.41,2020-04-09
E002490,Kabir,Engineering,39,21.0,24027.63,4.45,2020-04-09
E002491,Tara,Finance,36,19.0,77685.37,5.51,
E002492,Rohan,Marketing,35,27.0,32613.05,7.67,2020-04-10
E002493,Rohan,HR,42,32.0,83253.6,1.88,2020-04-10
E002494,Isha,Finance,52,31.0,87061.9,5.57,2020-04-11
E002495,Aditya,HR,38,8.0,71107.3,5.09,2020-04-11
E002496,Tara,Engineering,33,11.0,62668.51,3.07,2020-04-11
E002497,Rohan,Sales,24,3.0,78700.89,2.44,2020-04-12
E002498,Nisha,Sales,21,12.0,62767.75,5.06,
E002499,Diya,Operations,34,16.0,25078.09,1.52,2020-04-12
E002500,Tara,Finance,58,0.0,43904.31,1.66,2020-04-13
E002501,Aditya,Sales,43,9.0,30803.9,3.54,2020-04-13
E002502,Aarav,HR,36,21.0,53181.1,2.97,2020-04-13
E002503,Tara,Operations,33,14.0,51101.85,3.71,2020-04-14
E002504,Aarav,Engineering,25,11.0,64482.18,6.99,2020-04-14
E002505,Isha,Marketing,40,28.0,125980.48,1.24,2020-04-14
E002506,Aarav,Operations,29,24.0,86825.69,7.86,
E002507,Isha,Marketing,45,26.0,65958.4,4.08,2020-04-15
E002508,Tara,Finance,22,2.0,86219.37,9.78,2020-04-15
E002509,Diya,Operations,23,28.0,98678.73,6.89,2020-04-16
E002510,Nisha,Sales,53,17.0,78428.19,6.65,2020-04-16
E002511,Kabir,Sales,40,5.0,63579.43,1.8,2020-04-16
E002512,Rohan,Finance,29,4.0,70803.12,8.47,2020-04-17
E002513,Tara,Sales,37,8.0,92506.3,4.94,2020-04-17
E002514,Kabir,Finance,29,17.0,127735.02,9.4,2020-04-17
E002515,Isha,Engineering,49,11.0,79581.11,1.69,2020-04-18
E002516,Diya,Engineering,32,12.0,61220.22,5.63,2020-04-18
E002517,Tara,Engineering,40,28.0,86836.69,4.99,2020-04-18
E002518,Kabir,HR,41,2.0,86598.79,4.59,2020-04-19
E002519,Nisha,Sales,43,17.0,21440.12,2.51,2020-04-19
E002520,Rohan,Finance,49,16.0,76823.31,8.8,2020-04-19
E002521,Diya,Finance,60,23.0,31381.05,4.85,2020-04-20
E002522,Nisha,Engineering,21,2.0,92013.85,7.13,2020-04-20
E002523,Kabir,Engineering,42,32.0,46222.82,8.92,2020-04-20
E002524,Diya,Marketing,52,7.0,84689.57,6.24,2020-04-21
E002525,Tara,Engineering,29,16.0,135822.71,6.66,2020-04-21
E002526,Rohan,Finance,54,20.0,55335.25,8.92,2020-04-21
E002527,Diya,Finance,40,13.0,86706.06,9.54,2020-04-22
E002528,Aarav,Operations,48,15.0,60414.11,6.7,2020-04-22
,Rohan,Operations,59,31.0,82577.59,3.23,2020-04-22
E002530,Aditya,Engineering,38,29.0,31940.07,2.47,
E002531,Isha,Sales,23,19.0,37523.48,4.25,2020-04-23
E002532,Aditya,Engineering,34,3.0,79056.45,6.41,2020-04-23
E002533,Nisha,Engineering,57,27.0,103297.15,1.7,2020-04-24
E002534,Rohan,Sales,33,4.0,92147.02,1.14,2020-04-24
E002535,Aditya,HR,43,25.0,61870.62,4.8,2020-04-24
E002536,Diya,Marketing,35,19.0,25754.75,9.41,2020-04-25
E002537,Kabir,Operations,28,18.0,107910.95,4.75,2020-04-25
E002538,Aarav,Marketing,27,18.0,90140.33,9.93,2020-04-25
E002539,Kabir,HR,56,23.0,89079.99,6.05,2020-04-26
E002540,Nisha,HR,59,6.0,78529.57,2.19,2020-04-26
E002541,Kabir,HR,56,18.0,84000.67,6.3,2020-04-26
E002542,Diya,Finance,55,1.0,31129.66,2.35,2020-04-27
E002543,Aarav,Marketing,47,19.0,55167.19,5.7,2020-04-27
E002544,Rohan,HR,24,21.0,68335.0,2.56,2020-04-27
E002545,Isha,HR,43,5.0,58111.82,9.58,
E002546,Aditya,Engineering,24,26.0,43685.53,4.04,2020-04-28
E002547,Tara,Finance,33,26.0,36932.29,9.85,2020-04-28
E002548,Aarav,Engineering,25,24.0,42895.97,8.06,2020-04-29
E002549,Aditya,Marketing,61,0.0,77970.69,8.47,2020-04-29
E002550,Rohan,Operations,30,34.0,100689.31,8.67,2020-04-29
E002551,Diya,Sales,45,18.0,94516.23,6.25,2020-04-30
E002552,Tara,Engineering,27,31.0,88897.38,5.3,2020-04-30
E002553,Aarav,Sales,46,24.0,88776.43,2.88,2020-04-30
,Aarav,Operations,57,26.0,58301.42,4.55,2020-05-01
E002555,Kabir,Sales,50,29.0,78406.18,9.87,2020-05-01
E002556,Aarav,HR,54,13.0,64861.88,7.58,2020-05-01
E002557,Diya,HR,38,4.0,103511.21,7.99,2020-05-02
E002558,Tara,Operations,35,29.0,112799.99,3.69,2020-05-02
E002559,Tara,Finance,35,11.0,69421.91,4.03,2020-05-02
E002560,Tara,HR,33,13.0,52532.47,7.97,2020-05-03
,Diya,HR,25,22.0,45925.96,3.56,2020-05-03
E002562,Nisha,Engineering,27,22.0,101883.77,7.98,2020-05-03
E002563,Nisha,Engineering,29,27.0,34832.95,3.08,2020-05-04
E002564,Nisha,Finance,23,31.0,77551.55,8.05,2020-05-04
E002565,Isha,Engineering,46,20.0,77175.88,9.36,2020-05-04
E002566,Nisha,Finance,49,24.0,57918.33,1.24,2020-05-05
E002567,Kabir,Engineering,54,21.0,98465.8,8.73,2020-05-05
E002568,Kabir,Engineering,56,14.0,76437.82,9.42,2020-05-05
E002569,Kabir,Sales,59,22.0,40115.83,2.18,2020-05-06
E002570,Kabir,Marketing,29,5.0,74830.66,2.49,2020-05-06
E002571,Aarav,HR,61,13.0,44111.88,1.87,2020-05-06
E002572,Tara,Engineering,24,12.0,83695.57,1.94,2020-05-07
E002573,Rohan,Sales,23,17.0,33978.06,4.69,2020-05-07
E002574,Kabir,Engineering,46,11.0,102513.5,7.52,2020-05-07
E002575,Tara,Operations,49,15.0,89846.95,6.34,2020-05-08
E002576,Nisha,Operations,41,20.0,76539.98,1.4,2020-05-08
E002577,Rohan,Marketing,51,32.0,59688.44,8.26,2020-05-08
E002578,Kabir,Operations,21,26.0,53390.46,6.26,2020-05-09
E002579,Diya,HR,58,20.0,41684.02,5.06,2020-05-09
E002580,Isha,Operations,23,25.0,75228.74,6.41,2020-05-09
E002581,Kabir,Finance,32,32.0,31748.9,3.52,2020-05-10
E002582,Kabir,Engineering,31,12.0,78606.83,4.29,2020-05-10
E002583,Aditya,HR,58,26.0,49421.28,3.11,2020-05-10
E002584,Isha,Sales,24,24.0,76844.89,8.37,2020-05-11
E002585,Aditya,Engineering,35,11.0,39789.44,4.69,2020-05-11
E002586,Isha,Operations,24,32.0,56738.35,2.82,2020-05-11
E002587,Isha,Finance,33,12.0,16143.11,5.43,2020-05-12
E002588,Aarav,Operations,29,,50273.25,1.67,2020-05-12
E002589,Isha,Sales,24,30.0,43027.17,7.9,2020-05-12
E002590,Kabir,Marketing,36,33.0,59377.51,3.49,2020-05-13
E002591,Isha,Finance,60,13.0,65761.07,5.09,2020-05-13
E002592,Nisha,HR,36,7.0,64149.96,1.55,2020-05-13
E002593,Rohan,Sales,29,25.0,81432.01,3.02,2020-05-14
E002594,Nisha,HR,47,30.0,43873.19,5.44,2020-05-14
E002595,Aditya,HR,34,8.0,47797.39,6.61,2020-05-14
E002596,Rohan,HR,46,31.0,59549.63,4.63,2020-05-15
E002597,Kabir,Sales,26,2.0,102327.6,5.78,2020-05-15
E002598,Aditya,Finance,50,,111940.91,8.79,2020-05-15
E002599,Isha,Engineering,41,6.0,76725.16,9.11,2020-05-16
E002600,Rohan,Marketing,44,30.0,112916.76,8.05,2020-05-16
E002601,Isha,HR,33,3.0,94000.3,1.41,2020-05-16
E002602,Rohan,Finance,23,10.0,90523.11,3.67,2020-05-17
E002603,Isha,Sales,45,31.0,74281.77,2.4,2020-05-17
E002604,Nisha,Engineering,26,21.0,77015.47,6.85,2020-05-17
E002605,Nisha,Sales,25,2.0,53685.98,7.36,2020-05-18
E002606,Diya,Sales,22,26.0,40617.03,7.18,2020-05-18
E002607,Aditya,Operations,58,25.0,90672.59,7.99,2020-05-18
E002608,Aarav,Marketing,21,28.0,92952.41,3.32,2020-05-19
E002609,Kabir,Operations,24,24.0,68288.78,2.09,2020-05-19
E002610,Nisha,HR,41,7.0,31313.96,5.14,2020-05-19
,Aarav,Operations,46,12.0,70016.18,3.61,2020-05-20
E002612,Diya,Marketing,61,33.0,68503.12,9.04,2020-05-20
E002613,Aditya,Sales,60,,34245.65,8.05,2020-05-20
E002614,Isha,Engineering,35,15.0,87412.86,6.89,2020-05-21
E002615,Kabir,Marketing,56,16.0,71926.75,1.09,2020-05-21
E002616,Isha,Finance,21,34.0,89994.44,8.75,2020-05-21
E002617,Rohan,Finance,51,1.0,135200.99,8.34,2020-05-22
E002618,Kabir,Operations,38,6.0,54523.59,5.9,2020-05-22
E002619,Rohan,Marketing,47,29.0,73672.98,9.19,2020-05-22
E002620,Isha,Engineering,21,25.0,33911.8,7.85,2020-05-23
E002621,,Operations,59,21.0,89952.08,5.66,2020-05-23
E002622,Diya,HR,58,19.0,62149.41,1.32,2020-05-23
E002623,Rohan,Engineering,43,30.0,54699.72,3.49,2020-05-24
E002624,Aditya,Sales,25,10.0,47633.64,5.87,2020-05-24
E002625,Diya,Operations,54,28.0,75061.52,2.61,2020-05-24
,Rohan,Engineering,42,8.0,76564.25,2.26,2020-05-25
E002627,Nisha,Engineering,40,23.0,73238.93,4.28,2020-05-25
,Isha,Operations,47,0.0,84303.78,2.63,2020-05-25
E002629,Tara,Finance,48,16.0,14320.92,9.25,2020-05-26
E002630,,HR,47,,53027.97,4.38,2020-05-26
,Aarav,Marketing,47,19.0,116466.55,7.85,2020-05-26
E002632,Diya,Marketing,29,6.0,76988.82,4.81,2020-05-27
E002633,Aditya,HR,44,8.0,45310.41,6.0,2020-05-27
E002634,Diya,Engineering,57,28.0,50779.41,8.29,2020-05-27
E002635,Diya,Finance,24,7.0,91946.34,6.97,2020-05-28
E002636,Isha,HR,27,5.0,65304.74,2.01,2020-05-28
E002637,Tara,Marketing,26,24.0,77213.31,8.61,2020-05-28
E002638,Isha,Marketing,52,12.0,40581.91,5.46,2020-05-29
E002639,Isha,HR,45,23.0,101745.65,6.98,2020-05-29
E002640,Diya,Sales,39,15.0,38133.16,7.82,2020-05-29
E002641,Isha,Engineering,58,22.0,71500.31,7.83,2020-05-30
E002642,Aditya,Sales,32,25.0,71784.7,5.27,2020-05-30
E002643,Tara,HR,30,15.0,80048.58,6.25,2020-05-30
E002644,Isha,Sales,47,3.0,68531.25,9.25,2020-05-31
E002645,Kabir,Engineering,60,26.0,120189.7,7.12,2020-05-31
E002646,Aditya,Sales,32,8.0,74729.43,9.78,2020-05-31
E002647,Tara,Finance,25,21.0,77724.39,9.56,2020-06-01
E002648,Kabir,Operations,49,27.0,62815.05,1.04,2020-06-01
E002649,Aarav,HR,34,18.0,65099.25,5.05,2020-06-01
E002650,Aarav,Operations,48,30.0,62589.17,1.39,2020-06-02
E002651,Aarav,HR,52,14.0,59941.43,2.96,2020-06-02
E002652,Kabir,Operations,29,1.0,80107.84,6.5,2020-06-02
E002653,Isha,Engineering,47,22.0,62340.4,8.93,2020-06-03
E002654,Diya,Sales,29,14.0,52781.78,3.36,2020-06-03
E002655,Rohan,HR,58,33.0,77708.61,4.98,2020-06-03
E002656,Rohan,Sales,57,,75097.5,6.1,2020-06-04
E002657,Aditya,Engineering,46,21.0,57734.22,1.95,2020-06-04
E002658,Aditya,HR,56,17.0,30184.64,1.0,2020-06-04
,Tara,HR,43,21.0,51268.29,8.11,2020-06-05
E002660,Nisha,Sales,31,26.0,69699.73,7.22,2020-06-05
E002661,Aditya,Marketing,38,,36856.18,3.05,2020-06-05
E002662,Kabir,Sales,48,7.0,127044.13,1.02,2020-06-06
E002663,Diya,Operations,22,9.0,48087.24,5.34,2020-06-06
E002664,Diya,HR,48,33.0,72472.67,8.25,2020-06-06
E002665,Nisha,Operations,61,31.0,88335.75,5.91,2020-06-07
E002666,Aarav,Marketing,44,34.0,113021.96,3.75,2020-06-07
E002667,Isha,HR,60,31.0,63530.08,7.11,2020-06-07
E002668,Isha,HR,53,1.0,34590.74,9.25,2020-06-08
E002669,Isha,Finance,57,27.0,92041.63,3.51,2020-06-08
E002670,,Finance,41,,0.0,3.08,2020-06-08
E002671,Rohan,Marketing,40,13.0,73716.94,1.57,
E002672,Aditya,Marketing,56,32.0,49692.89,9.12,2020-06-09
E002673,Nisha,Finance,49,20.0,53070.17,1.81,2020-06-09
E002674,Diya,Marketing,57,8.0,63142.24,3.85,2020-06-10
E002675,Isha,Marketing,43,7.0,83298.26,7.3,2020-06-10
E002676,Rohan,Marketing,30,14.0,49613.46,8.76,2020-06-10
E002677,Nisha,Engineering,36,1.0,88005.31,5.39,2020-06-11
E002678,Nisha,Sales,49,9.0,69821.32,8.42,2020-06-11
E002679,Kabir,Engineering,21,12.0,40331.86,5.57,2020-06-11
E002680,Tara,Finance,28,31.0,78680.48,9.34,2020-06-12
E002681,Kabir,HR,42,30.0,80017.81,8.5,2020-06-12
E002682,Aarav,Engineering,42,31.0,33613.54,2.76,2020-06-12
E002683,Aarav,Engineering,40,4.0,63439.84,3.35,2020-06-13
E002684,Aditya,Engineering,30,10.0,28247.15,2.39,2020-06-13
E002685,Nisha,Marketing,55,19.0,75132.08,2.1,2020-06-13
E002686,Aditya,Engineering,55,20.0,72430.86,9.25,2020-06-14
E002687,Aditya,Engineering,21,32.0,85345.07,1.49,2020-06-14
E002688,Kabir,Operations,52,1.0,38736.78,7.1,
E002689,Aditya,Marketing,57,12.0,87360.68,7.89,2020-06-15
E002690,Diya,Sales,37,23.0,82166.77,1.77,2020-06-15
E002691,Rohan,Engineering,55,18.0,74644.58,2.3,2020-06-15
E002692,,Operations,32,29.0,88082.81,5.96,2020-06-16
E002693,Nisha,Marketing,34,28.0,86896.98,6.65,2020-06-16
E002694,Nisha,Finance,24,4.0,55738.37,1.02,2020-06-16
E002695,Tara,Sales,46,19.0,43796.54,5.73,2020-06-17
E002696,Aarav,Operations,50,26.0,76250.2,1.81,2020-06-17
E002697,Aarav,Marketing,32,18.0,75798.62,9.54,2020-06-17
E002698,,Operations,23,21.0,17184.91,1.9,2020-06-18
E002699,Aarav,HR,51,0.0,28004.29,8.29,2020-06-18
E002700,Tara,Engineering,59,5.0,67764.66,8.46,2020-06-18
E002701,Kabir,Sales,60,8.0,69952.83,8.78,2020-06-19
E002702,Nisha,Finance,42,11.0,76680.09,8.86,2020-06-19
E002703,Isha,HR,38,2.0,36000.65,6.58,2020-06-19
E002704,Isha,Operations,56,11.0,103197.58,4.93,2020-06-20
E002705,Aarav,HR,22,4.0,71206.58,9.17,2020-06-20
E002706,Nisha,HR,61,12.0,59721.06,8.04,2020-06-20
E002707,Nisha,HR,23,25.0,70784.84,6.56,2020-06-21
E002708,Isha,HR,53,13.0,90375.69,4.54,2020-06-21
E002709,Rohan,HR,43,25.0,73462.34,9.6,2020-06-21
E002710,Kabir,Engineering,29,11.0,71835.93,2.57,2020-06-22
E002711,Diya,Marketing,21,14.0,24187.6,9.06,2020-06-22
E002712,Aarav,Eng,61,6.0,35457.66,5.81,2020-06-22
E002713,Aditya,Operations,32,13.0,95941.82,5.71,2020-06-23
E002714,Isha,Operations,30,,38010.25,2.97,2020-06-23
E002715,Isha,HR,25,22.0,51830.23,3.93,2020-06-23
E002716,Tara,Sales,30,23.0,27293.69,4.6,2020-06-24
E002717,Kabir,Finance,23,33.0,36079.63,8.78,2020-06-24
E002718,Diya,Engineering,30,17.0,60402.29,6.03,2020-06-24
E002719,Aarav,Marketing,61,23.0,120148.32,5.95,2020-06-25
E002720,Aditya,Finance,55,2.0,103170.59,5.89,2020-06-25
,Diya,HR,56,30.0,67975.47,1.25,2020-06-25
E002722,Rohan,Marketing,52,15.0,55218.38,9.2,2020-06-26
E002723,Nisha,Operations,29,0.0,77407.85,8.69,2020-06-26
E002724,Rohan,Sales,37,4.0,89924.52,7.91,2020-06-26
E002725,Tara,Finance,46,5.0,64443.72,7.24,2020-06-27
E002726,Tara,Finance,48,31.0,30190.95,5.89,2020-06-27
E002727,Isha,Operations,36,14.0,61932.96,4.91,2020-06-27
E002728,Isha,Sales,53,21.0,79657.05,4.64,2020-06-28
E002729,Tara,HR,43,33.0,28235.34,1.88,2020-06-28
E002730,Tara,Engineering,23,8.0,52712.89,5.29,2020-06-28
E002731,Isha,Engineering,22,13.0,88507.18,8.24,2020-06-29
E002732,Kabir,Marketing,50,8.0,72221.72,5.35,2020-06-29
E002733,Diya,Finance,33,11.0,60681.13,5.98,2020-06-29
E002734,,Marketing,59,14.0,43657.88,3.5,2020-06-30
E002735,Aarav,Marketing,44,14.0,36384.67,2.73,2020-06-30
E002736,Rohan,Marketing,27,12.0,110130.67,8.04,2020-06-30
E002737,Diya,Marketing,29,12.0,89609.65,5.33,2020-07-01
E002738,Aarav,Sales,35,23.0,87383.13,1.14,2020-07-01
E002739,Rohan,Finance,56,0.0,75932.54,7.71,2020-07-01
E002740,Aditya,Operations,27,2.0,60704.05,3.59,2020-07-02
E002741,Aarav,Sales,53,21.0,44383.85,5.97,2020-07-02
E002742,Rohan,HR,61,28.0,56626.72,7.75,2020-07-02
E002743,Kabir,Operations,37,19.0,61915.68,1.28,2020-07-03
E002744,Aditya,Marketing,48,16.0,61855.18,1.08,2020-07-03
E002745,Aditya,Operations,57,10.0,49602.32,1.54,2020-07-03
E002746,Tara,HR,39,10.0,76288.4,6.74,2020-07-04
E002747,Tara,HR,42,0.0,89923.91,7.27,2020-07-04
E002748,Rohan,Operations,39,13.0,60362.99,3.75,2020-07-04
E002749,Rohan,HR,26,32.0,70605.3,8.42,2020-07-05
E002750,Rohan,Engineering,37,27.0,116980.53,9.91,2020-07-05
E002751,Nisha,Engineering,21,16.0,85116.42,2.29,2020-07-05
E002752,Tara,Finance,27,12.0,97578.06,8.33,2020-07-06
E002753,Rohan,Sales,56,24.0,95731.89,6.63,2020-07-06
E002754,Isha,Operations,26,6.0,103796.47,7.83,2020-07-06
E002755,Diya,Sales,55,27.0,66487.74,6.69,2020-07-07
E002756,Aditya,Finance,23,16.0,80977.59,8.4,2020-07-07
E002757,Isha,Engineering,54,20.0,76661.29,4.95,2020-07-07
E002758,Nisha,Finance,48,31.0,91184.75,5.44,2020-07-08
E002759,Aarav,Engineering,54,1.0,54841.59,1.74,2020-07-08
E002760,Aarav,Engineering,33,2.0,93691.77,2.21,2020-07-08
E002761,Nisha,HR,49,32.0,11850.29,3.03,2020-07-09
E002762,Diya,Operations,50,30.0,71001.95,1.28,2020-07-09
E002763,Kabir,Operations,51,15.0,61490.76,1.62,2020-07-09
E002764,Nisha,Sales,49,9.0,44708.64,8.17,2020-07-10
E002765,Tara,Operations,29,33.0,71250.3,6.67,2020-07-10
E002766,Tara,Engineering,39,31.0,42446.35,2.82,2020-07-10
E002767,Tara,HR,60,32.0,74705.03,8.25,2020-07-11
E002768,Aarav,Sales,59,0.0,42636.03,5.71,2020-07-11
E002769,Tara,Marketing,23,5.0,35566.65,9.44,2020-07-11
E002770,Aarav,Operations,43,10.0,41581.97,8.44,2020-07-12
E002771,Tara,HR,60,16.0,46900.26,6.07,2020-07-12
E002772,Rohan,Engineering,59,33.0,49184.26,8.52,2020-07-12
E002773,Aditya,Marketing,28,11.0,76093.61,4.76,2020-07-13
E002774,Rohan,Sales,35,7.0,84082.19,7.28,2020-07-13
E002775,Rohan,Sales,46,16.0,30418.8,2.32,2020-07-13
E002776,Diya,Engineering,24,11.0,53950.96,7.46,2020-07-14
E002777,Aarav,Engineering,50,27.0,84264.27,4.09,2020-07-14
E002778,Diya,Engineering,61,10.0,60974.95,6.84,2020-07-14
E002779,Rohan,Engineering,35,17.0,94164.56,6.44,2020-07-15
E002780,Diya,Sales,49,6.0,40385.43,9.69,2020-07-15
E002781,Aarav,Operations,55,25.0,99811.58,3.87,2020-07-15
E002782,Rohan,Operations,32,7.0,83878.21,2.34,2020-07-16
E002783,Tara,Finance,29,0.0,59948.27,7.16,2020-07-16
E002784,Isha,Engineering,41,22.0,44261.14,4.38,2020-07-16
E002785,Kabir,Sales,41,,84687.72,3.29,2020-07-17
E002786,Tara,Sales,61,7.0,46874.66,2.47,2020-07-17
E002787,Aarav,Operations,45,34.0,68666.14,4.84,2020-07-17
E002788,Isha,Finance,45,17.0,87460.4,9.67,2020-07-18
E002789,Kabir,Marketing,42,3.0,55756.59,5.6,2020-07-18
E002790,Tara,Sales,24,11.0,88189.07,5.04,2020-07-18
E002791,Diya,Finance,58,22.0,65909.24,8.5,2020-07-19
E002792,Kabir,Finance,61,2.0,80929.24,8.27,2020-07-19
E002793,,Finance,39,2.0,69651.1,7.3,2020-07-19
E002794,Nisha,Engineering,51,14.0,101924.29,5.42,2020-07-20
E002795,Aditya,Finance,44,7.0,118733.78,8.59,2020-07-20
E002796,Tara,HR,24,31.0,104159.38,8.5,2020-07-20
E002797,Tara,Sales,49,23.0,99777.86,4.39,2020-07-21
E002798,Diya,Sales,59,25.0,23609.77,8.31,2020-07-21
E002799,Nisha,Operations,25,28.0,70230.85,9.8,2020-07-21
E002800,Kabir,Operations,27,33.0,90791.5,7.59,2020-07-22
E002801,Aditya,HR,48,28.0,44175.87,6.51,2020-07-22
E002802,Rohan,Marketing,51,12.0,100371.68,1.46,2020-07-22
E002803,Diya,Sales,44,22.0,30608.33,6.86,2020-07-23
E002804,Tara,Finance,57,17.0,57671.33,7.51,2020-07-23
E002805,Diya,HR,44,6.0,52926.98,3.93,2020-07-23
E002806,Tara,Sales,33,7.0,30628.06,4.25,2020-07-24
E002807,Aditya,Sales,54,24.0,117035.07,3.19,2020-07-24
E002808,Kabir,HR,40,19.0,74536.31,5.5,
E002809,Aditya,HR,42,22.0,61563.21,6.79,2020-07-25
E002810,Isha,Marketing,40,34.0,97466.98,2.36,2020-07-25
E002811,Diya,Finance,22,30.0,73277.36,5.38,2020-07-25
E002812,Rohan,Engineering,42,19.0,39939.06,7.23,2020-07-26
E002813,Aditya,Engineering,41,10.0,120424.55,5.49,2020-07-26
E002814,Kabir,HR,36,29.0,75654.03,9.01,2020-07-26
E002815,Kabir,Operations,23,29.0,33517.89,7.29,2020-07-27
E002816,Nisha,Finance,58,15.0,6848.66,8.98,2020-07-27
E002817,Rohan,Operations,37,33.0,99521.71,3.04,2020-07-27
E002818,Kabir,Operations,30,15.0,112523.64,1.87,2020-07-28
E002819,Aditya,HR,52,24.0,108508.88,4.79,2020-07-28
E002820,Aditya,Engineering,24,,65583.59,10.0,2020-07-28
E002821,Tara,Sales,43,32.0,32411.22,6.32,2020-07-29
E002822,Rohan,HR,46,30.0,41552.71,5.22,2020-07-29
E002823,Tara,HR,36,1.0,5553.98,7.64,2020-07-29
E002824,Diya,Operations,31,16.0,60806.81,4.74,2020-07-30
E002825,Aditya,Engineering,46,12.0,56276.21,2.28,2020-07-30
E002826,Aditya,Engineering,55,11.0,76891.05,5.3,2020-07-30
E002827,Aarav,Marketing,55,9.0,54639.56,7.24,2020-07-31
E002828,Rohan,HR,60,16.0,63620.75,6.1,2020-07-31
E002829,Isha,Engineering,21,32.0,83161.24,1.76,2020-07-31
E002830,Nisha,Finance,43,20.0,94635.22,2.2,2020-08-01
E002831,Aditya,Operations,35,20.0,100082.98,6.39,2020-08-01
E002832,Aarav,Sales,24,,32464.09,9.55,2020-08-01
E002833,Kabir,HR,56,34.0,61319.92,2.37,2020-08-02
E002834,Aditya,Marketing,61,25.0,100678.83,8.89,2020-08-02
E002835,Diya,Operations,60,5.0,80996.44,5.79,2020-08-02
E002836,Aarav,Engineering,49,33.0,44066.44,9.19,2020-08-03
E002837,Isha,Engineering,35,14.0,132062.64,7.69,2020-08-03
E002838,Aarav,Finance,61,18.0,54904.24,4.72,2020-08-03
E002839,Aarav,Marketing,50,12.0,54115.75,1.66,2020-08-04
E002840,Diya,Finance,60,6.0,74454.17,9.44,2020-08-04
E002841,Diya,Finance,43,4.0,74305.96,5.99,2020-08-04
E002842,Isha,Marketing,41,12.0,26137.55,7.87,2020-08-05
E002843,Tara,Finance,55,32.0,78813.67,6.54,2020-08-05
E002844,Diya,Operations,52,29.0,89637.46,1.74,2020-08-05
E002845,Kabir,Operations,27,4.0,85185.8,2.62,2020-08-06
E002846,Tara,Engineering,55,24.0,83524.59,5.1,2020-08-06
E002847,Nisha,Engineering,55,19.0,24167.66,1.18,2020-08-06
E002848,Kabir,Marketing,52,2.0,67324.68,3.97,2020-08-07
E002849,Rohan,Operations,30,15.0,116192.96,4.92,2020-08-07
E002850,Aarav,HR,28,33.0,79413.18,1.02,2020-08-07
E002851,Aarav,Operations,29,6.0,83138.88,6.02,2020-08-08
E002852,Kabir,HR,30,21.0,41470.08,7.29,2020-08-08
E002853,Diya,Finance,40,30.0,69135.08,9.8,2020-08-08
E002854,Isha,Engineering,39,12.0,63629.36,8.5,2020-08-09
E002855,Aarav,Operations,44,17.0,84372.2,2.84,2020-08-09
E002856,Aditya,HR,41,14.0,86012.27,4.96,2020-08-09
E002857,Aarav,HR,46,19.0,56102.15,9.87,2020-08-10
E002858,Rohan,HR,46,34.0,81552.98,8.4,2020-08-10
E002859,Isha,Operations,26,31.0,80728.35,1.27,2020-08-10
,Diya,HR,54,10.0,70929.91,4.4,2020-08-11
E002861,Diya,Finance,33,3.0,105569.32,3.0,2020-08-11
E002862,Nisha,Finance,25,24.0,71349.02,1.38,2020-08-11
E002863,Rohan,Engineering,29,28.0,39315.33,8.34,2020-08-12
E002864,Tara,HR,42,10.0,74316.64,1.68,2020-08-12
E002865,Kabir,Finance,25,34.0,77024.02,2.94,2020-08-12
,Nisha,Finance,59,0.0,78604.6,4.56,2020-08-13
E002867,Rohan,Sales,32,1.0,96835.03,7.65,2020-08-13
E002868,Aditya,Engineering,43,34.0,68451.42,1.3,2020-08-13
E002869,Kabir,Engineering,50,0.0,45324.34,8.05,2020-08-14
E002870,Aarav,Engineering,60,25.0,28456.75,8.97,2020-08-14
E002871,Diya,Engineering,43,8.0,107179.33,7.79,2020-08-14
E002872,Rohan,Sales,41,34.0,56367.88,8.38,2020-08-15
E002873,Aarav,Marketing,35,2.0,60732.29,5.38,2020-08-15
E002874,Aditya,Finance,56,34.0,145932.78,2.1,
E002875,Tara,Finance,27,15.0,35822.45,5.31,2020-08-16
E002876,Aarav,Sales,27,18.0,86935.43,6.93,2020-08-16
E002877,Diya,Operations,35,33.0,107326.95,3.85,2020-08-16
E002878,Aarav,Finance,53,19.0,59178.35,7.75,2020-08-17
E002879,Rohan,Engineering,36,26.0,61702.36,9.58,2020-08-17
E002880,Aditya,Operations,24,11.0,20596.1,4.54,2020-08-17
E002881,Diya,Marketing,51,,79732.28,7.8,2020-08-18
E002882,Tara,Engineering,41,23.0,64652.11,8.9,2020-08-18
E002883,Kabir,HR,61,14.0,86868.5,4.9,2020-08-18
E002884,Aditya,Finance,24,33.0,42574.27,5.92,2020-08-19
E002885,Isha,HR,51,14.0,119835.61,7.2,2020-08-19
E002886,,Engineering,52,28.0,32102.77,4.3,2020-08-19
E002887,Kabir,HR,44,19.0,100159.54,8.08,2020-08-20
E002888,Rohan,Sales,32,5.0,87843.79,4.62,2020-08-20
E002889,,Operations,51,15.0,115098.73,8.65,2020-08-20
E002890,Isha,Finance,28,31.0,59262.87,4.63,2020-08-21
E002891,Kabir,HR,57,9.0,125493.75,4.79,2020-08-21
E002892,Isha,Finance,47,8.0,70431.83,9.32,2020-08-21
E002893,Aarav,HR,48,23.0,13466.46,9.09,2020-08-22
E002894,Nisha,Marketing,34,23.0,84664.51,9.47,2020-08-22
E002895,Aditya,Sales,57,9.0,85130.49,1.93,2020-08-22
E002896,Diya,HR,57,3.0,99650.78,6.15,2020-08-23
E002897,Aditya,Sales,37,12.0,112444.49,2.28,2020-08-23
E002898,Kabir,Sales,28,30.0,92904.04,5.45,2020-08-23
E002899,Nisha,Operations,42,12.0,30374.8,5.23,2020-08-24
E002900,Isha,Marketing,48,2.0,51364.48,2.02,2020-08-24
E002901,Aarav,Engineering,43,14.0,94948.61,1.1,2020-08-24
E002902,Aditya,Finance,56,,81480.96,1.22,2020-08-25
E002903,Isha,HR,46,25.0,92232.31,5.83,2020-08-25
E002904,Rohan,Engineering,25,10.0,32606.81,1.64,2020-08-25
E002905,Aditya,HR,48,19.0,102721.53,4.82,2020-08-26
E002906,Rohan,Finance,35,2.0,81764.17,6.24,2020-08-26
E002907,Aditya,Finance,59,1.0,44527.33,2.36,2020-08-26
E002908,Kabir,Marketing,49,20.0,86912.12,4.34,2020-08-27
E002909,Nisha,Operations,28,21.0,51100.98,4.72,2020-08-27
E002910,Rohan,Finance,29,23.0,71464.33,1.14,2020-08-27
E002911,Tara,Operations,54,6.0,91055.59,5.43,2020-08-28
E002912,Kabir,Finance,43,9.0,64916.74,6.5,2020-08-28
E002913,Rohan,Marketing,29,,57949.8,7.72,
E002914,Kabir,Operations,25,18.0,59971.48,1.65,2020-08-29
E002915,Aarav,Marketing,51,30.0,117985.15,9.17,2020-08-29
E002916,Tara,Marketing,22,12.0,-3738.88,9.86,2020-08-29
E002917,Rohan,Engineering,29,3.0,71633.12,2.04,2020-08-30
E002918,Isha,Operations,31,19.0,49988.56,9.18,2020-08-30
E002919,Tara,Finance,54,19.0,38226.73,2.44,2020-08-30
E002920,Nisha,Finance,61,21.0,61795.31,8.08,2020-08-31
E002921,Tara,Operations,56,21.0,12258.61,2.56,2020-08-31
E002922,Isha,Engineering,27,1.0,64018.0,8.66,2020-08-31
E002923,Kabir,Finance,60,0.0,60806.97,6.66,2020-09-01
E002924,Isha,HR,29,4.0,91658.03,2.52,2020-09-01
E002925,Aditya,Engineering,55,7.0,75804.63,4.94,2020-09-01
E002926,Diya,Operations,27,20.0,89033.19,1.7,2020-09-02
E002927,Isha,Engineering,37,26.0,95968.33,2.73,2020-09-02
E002928,Nisha,Marketing,41,0.0,67026.22,7.01,2020-09-02
E002929,Aarav,HR,25,8.0,59701.15,1.74,2020-09-03
E002930,Nisha,Operations,30,8.0,32683.48,9.29,2020-09-03
E002931,Aditya,Finance,26,0.0,50602.05,2.81,2020-09-03
E002932,Diya,Operations,59,8.0,63991.51,9.01,2020-09-04
E002933,Aarav,Marketing,60,29.0,41622.14,9.22,2020-09-04
E002934,Nisha,Operations,32,28.0,78828.35,7.23,2020-09-04
,Aarav,Sales,60,0.0,69766.98,4.02,2020-09-05
E002936,Aarav,Engineering,59,1.0,54746.27,4.92,2020-09-05
E002937,Aarav,HR,37,7.0,36175.93,3.05,2020-09-05
E002938,Diya,Engineering,56,7.0,24372.93,3.28,2020-09-06
E002939,Aditya,Marketing,50,9.0,78656.78,5.88,2020-09-06
E002940,Aarav,Finance,24,14.0,62523.28,4.02,2020-09-06
E002941,Tara,HR,56,13.0,105941.56,9.74,2020-09-07
E002942,Aarav,Engineering,33,16.0,86905.16,9.94,2020-09-07
E002943,Rohan,Sales,45,24.0,87322.25,5.86,2020-09-07
E002944,Diya,HR,37,34.0,50551.87,4.16,2020-09-08
E002945,Rohan,HR,30,24.0,72530.41,5.84,2020-09-08
E002946,Rohan,Operations,54,9.0,56556.22,2.43,2020-09-08
E002947,Rohan,Sales,29,5.0,107271.48,6.58,2020-09-09
E002948,Aditya,Marketing,23,13.0,77586.97,6.93,2020-09-09
E002949,Nisha,HR,38,19.0,100533.29,1.97,2020-09-09
E002950,Diya,Sales,50,13.0,43355.17,6.21,2020-09-10
E002951,Rohan,HR,37,17.0,66161.93,3.18,
E002952,Isha,HR,26,34.0,26672.92,3.21,2020-09-10
E002953,Tara,Marketing,38,16.0,92718.1,8.82,2020-09-11
E002954,Kabir,Operations,22,6.0,60995.05,9.34,2020-09-11
E002955,Isha,Sales,45,0.0,96514.88,6.06,
E002956,Nisha,Finance,0,19.0,11440.24,9.19,2020-09-12
E002957,Tara,HR,28,7.0,50138.57,1.81,2020-09-12
E002958,Diya,HR,27,30.0,38730.58,5.4,2020-09-12
E002959,Diya,Operations,41,0.0,118603.68,3.88,2020-09-13
E002960,Kabir,Engineering,43,27.0,61069.48,6.46,2020-09-13
E002961,Kabir,Finance,50,6.0,60606.47,4.33,2020-09-13
E002962,Diya,Finance,42,10.0,46750.58,4.6,2020-09-14
E002963,Tara,Operations,61,4.0,75503.34,1.54,2020-09-14
E002964,Kabir,Marketing,22,10.0,67609.62,1.95,2020-09-14
E002965,Diya,Marketing,38,6.0,87478.96,5.56,2020-09-15
E002966,Aarav,Engineering,56,13.0,29393.57,7.99,2020-09-15
E002967,Tara,HR,60,1.0,127137.86,7.68,2020-09-15
E002968,Aarav,Finance,36,21.0,100739.08,3.47,2020-09-16
E002969,Aditya,Finance,46,15.0,40623.92,8.79,2020-09-16
E002970,Isha,Marketing,34,7.0,88310.61,5.62,2020-09-16
E002971,Tara,Sales,52,8.0,92649.71,8.97,2020-09-17
E002972,Aditya,Marketing,45,10.0,89367.47,2.08,2020-09-17
E002973,Isha,Finance,56,29.0,44580.72,3.06,2020-09-17
E002974,Kabir,HR,56,29.0,82653.62,5.67,2020-09-18
E002975,Rohan,Finance,25,14.0,19297.8,2.19,2020-09-18
E002976,Kabir,Operations,37,29.0,65990.21,6.3,2020-09-18
E002977,Tara,HR,61,10.0,68414.19,9.93,2020-09-19
E002978,Tara,Marketing,33,27.0,15128.59,4.82,2020-09-19
E002979,Aditya,Engineering,33,32.0,91809.78,5.49,2020-09-19
E002980,Nisha,Finance,31,21.0,104001.5,5.25,2020-09-20
E002981,Aarav,Operations,50,3.0,45257.98,8.92,2020-09-20
E002982,Rohan,HR,53,11.0,85470.1,2.44,2020-09-20
E002983,Nisha,Sales,52,4.0,47504.87,4.99,2020-09-21
E002984,Isha,Sales,35,4.0,52648.1,9.05,
E002985,Kabir,Marketing,31,23.0,101309.59,5.89,2020-09-21
E002986,Aarav,Operations,58,34.0,98499.78,8.42,2020-09-22
E002987,Kabir,Operations,49,23.0,79062.63,7.1,2020-09-22
E002988,Nisha,Marketing,32,24.0,66168.99,8.2,2020-09-22
E002989,Aarav,Engineering,24,0.0,88081.7,4.18,2020-09-23
E002990,Isha,Sales,52,31.0,68913.65,8.05,2020-09-23
E002991,Aarav,Sales,48,9.0,85249.85,7.72,2020-09-23
E002992,Nisha,Engineering,45,31.0,102384.81,1.54,2020-09-24
E002993,Diya,HR,50,30.0,69843.12,2.74,2020-09-24
E002994,Tara,Engineering,43,16.0,46143.39,7.62,2020-09-24
E002995,Kabir,Engineering,44,27.0,65196.38,8.09,2020-09-25
E002996,Aarav,Sales,32,34.0,92308.91,5.44,2020-09-25
E002997,Aditya,Marketing,56,22.0,60794.09,4.1,2020-09-25
E002998,Tara,Marketing,29,,95235.89,6.99,2020-09-26
E002999,Aarav,Finance,42,29.0,65960.32,6.49,2020-09-26
E003000,Rohan,Sales,36,23.0,60766.63,8.07,2020-09-26
E003001,Aditya,Finance,53,15.0,74423.99,8.81,2020-09-27
E003002,Kabir,Sales,41,5.0,74254.76,6.8,2020-09-27
E003003,Tara,Operations,52,10.0,71556.75,7.35,2020-09-27
E003004,Aditya,Operations,21,20.0,36597.92,9.36,2020-09-28
E003005,Diya,HR,41,24.0,47956.76,1.83,2020-09-28
E003006,Kabir,Marketing,30,16.0,72556.71,1.75,2020-09-28
E003007,Aditya,Marketing,21,32.0,85668.44,8.33,2020-09-29
E003008,Kabir,Sales,55,11.0,47878.9,4.9,2020-09-29
E003009,Aarav,Operations,31,24.0,111217.52,5.31,2020-09-29
E003010,Nisha,Sales,23,8.0,21250.86,1.69,2020-09-30
E003011,Kabir,Engineering,60,16.0,62078.03,3.66,2020-09-30
E003012,Aarav,Sales,43,16.0,38641.2,3.32,2020-09-30
E003013,Aditya,HR,23,29.0,57662.73,7.66,2020-10-01
E003014,Tara,Sales,27,1.0,37271.31,5.19,2020-10-01
E003015,Kabir,Marketing,21,3.0,85370.54,7.71,2020-10-01
E003016,Nisha,HR,29,29.0,56230.62,9.64,2020-10-02
E003017,Diya,Sales,58,13.0,34711.78,2.4,2020-10-02
E003018,Nisha,Sales,37,31.0,91798.5,9.65,2020-10-02
E003019,Rohan,Sales,22,30.0,13582.05,3.2,2020-10-03
E003020,Aditya,Sales,28,4.0,71652.77,9.2,2020-10-03
E003021,Kabir,Engineering,39,17.0,18127.88,3.32,2020-10-03
E003022,Kabir,HR,29,12.0,79974.13,8.64,2020-10-04
E003023,Kabir,Sales,26,16.0,50881.53,9.13,2020-10-04
E003024,Aditya,Marketing,58,9.0,64847.27,4.7,2020-10-04
E003025,Kabir,Marketing,59,2.0,56849.97,1.04,2020-10-05
E003026,Tara,HR,45,30.0,45066.65,4.09,2020-10-05
E003027,Aarav,HR,50,20.0,103870.81,6.24,2020-10-05
E003028,Aditya,Finance,36,4.0,50327.29,2.64,2020-10-06
E003029,Nisha,Engineering,56,,58837.48,2.8,2020-10-06
E003030,Diya,Sales,33,11.0,86187.57,4.75,2020-10-06
E003031,,Finance,52,23.0,51990.81,2.65,2020-10-07
E003032,Diya,Operations,21,18.0,65853.87,6.56,2020-10-07
E003033,Tara,Sales,21,17.0,73598.14,8.7,2020-10-07
E003034,Nisha,Sales,21,2.0,83896.43,6.59,2020-10-08
E003035,Tara,Marketing,26,25.0,47895.08,3.98,2020-10-08
E003036,Kabir,HR,31,8.0,66289.33,5.93,2020-10-08
E003037,Diya,Marketing,55,15.0,44932.03,6.11,2020-10-09
E003038,Nisha,Finance,24,23.0,63190.06,9.95,2020-10-09
E003039,Aarav,Sales,34,30.0,59333.22,8.27,2020-10-09
E003040,Rohan,Sales,21,31.0,89879.9,4.49,2020-10-10
E003041,Aditya,Marketing,26,31.0,89931.57,8.64,2020-10-10
,Isha,HR,50,32.0,57016.84,3.81,2020-10-10
E003043,Aditya,HR,39,23.0,65324.83,5.52,2020-10-11
E003044,Tara,Operations,40,34.0,68442.64,6.93,2020-10-11
E003045,Rohan,Sales,46,24.0,97246.33,2.12,2020-10-11
E003046,,Finance,49,6.0,69328.15,5.16,2020-10-12
E003047,,Operations,34,21.0,51258.92,5.11,2020-10-12
E003048,Nisha,Finance,35,32.0,76063.54,2.51,2020-10-12
E003049,Kabir,HR,61,30.0,19098.11,6.73,2020-10-13
E003050,Nisha,Marketing,27,20.0,81799.57,3.02,2020-10-13
E003051,Aarav,HR,48,21.0,97406.7,7.48,
E003052,Aarav,Marketing,23,31.0,79388.91,9.59,2020-10-14
E003053,Diya,HR,28,16.0,102116.0,7.78,2020-10-14
E003054,Diya,Operations,42,13.0,65022.27,1.75,2020-10-14
E003055,Kabir,Operations,25,16.0,61758.46,5.01,2020-10-15
E003056,Kabir,Engineering,57,7.0,5008.72,7.73,2020-10-15
E003057,Aditya,Operations,56,25.0,47073.83,9.24,2020-10-15
E003058,Isha,Finance,52,10.0,73264.95,4.25,2020-10-16
E003059,Tara,Engineering,37,15.0,60427.8,6.3,
E003060,Diya,Sales,60,17.0,64933.96,8.01,
E003061,Aarav,Sales,35,15.0,26181.48,7.87,2020-10-17
E003062,Kabir,Marketing,28,3.0,75655.38,6.28,2020-10-17
E003063,Aditya,Sales,33,23.0,47724.15,9.36,2020-10-17
E003064,Nisha,Finance,23,28.0,63368.21,9.94,2020-10-18
E003065,Diya,Marketing,60,26.0,84648.22,7.63,2020-10-18
E003066,Aarav,HR,59,33.0,108956.64,3.28,2020-10-18
E003067,Nisha,Finance,21,34.0,36791.54,4.31,2020-10-19
E003068,Kabir,Finance,55,7.0,96841.31,4.74,2020-10-19
E003069,Tara,HR,60,16.0,61110.97,5.71,2020-10-19
E003070,Kabir,HR,45,33.0,89763.02,2.31,2020-10-20
E003071,Aarav,Finance,61,33.0,49664.54,6.79,2020-10-20
E003072,Diya,Marketing,45,4.0,52180.7,5.94,2020-10-20
E003073,Rohan,Marketing,52,,70895.82,3.18,2020-10-21
E003074,Nisha,Sales,26,22.0,81696.44,8.15,2020-10-21
E003075,Rohan,Finance,54,22.0,43098.99,8.55,2020-10-21
E003076,Aarav,Engineering,60,9.0,100502.96,3.16,2020-10-22
E003077,Isha,Marketing,50,25.0,79342.84,2.24,2020-10-22
E003078,Tara,Engineering,56,12.0,68659.45,9.09,2020-10-22
E003079,,Finance,33,19.0,71710.95,9.98,2020-10-23
E003080,Aarav,HR,21,15.0,77748.58,8.01,2020-10-23
E003081,Aarav,Marketing,56,15.0,65858.88,7.47,2020-10-23
E003082,Nisha,Engineering,35,21.0,115969.13,7.74,2020-10-24
E003083,Aditya,Sales,28,18.0,41348.8,4.34,2020-10-24
E003084,Rohan,Sales,45,19.0,59354.5,8.99,2020-10-24
E003085,,HR,36,0.0,38253.16,4.85,2020-10-25
E003086,Kabir,Operations,47,33.0,38366.66,8.7,2020-10-25
E003087,Rohan,Operations,23,25.0,34039.38,1.1,2020-10-25
E003088,Rohan,Operations,30,29.0,75873.57,6.29,2020-10-26
E003089,Diya,Sales,29,19.0,14935.32,7.52,2020-10-26
E003090,Kabir,Operations,24,34.0,10807.97,7.27,2020-10-26
E003091,Kabir,HR,37,26.0,38388.87,2.76,2020-10-27
E003092,Diya,Sales,40,5.0,62181.67,7.53,2020-10-27
E003093,Kabir,Engineering,22,32.0,75471.59,6.86,2020-10-27
E003094,Kabir,Sales,50,18.0,49465.66,4.76,2020-10-28
E003095,Rohan,Sales,60,13.0,65262.1,3.62,2020-10-28
E003096,Tara,Operations,41,22.0,101767.48,7.87,2020-10-28
,Aarav,Engineering,27,3.0,61413.99,8.44,2020-10-29
E003098,Diya,Marketing,22,23.0,56360.04,2.28,2020-10-29
E003099,Kabir,Operations,57,10.0,92530.17,7.9,2020-10-29
,Aditya,Sales,22,34.0,69172.88,6.42,2020-10-30
E003101,Aditya,Marketing,44,22.0,76874.59,2.44,2020-10-30
E003102,Kabir,Finance,42,14.0,68683.64,7.94,2020-10-30
E003103,Kabir,Marketing,34,13.0,58288.45,1.31,2020-10-31
E003104,Isha,Engineering,24,14.0,25657.91,7.78,2020-10-31
E003105,Rohan,Marketing,55,31.0,92507.7,6.94,2020-10-31
E003106,Kabir,Marketing,53,20.0,94430.81,1.74,2020-11-01
E003107,Aditya,Finance,42,9.0,107599.72,4.8,2020-11-01
E003108,Kabir,Operations,28,13.0,40594.36,4.45,2020-11-01
E003109,Diya,Operations,50,15.0,84669.1,6.6,2020-11-02
E003110,Nisha,HR,30,24.0,43999.4,5.77,2020-11-02
E003111,Aarav,HR,24,26.0,44888.11,1.52,2020-11-02
E003112,Diya,Marketing,37,5.0,32399.23,9.17,2020-11-03
E003113,Isha,HR,34,12.0,76611.84,2.43,2020-11-03
E003114,Aditya,Sales,31,33.0,84328.85,6.51,2020-11-03
E003115,Rohan,Sales,38,34.0,104749.66,8.5,2020-11-04
E003116,Kabir,Operations,26,13.0,72437.51,1.14,2020-11-04
E003117,Aarav,Sales,29,9.0,64695.31,8.0,2020-11-04
E003118,Aditya,Engineering,54,4.0,90567.74,7.09,2020-11-05
E003119,Isha,Operations,54,6.0,78360.48,3.05,2020-11-05
E003120,Rohan,Marketing,47,11.0,66122.11,5.0,2020-11-05
E003121,Aarav,HR,46,14.0,62938.44,6.98,2020-11-06
E003122,Aditya,Engineering,26,31.0,83741.63,3.3,2020-11-06
E003123,Nisha,HR,26,12.0,60394.98,9.44,2020-11-06
E003124,Rohan,Sales,56,24.0,27903.36,1.01,2020-11-07
E003125,Kabir,Operations,22,0.0,53074.68,2.56,2020-11-07
E003126,Nisha,Sales,29,24.0,119607.46,4.02,2020-11-07
E003127,Rohan,Sales,47,14.0,97845.83,8.8,2020-11-08
E003128,Kabir,Marketing,48,24.0,84501.84,1.6,2020-11-08
E003129,Aditya,Marketing,23,14.0,134538.88,2.31,2020-11-08
E003130,Diya,Engineering,38,8.0,75992.4,4.7,2020-11-09
E003131,Nisha,Marketing,49,22.0,83365.44,6.25,2020-11-09
E003132,Tara,Operations,57,7.0,66659.01,6.99,2020-11-09
E003133,Isha,Finance,44,9.0,72289.8,7.39,2020-11-10
E003134,Tara,HR,24,29.0,69107.52,5.51,2020-11-10
E003135,Aditya,Marketing,40,32.0,108211.29,1.05,2020-11-10
E003136,Tara,Marketing,37,32.0,79585.92,6.93,2020-11-11
E003137,Kabir,Finance,50,22.0,151381.6,8.61,2020-11-11
E003138,Tara,Marketing,41,7.0,66032.42,6.11,2020-11-11
E003139,Tara,Marketing,23,27.0,75624.14,9.22,2020-11-12
E003140,Aditya,Operations,21,14.0,54481.4,6.05,2020-11-12
E003141,Rohan,Finance,54,28.0,42473.78,1.68,2020-11-12
E003142,Aarav,Operations,34,32.0,59561.98,4.07,2020-11-13
E003143,Tara,Operations,25,10.0,83785.79,6.24,2020-11-13
E003144,Rohan,Marketing,54,14.0,70127.06,7.34,2020-11-13
E003145,Rohan,HR,22,1.0,6601.57,8.76,2020-11-14
E003146,Tara,Operations,29,15.0,96073.36,4.15,
E003147,Kabir,Engineering,26,2.0,104350.98,6.4,2020-11-14
E003148,Kabir,Finance,51,10.0,70356.4,7.49,2020-11-15
E003149,Kabir,Finance,48,34.0,60045.64,5.98,2020-11-15
E003150,Nisha,Sales,53,24.0,18294.94,6.8,2020-11-15
E003151,Nisha,Operations,61,17.0,71612.41,4.21,2020-11-16
E003152,Rohan,Sales,28,19.0,50723.69,9.44,2020-11-16
E003153,Nisha,HR,40,12.0,27911.57,5.45,2020-11-16
E003154,Nisha,Finance,44,11.0,97502.31,4.51,2020-11-17
E003155,Aditya,Marketing,31,22.0,105700.31,1.29,2020-11-17
E003156,Rohan,Marketing,53,14.0,47818.52,3.39,2020-11-17
E003157,Isha,Operations,39,16.0,55306.44,5.97,2020-11-18
E003158,Nisha,HR,58,22.0,73312.14,4.17,2020-11-18
E003159,Diya,HR,52,34.0,99733.16,3.3,2020-11-18
,Tara,Operations,40,16.0,69604.65,7.74,2020-11-19
E003161,Aditya,Finance,35,9.0,81048.58,6.62,2020-11-19
E003162,,Finance,44,28.0,88453.32,7.89,2020-11-19
E003163,Tara,HR,29,22.0,77617.48,3.35,2020-11-20
E003164,Aditya,Marketing,29,25.0,58092.88,6.7,2020-11-20
E003165,Diya,HR,49,28.0,23177.79,7.16,2020-11-20
E003166,Tara,Sales,47,19.0,53277.13,1.88,2020-11-21
E003167,Nisha,Sales,60,11.0,71289.91,6.57,2020-11-21
E003168,Diya,Sales,58,8.0,93142.19,8.38,2020-11-21
E003169,Tara,Finance,37,27.0,37636.15,7.85,2020-11-22
E003170,Aditya,Marketing,56,32.0,82268.12,9.39,2020-11-22
E003171,Nisha,Engineering,59,29.0,65049.57,6.55,2020-11-22
E003172,Nisha,Sales,24,25.0,50521.23,1.4,2020-11-23
E003173,Rohan,Engineering,33,26.0,68019.09,3.25,2020-11-23
E003174,Kabir,Finance,41,32.0,68763.7,4.04,2020-11-23
E003175,Nisha,HR,41,15.0,70239.97,9.5,2020-11-24
E003176,Nisha,Operations,43,19.0,40575.88,8.63,2020-11-24
E003177,Rohan,Sales,30,10.0,62322.67,6.21,
E003178,Aarav,Sales,51,17.0,123637.46,6.73,2020-11-25
E003179,Aditya,Finance,58,19.0,82961.35,7.53,2020-11-25
E003180,Aditya,Marketing,29,6.0,39637.9,6.31,2020-11-25
E003181,,Marketing,23,24.0,81412.04,4.42,2020-11-26
E003182,Rohan,Operations,35,17.0,52360.27,8.12,2020-11-26
E003183,Tara,Sales,21,31.0,70964.4,8.2,2020-11-26
E003184,Rohan,Marketing,47,25.0,100816.96,6.26,2020-11-27
E003185,Aarav,Sales,53,8.0,111934.98,3.21,2020-11-27
E003186,Kabir,Operations,30,5.0,65000.91,7.29,2020-11-27
E003187,,HR,46,5.0,72620.85,2.36,2020-11-28
E003188,Diya,Operations,33,25.0,78030.98,6.11,2020-11-28
E003189,Kabir,HR,29,15.0,99343.15,8.78,2020-11-28
E003190,Tara,HR,59,25.0,64417.58,3.94,2020-11-29
E003191,Aarav,Marketing,43,8.0,56233.77,3.3,2020-11-29
E003192,Rohan,HR,40,15.0,68204.95,5.8,2020-11-29
E003193,Kabir,HR,47,29.0,70722.76,9.4,2020-11-30
E003194,Rohan,HR,26,4.0,73939.02,2.38,2020-11-30
E003195,Rohan,Marketing,47,6.0,116154.15,4.64,2020-11-30
E003196,Kabir,Marketing,27,6.0,42609.17,7.55,2020-12-01
E003197,Nisha,Marketing,46,14.0,40465.3,4.11,2020-12-01
E003198,Isha,Engineering,50,16.0,61388.72,7.76,2020-12-01
E003199,Isha,Finance,25,8.0,0.0,1.22,2020-12-02
E003200,Kabir,Finance,21,,73341.9,3.66,2020-12-02
E003201,Diya,Engineering,42,,124932.18,8.2,2020-12-02
E003202,Aditya,Sales,46,29.0,64471.48,9.81,2020-12-03
E003203,Aarav,HR,52,33.0,63453.55,5.76,2020-12-03
E003204,Diya,Marketing,34,34.0,85105.31,9.51,2020-12-03
E003205,Isha,Operations,52,14.0,118184.6,3.75,2020-12-04
E003206,Nisha,Operations,22,5.0,24005.34,2.28,2020-12-04
E003207,Aditya,Finance,53,7.0,93659.16,1.42,2020-12-04
E003208,Rohan,Engineering,57,26.0,102855.22,5.22,2020-12-05
E003209,Kabir,Marketing,24,14.0,88528.09,6.52,2020-12-05
E003210,Rohan,Sales,24,34.0,81119.42,1.77,2020-12-05
E003211,Isha,Sales,38,22.0,95768.42,3.87,2020-12-06
E003212,Nisha,Engineering,32,24.0,95177.45,3.15,2020-12-06
E003213,Rohan,Finance,22,8.0,41522.71,1.57,2020-12-06
E003214,Nisha,HR,24,19.0,39775.4,4.76,2020-12-07
E003215,Aditya,Operations,56,17.0,99202.93,4.76,2020-12-07
E003216,Kabir,HR,29,16.0,42832.45,2.39,2020-12-07
E003217,Rohan,Engineering,32,19.0,71506.49,4.27,2020-12-08
E003218,Rohan,Engineering,31,17.0,85073.67,7.86,2020-12-08
E003219,Aarav,Finance,48,15.0,53363.62,3.01,2020-12-08
E003220,Isha,Finance,35,8.0,87421.01,6.6,2020-12-09
E003221,Rohan,Engineering,42,14.0,-8617.64,2.96,2020-12-09
E003222,Nisha,Marketing,44,32.0,81468.57,9.45,2020-12-09
E003223,Rohan,Sales,0,4.0,67007.86,8.77,2020-12-10
E003224,Nisha,Marketing,52,34.0,73340.91,3.02,2020-12-10
E003225,Isha,Finance,51,23.0,89270.0,1.87,2020-12-10
E003226,Tara,Engineering,59,16.0,76299.44,1.2,2020-12-11
E003227,Isha,Finance,33,29.0,76491.83,9.78,2020-12-11
E003228,Nisha,Marketing,58,34.0,101744.38,7.93,2020-12-11
E003229,Kabir,Marketing,22,27.0,58286.72,7.57,2020-12-12
E003230,Nisha,Marketing,50,,108023.72,3.36,2020-12-12
E003231,Nisha,Operations,29,11.0,82551.44,6.12,2020-12-12
E003232,Kabir,HR,25,33.0,53902.66,1.85,
E003233,Aditya,Finance,40,6.0,40356.61,2.3,2020-12-13
E003234,Kabir,HR,49,23.0,81421.82,7.83,2020-12-13
E003235,Rohan,Operations,48,20.0,67793.99,1.34,2020-12-14
E003236,Aditya,Finance,45,14.0,82321.39,1.41,2020-12-14
E003237,Rohan,Operations,47,21.0,133216.15,8.54,2020-12-14
E003238,Aditya,Engineering,22,27.0,65219.48,7.0,2020-12-15
E003239,Aditya,Finance,45,19.0,34512.04,2.67,2020-12-15
E003240,Diya,Operations,45,26.0,63806.78,9.59,2020-12-15
E003241,Tara,Sales,56,19.0,80263.53,8.59,2020-12-16
E003242,Aarav,Finance,40,9.0,94075.08,3.02,2020-12-16
E003243,Isha,HR,39,7.0,89138.68,5.43,2020-12-16
E003244,Tara,Finance,46,9.0,62205.77,2.28,2020-12-17
E003245,Kabir,Finance,27,5.0,74113.17,1.41,2020-12-17
E003246,Aarav,Engineering,49,,51500.48,2.64,2020-12-17
E003247,Nisha,Marketing,33,26.0,68935.03,5.31,2020-12-18
E003248,Aditya,Marketing,55,1.0,36259.24,4.69,2020-12-18
E003249,Aditya,Finance,26,18.0,32591.37,5.51,2020-12-18
E003250,Aditya,Engineering,52,34.0,65964.64,7.66,2020-12-19
E003251,Aarav,Finance,51,22.0,76839.59,8.06,2020-12-19
E003252,Rohan,Operations,44,26.0,30155.81,5.31,2020-12-19
E003253,Diya,Engineering,30,24.0,71071.37,8.94,2020-12-20
E003254,Diya,Sales,36,13.0,55115.59,7.08,2020-12-20
E003255,Rohan,Operations,53,7.0,35285.96,9.3,2020-12-20
E003256,Aarav,Operations,52,29.0,54250.27,3.03,2020-12-21
E003257,Diya,Marketing,39,13.0,79919.2,9.31,2020-12-21
E003258,Aditya,Marketing,30,9.0,80415.57,9.69,2020-12-21
E003259,Isha,Sales,60,6.0,50916.59,7.18,2020-12-22
E003260,Isha,Engineering,30,15.0,79767.04,8.81,2020-12-22
E003261,Tara,Finance,45,15.0,80517.2,6.13,2020-12-22
E003262,Diya,Finance,56,21.0,55336.36,3.05,2020-12-23
E003263,Diya,HR,23,15.0,93725.81,8.74,2020-12-23
E003264,Tara,Operations,51,0.0,19205.02,1.46,2020-12-23
E003265,Nisha,Sales,39,13.0,34567.54,8.7,2020-12-24
E003266,Isha,Operations,61,26.0,102512.15,3.39,2020-12-24
,Aditya,Sales,21,23.0,109613.59,7.82,2020-12-24
E003268,Rohan,Sales,54,26.0,91787.74,1.82,2020-12-25
E003269,Diya,Marketing,47,32.0,26458.91,6.76,2020-12-25
E003270,Rohan,Operations,46,15.0,56138.91,2.7,2020-12-25
E003271,Tara,HR,32,20.0,100573.15,5.03,2020-12-26
E003272,Isha,Sales,58,7.0,5913.96,8.33,2020-12-26
E003273,Rohan,Finance,32,13.0,84962.46,2.19,2020-12-26
E003274,Nisha,Operations,61,21.0,73459.11,2.49,2020-12-27
E003275,Isha,Marketing,51,17.0,74378.49,6.61,2020-12-27
E003276,Tara,HR,46,30.0,78904.29,3.69,2020-12-27
E003277,Aarav,Engineering,37,24.0,70130.14,6.48,2020-12-28
E003278,Isha,Finance,38,34.0,92597.35,9.56,2020-12-28
E003279,Rohan,HR,59,16.0,76894.64,2.65,2020-12-28
E003280,Nisha,Engineering,31,1.0,82654.07,3.28,2020-12-29
E003281,Diya,Engineering,34,4.0,33331.47,9.1,2020-12-29
E003282,Isha,Finance,23,11.0,72535.29,5.79,2020-12-29
E003283,Aditya,Finance,25,0.0,46913.88,3.94,2020-12-30
,Aditya,HR,29,12.0,78603.6,2.63,2020-12-30
E003285,Nisha,Finance,26,29.0,57687.59,3.43,2020-12-30
E003286,Aditya,Engineering,24,29.0,99190.19,8.75,2020-12-31
E003287,Nisha,Sales,40,34.0,25866.85,4.79,2020-12-31
E003288,Aarav,HR,60,24.0,47030.44,6.43,2020-12-31
E003289,Tara,Finance,57,,52209.08,4.44,2021-01-01
E003290,Aarav,Sales,51,31.0,91637.11,9.2,2021-01-01
E003291,Nisha,Engineering,33,19.0,71912.49,1.7,2021-01-01
E003292,Diya,Sales,42,29.0,71897.5,9.1,2021-01-02
E003293,Nisha,Operations,35,30.0,86116.36,4.46,2021-01-02
E003294,Aarav,Sales,44,19.0,61885.43,1.5,2021-01-02
E003295,Aarav,Operations,37,12.0,69336.51,6.04,2021-01-03
E003296,Rohan,Engineering,34,27.0,97347.52,3.85,2021-01-03
E003297,Diya,Finance,61,18.0,92030.25,9.04,2021-01-03
E003298,Tara,Finance,58,8.0,93049.42,2.45,2021-01-04
E003299,Diya,Marketing,37,20.0,73040.35,2.09,2021-01-04
E003300,Aditya,Sales,46,12.0,66122.07,5.9,2021-01-04
E003301,Tara,Finance,30,1.0,80936.97,1.97,2021-01-05
E003302,Aarav,Finance,39,2.0,51495.26,6.33,2021-01-05
E003303,Rohan,Finance,50,28.0,72716.98,6.19,2021-01-05
E003304,Tara,Sales,25,24.0,48470.67,4.27,2021-01-06
E003305,Tara,Finance,44,22.0,105905.03,7.01,2021-01-06
E003306,Aditya,Operations,51,19.0,51236.28,3.15,2021-01-06
E003307,Isha,Marketing,55,7.0,53084.98,4.67,2021-01-07
E003308,Diya,Sales,30,32.0,74272.17,6.67,2021-01-07
E003309,Nisha,Engineering,48,18.0,29922.93,9.62,2021-01-07
E003310,Tara,Sales,23,16.0,74359.54,7.66,2021-01-08
E003311,Aarav,HR,33,32.0,28679.29,3.3,2021-01-08
E003312,,Sales,39,20.0,89136.6,3.05,2021-01-08
E003313,Kabir,Sales,45,31.0,66414.31,9.5,2021-01-09
E003314,Tara,Operations,33,,39347.84,7.77,2021-01-09
E003315,Diya,Sales,51,10.0,20986.57,9.67,2021-01-09
E003316,Tara,Sales,27,4.0,76924.56,6.28,2021-01-10
E003317,Aditya,Finance,57,32.0,37578.57,2.97,2021-01-10
E003318,Rohan,HR,31,4.0,37380.89,1.94,2021-01-10
E003319,Diya,Operations,41,22.0,79661.85,2.49,2021-01-11
E003320,Tara,Operations,37,21.0,55912.22,4.37,2021-01-11
E003321,Nisha,Operations,53,23.0,35017.2,2.88,2021-01-11
E003322,Kabir,Operations,41,5.0,73331.94,9.04,2021-01-12
E003323,Tara,Operations,41,25.0,81056.28,6.17,2021-01-12
E003324,Rohan,Engineering,34,8.0,97605.37,5.92,2021-01-12
E003325,Isha,Sales,26,27.0,75252.09,9.39,2021-01-13
E003326,Tara,Sales,30,2.0,47294.07,4.7,2021-01-13
E003327,Nisha,Operations,52,21.0,91025.39,4.14,2021-01-13
E003328,Aarav,Marketing,42,24.0,56463.06,2.73,
E003329,Kabir,HR,33,5.0,64394.7,3.14,2021-01-14
E003330,Aditya,Operations,53,20.0,30633.86,9.98,2021-01-14
E003331,Aditya,Sales,31,12.0,38250.03,7.13,2021-01-15
E003332,Aarav,Marketing,26,32.0,80930.96,5.07,2021-01-15
E003333,Aditya,Operations,31,18.0,108647.94,7.39,2021-01-15
E003334,Kabir,Engineering,26,16.0,100249.79,1.5,2021-01-16
E003335,Rohan,Engineering,44,3.0,57451.61,8.76,2021-01-16
E003336,Kabir,Engineering,33,6.0,59313.56,2.46,2021-01-16
E003337,Rohan,Operations,30,24.0,136717.57,2.4,2021-01-17
E003338,Aarav,Marketing,36,3.0,45469.14,1.88,2021-01-17
E003339,Tara,Marketing,25,17.0,75481.77,7.42,2021-01-17
E003340,Aarav,Finance,43,28.0,98844.67,6.64,2021-01-18
E003341,Aditya,Finance,35,15.0,57225.19,3.39,2021-01-18
E003342,Isha,Engineering,60,19.0,73073.71,5.44,2021-01-18
E003343,Diya,Engineering,37,,58183.65,6.37,2021-01-19
E003344,Rohan,HR,27,19.0,112524.94,3.69,2021-01-19
E003345,Aditya,HR,40,1.0,61374.51,2.37,2021-01-19
E003346,Tara,Marketing,50,24.0,78718.05,4.12,2021-01-20
E003347,Isha,Marketing,42,5.0,90093.95,3.51,2021-01-20
E003348,Nisha,Marketing,35,9.0,66804.81,3.97,2021-01-20
E003349,Tara,Operations,46,27.0,33800.24,9.12,2021-01-21
E003350,Diya,Sales,41,34.0,32336.12,6.64,2021-01-21
E003351,Nisha,Sales,61,30.0,80198.61,3.65,2021-01-21
E003352,Rohan,Sales,51,4.0,86551.93,5.21,2021-01-22
E003353,Rohan,Engineering,45,6.0,77319.63,9.74,2021-01-22
E003354,Aditya,Sales,55,19.0,90087.64,2.24,2021-01-22
E003355,Rohan,Engineering,58,17.0,49339.99,7.69,2021-01-23
E003356,Tara,Marketing,53,6.0,58860.24,7.02,2021-01-23
E003357,Diya,HR,49,6.0,50473.74,9.14,2021-01-23
E003358,Isha,Finance,52,16.0,26794.84,4.5,2021-01-24
E003359,Kabir,Sales,57,2.0,64729.24,8.97,2021-01-24
E003360,Diya,Sales,22,33.0,105550.9,6.55,2021-01-24
E003361,Isha,Finance,35,9.0,74533.42,8.95,2021-01-25
E003362,Nisha,Operations,38,25.0,18708.67,7.83,2021-01-25
E003363,Rohan,Operations,61,21.0,114871.78,7.23,2021-01-25
E003364,Aarav,Marketing,43,4.0,110282.67,2.11,2021-01-26
E003365,Rohan,Sales,51,34.0,101873.17,3.36,2021-01-26
E003366,Nisha,Finance,43,2.0,54175.59,3.0,2021-01-26
E003367,Aarav,Sales,54,24.0,71275.55,9.97,2021-01-27
E003368,Aarav,Finance,38,3.0,104667.38,8.14,2021-01-27
E003369,Kabir,Marketing,40,11.0,40512.98,4.22,2021-01-27
E003370,Tara,Sales,50,17.0,63241.7,1.3,2021-01-28
E003371,Diya,Operations,51,11.0,77625.37,5.72,2021-01-28
E003372,Aarav,HR,55,21.0,66929.82,4.97,2021-01-28
E003373,Rohan,HR,34,3.0,77786.6,7.25,2021-01-29
E003374,Isha,Sales,22,19.0,60542.72,7.05,2021-01-29
E003375,Rohan,Sales,60,,109168.79,8.91,2021-01-29
E003376,Kabir,Sales,43,13.0,63742.02,9.21,
E003377,Diya,Engineering,30,9.0,78197.43,5.94,2021-01-30
E003378,Aditya,Engineering,45,24.0,55662.05,5.7,2021-01-30
E003379,Rohan,Sales,49,26.0,33047.19,1.22,2021-01-31
E003380,Diya,Sales,52,34.0,67674.31,9.81,2021-01-31
E003381,Aditya,Finance,47,14.0,97105.74,8.73,2021-01-31
E003382,Kabir,Sales,53,26.0,78567.6,2.15,2021-02-01
E003383,Isha,Sales,25,13.0,88512.35,3.54,2021-02-01
E003384,Diya,Marketing,31,,62154.2,7.72,2021-02-01
E003385,Kabir,HR,30,29.0,60668.76,7.38,2021-02-02
E003386,Rohan,Operations,42,31.0,84266.57,8.8,2021-02-02
E003387,Kabir,Engineering,56,13.0,67535.14,1.97,2021-02-02
E003388,Nisha,Finance,25,6.0,63990.65,1.37,2021-02-03
E003389,Kabir,Finance,36,19.0,64884.55,3.73,2021-02-03
E003390,Aarav,Sales,43,7.0,114582.29,1.85,2021-02-03
E003391,Isha,Engineering,32,23.0,104313.84,4.37,2021-02-04
E003392,Diya,Marketing,27,31.0,80726.8,1.03,2021-02-04
E003393,Aarav,Operations,35,34.0,53930.03,0.0,2021-02-04
E003394,Aarav,Finance,37,26.0,98857.48,5.43,2021-02-05
E003395,Kabir,Finance,35,34.0,52354.42,3.39,2021-02-05
E003396,Aarav,Finance,30,18.0,101079.84,6.96,2021-02-05
E003397,Aarav,Finance,56,9.0,43379.03,1.61,2021-02-06
E003398,Tara,Operations,47,29.0,58783.89,2.69,2021-02-06
E003399,Diya,Marketing,30,31.0,56141.79,1.92,2021-02-06
E003400,Nisha,Finance,27,18.0,89613.28,3.81,2021-02-07
E003401,Isha,Sales,60,34.0,112942.03,8.0,2021-02-07
E003402,Diya,HR,61,28.0,76989.01,6.44,2021-02-07
E003403,Aarav,Marketing,41,23.0,95578.68,8.13,2021-02-08
E003404,Tara,HR,35,27.0,94877.69,8.8,2021-02-08
,Tara,Finance,29,33.0,75174.78,2.57,2021-02-08
E003406,Kabir,Sales,60,30.0,72049.53,9.36,2021-02-09
E003407,Nisha,Marketing,31,9.0,106497.32,1.22,2021-02-09
E003408,Nisha,HR,58,23.0,87531.47,1.12,2021-02-09
E003409,Tara,Marketing,28,19.0,62417.71,4.09,2021-02-10
E003410,Kabir,Operations,50,26.0,72574.73,5.02,2021-02-10
E003411,Diya,Sales,43,5.0,56034.35,7.33,2021-02-10
E003412,Tara,Engineering,58,34.0,87690.73,6.11,2021-02-11
,Nisha,Engineering,28,5.0,57219.33,4.46,2021-02-11
E003414,Rohan,Engineering,30,19.0,62606.62,2.87,2021-02-11
E003415,Nisha,Operations,25,2.0,85400.72,6.25,2021-02-12
,Aarav,Operations,40,11.0,59623.72,5.11,2021-02-12
E003417,Aditya,Marketing,46,32.0,88002.73,6.89,2021-02-12
E003418,Aditya,Sales,34,34.0,59609.63,5.11,2021-02-13
E003419,Diya,HR,59,18.0,68722.98,5.3,2021-02-13
E003420,Nisha,HR,21,16.0,102065.57,3.13,2021-02-13
E003421,Kabir,Operations,35,17.0,104649.18,9.93,2021-02-14
E003422,Aarav,Operations,39,27.0,119016.15,3.94,2021-02-14
E003423,Rohan,Sales,27,23.0,87180.84,1.9,2021-02-14
E003424,Diya,Operations,46,23.0,65989.34,9.57,2021-02-15
E003425,Diya,Finance,35,,112867.04,2.95,2021-02-15
E003426,Tara,Finance,36,32.0,33494.53,3.26,2021-02-15
E003427,Rohan,Finance,31,18.0,82139.44,2.12,2021-02-16
E003428,Aarav,Marketing,23,9.0,54764.98,9.34,2021-02-16
E003429,Aditya,Operations,21,5.0,68387.71,1.91,2021-02-16
E003430,Rohan,Marketing,33,1.0,56069.25,5.14,2021-02-17
E003431,Rohan,Engineering,57,31.0,118547.47,1.99,2021-02-17
E003432,Nisha,Operations,45,13.0,40327.27,2.95,2021-02-17
E003433,Kabir,Engineering,54,18.0,92512.21,7.79,2021-02-18
E003434,Nisha,Operations,44,13.0,72967.94,4.87,2021-02-18
E003435,Aditya,Marketing,29,30.0,77384.27,3.63,2021-02-18
E003436,Aarav,Sales,40,7.0,70944.64,5.45,2021-02-19
E003437,Aarav,Finance,45,31.0,56186.92,1.94,2021-02-19
E003438,Rohan,Operations,41,14.0,66081.14,3.76,2021-02-19
E003439,Diya,HR,30,13.0,79234.78,8.65,2021-02-20
E003440,Tara,Finance,47,18.0,45084.17,1.63,2021-02-20
E003441,Aarav,Finance,52,24.0,31386.12,1.22,2021-02-20
E003442,Kabir,Sales,29,32.0,101178.27,6.7,2021-02-21
E003443,Aditya,HR,45,13.0,34907.96,5.26,2021-02-21
E003444,Kabir,Engineering,58,25.0,10012.94,6.2,2021-02-21
E003445,Aditya,HR,60,,115927.13,8.62,2021-02-22
E003446,Kabir,Engineering,35,31.0,84635.69,3.82,2021-02-22
E003447,Aditya,Marketing,30,22.0,118810.76,7.53,2021-02-22
E003448,Diya,HR,43,15.0,40186.95,6.34,2021-02-23
,Rohan,Engineering,52,26.0,83739.43,4.8,2021-02-23
E003450,Rohan,Sales,58,16.0,74479.44,3.76,2021-02-23
E003451,Rohan,Marketing,23,19.0,78603.1,8.54,2021-02-24
E003452,Tara,Sales,44,31.0,69693.96,7.09,2021-02-24
E003453,Isha,HR,27,30.0,81430.11,1.84,2021-02-24
E003454,Kabir,Marketing,23,25.0,95213.63,5.2,2021-02-25
E003455,Diya,Marketing,47,26.0,104819.32,6.69,2021-02-25
E003456,Diya,HR,52,27.0,91194.82,8.8,2021-02-25
E003457,Kabir,Marketing,47,21.0,30510.9,8.93,2021-02-26
E003458,Isha,Operations,56,16.0,63094.37,1.16,2021-02-26
E003459,Nisha,Finance,58,28.0,14948.68,4.16,2021-02-26
E003460,Aarav,Marketing,51,29.0,76432.89,8.59,2021-02-27
E003461,Diya,Finance,39,18.0,103905.76,7.91,2021-02-27
E003462,Nisha,Engineering,25,10.0,40639.04,3.32,2021-02-27
E003463,Nisha,Operations,29,6.0,77566.37,5.34,2021-02-28
E003464,Diya,Operations,50,16.0,68238.08,4.98,2021-02-28
E003465,Diya,Finance,31,28.0,70852.25,8.39,2021-02-28
E003466,Aarav,Engineering,54,19.0,116456.03,7.51,2021-03-01
E003467,Diya,HR,56,12.0,66287.73,1.63,2021-03-01
E003468,Kabir,Finance,60,31.0,90355.25,2.87,2021-03-01
E003469,Aditya,Operations,40,30.0,64559.58,7.36,2021-03-02
E003470,Nisha,Marketing,61,10.0,68517.84,9.69,2021-03-02
E003471,Aditya,Engineering,35,3.0,67523.06,8.43,2021-03-02
E003472,Aarav,HR,53,28.0,79327.73,9.17,2021-03-03
E003473,Diya,Operations,41,13.0,53024.62,2.01,2021-03-03
E003474,Rohan,Marketing,34,33.0,21462.6,5.98,2021-03-03
E003475,Kabir,Marketing,60,12.0,68537.97,8.17,2021-03-04
E003476,Tara,Operations,31,18.0,53097.0,3.27,2021-03-04
E003477,Rohan,Marketing,47,13.0,63249.76,15.0,2021-03-04
E003478,Tara,HR,55,28.0,30669.88,2.09,2021-03-05
E003479,Rohan,Operations,57,7.0,79872.28,5.86,2021-03-05
E003480,Tara,Engineering,32,26.0,36096.52,7.48,2021-03-05
E003481,Aarav,Marketing,47,19.0,92388.51,9.06,2021-03-06
E003482,Tara,Operations,50,10.0,82881.75,1.81,2021-03-06
E003483,Aditya,Sales,42,29.0,59145.57,2.86,2021-03-06
E003484,Rohan,HR,22,8.0,95618.38,9.28,2021-03-07
E003485,Isha,Engineering,32,29.0,70831.97,5.06,2021-03-07
E003486,Isha,Engineering,36,26.0,76164.93,7.05,2021-03-07
E003487,Tara,Finance,44,22.0,93067.5,8.33,2021-03-08
E003488,Tara,Marketing,39,28.0,79133.87,7.62,2021-03-08
E003489,Isha,Finance,43,,40271.3,5.09,2021-03-08
E003490,Isha,Operations,51,5.0,70717.02,5.22,2021-03-09
E003491,Aditya,Finance,26,29.0,94663.1,2.06,2021-03-09
E003492,Rohan,Marketing,36,1.0,37606.94,2.89,2021-03-09
E003493,Isha,HR,35,11.0,81943.73,8.79,2021-03-10
E003494,Aditya,Finance,52,30.0,62930.51,9.23,2021-03-10
E003495,Isha,Engineering,25,15.0,136842.48,9.48,2021-03-10
E003496,Kabir,Finance,41,5.0,97781.58,1.6,2021-03-11
E003497,Rohan,Marketing,23,21.0,131163.69,9.67,2021-03-11
E003498,Diya,Engineering,29,30.0,68472.46,1.46,2021-03-11
E003499,Tara,Sales,51,15.0,85052.75,1.57,2021-03-12
E003500,Kabir,HR,36,13.0,92263.27,4.5,2021-03-12
E003501,Isha,Engineering,52,32.0,66202.69,5.83,2021-03-12
E003502,Rohan,Engineering,58,18.0,120782.64,8.8,2021-03-13
E003503,Nisha,Engineering,29,14.0,62623.31,6.86,2021-03-13
E003504,Diya,Engineering,36,29.0,69606.16,7.96,2021-03-13
E003505,Aarav,Finance,44,32.0,77139.02,4.15,2021-03-14
E003506,Tara,Marketing,50,30.0,64654.37,9.17,2021-03-14
E003507,Aditya,Finance,57,9.0,67864.01,9.46,2021-03-14
E003508,Kabir,Sales,31,25.0,138067.35,1.76,2021-03-15
E003509,Rohan,Finance,40,19.0,91505.61,4.17,2021-03-15
E003510,Nisha,Sales,30,23.0,114967.96,8.84,2021-03-15
E003511,Kabir,HR,30,,91180.56,5.73,2021-03-16
E003512,Isha,HR,45,15.0,49214.57,9.36,2021-03-16
E003513,Aarav,Operations,29,9.0,54286.95,9.57,2021-03-16
E003514,Rohan,Finance,53,8.0,44885.65,2.36,2021-03-17
E003515,Diya,Finance,55,11.0,76986.26,7.19,2021-03-17
E003516,Aditya,Engineering,51,16.0,74266.36,8.43,2021-03-17
E003517,Nisha,Marketing,54,29.0,29355.8,4.23,2021-03-18
E003518,Aditya,Engineering,22,8.0,62011.7,7.22,2021-03-18
E003519,Kabir,Finance,32,9.0,70061.2,6.12,2021-03-18
E003520,Diya,Operations,57,17.0,59760.13,1.16,2021-03-19
E003521,Tara,Finance,25,2.0,79971.09,9.61,2021-03-19
E003522,Aarav,Engineering,57,17.0,60070.23,4.22,2021-03-19
E003523,Isha,Sales,48,0.0,48689.85,9.81,2021-03-20
E003524,Kabir,Engineering,36,27.0,72063.92,8.19,2021-03-20
E003525,Rohan,Engineering,40,10.0,86279.27,2.39,2021-03-20
E003526,Kabir,Finance,36,3.0,74502.19,2.44,2021-03-21
E003527,Diya,Sales,39,32.0,119923.73,9.6,2021-03-21
E003528,Aarav,Engineering,22,24.0,64887.01,7.58,2021-03-21
E003529,Tara,Marketing,53,28.0,79478.33,7.43,2021-03-22
E003530,Kabir,Finance,61,5.0,79542.97,5.81,2021-03-22
E003531,Diya,Engineering,22,33.0,99620.91,6.36,2021-03-22
E003532,Tara,Sales,32,34.0,57039.56,5.81,2021-03-23
E003533,Nisha,Finance,44,33.0,86892.43,8.35,2021-03-23
E003534,Aditya,Sales,32,18.0,88848.76,2.59,2021-03-23
E003535,Rohan,Sales,39,33.0,30352.87,5.95,2021-03-24
E003536,Aditya,Marketing,25,25.0,71216.11,8.92,2021-03-24
E003537,Kabir,Marketing,43,18.0,85412.72,6.26,2021-03-24
E003538,Aditya,Engineering,52,19.0,71958.48,2.02,2021-03-25
E003539,Kabir,HR,29,13.0,125662.35,5.7,2021-03-25
,Aarav,Operations,55,30.0,86614.14,6.78,2021-03-25
E003541,Kabir,Operations,57,17.0,80155.32,1.18,2021-03-26
E003542,Isha,Marketing,43,26.0,87042.15,9.57,2021-03-26
E003543,Tara,Operations,42,21.0,89658.79,4.93,2021-03-26
E003544,Diya,HR,61,13.0,75308.8,1.03,2021-03-27
E003545,Isha,Finance,32,17.0,64488.6,6.0,2021-03-27
E003546,Aditya,Marketing,58,31.0,65315.6,4.71,2021-03-27
E003547,Rohan,Engineering,53,18.0,49810.88,9.53,2021-03-28
E003548,Diya,Marketing,58,11.0,67405.89,7.25,2021-03-28
E003549,Isha,Marketing,59,15.0,57745.15,1.88,2021-03-28
E003550,Tara,Engineering,35,28.0,57657.48,1.19,2021-03-29
E003551,Aarav,Finance,49,15.0,115138.54,5.79,2021-03-29
E003552,Tara,Finance,28,9.0,51606.87,9.64,2021-03-29
E003553,Aarav,Engineering,51,34.0,60828.32,9.21,2021-03-30
E003554,Kabir,Operations,51,9.0,41383.13,2.74,2021-03-30
E003555,Aditya,HR,61,16.0,120301.51,1.27,2021-03-30
E003556,Nisha,Engineering,35,1.0,64361.19,8.77,2021-03-31
E003557,Isha,Marketing,55,27.0,39174.28,2.58,2021-03-31
E003558,Aarav,Engineering,57,14.0,72903.65,6.46,2021-03-31
E003559,Nisha,Sales,41,13.0,25759.38,8.52,2021-04-01
E003560,Rohan,Engineering,56,7.0,96450.68,6.41,2021-04-01
E003561,Nisha,Sales,34,11.0,33447.17,6.05,2021-04-01
E003562,Aditya,Operations,37,30.0,87730.66,1.13,2021-04-02
E003563,Aditya,Operations,53,33.0,65354.31,1.62,2021-04-02
E003564,Aditya,HR,42,9.0,76087.17,9.4,2021-04-02
E003565,Isha,Operations,49,23.0,49983.02,2.13,2021-04-03
E003566,Nisha,Engineering,31,25.0,99223.41,3.18,2021-04-03
E003567,Diya,Finance,39,11.0,60940.79,1.64,2021-04-03
E003568,Tara,Sales,45,21.0,18683.08,4.68,2021-04-04
E003569,Tara,Engineering,37,3.0,-10102.08,7.9,2021-04-04
E003570,Aarav,HR,38,8.0,78441.23,3.38,2021-04-04
E003571,Aarav,Marketing,29,34.0,106952.37,4.21,2021-04-05
E003572,Aditya,Finance,59,33.0,65621.93,1.44,2021-04-05
E003573,Nisha,HR,57,15.0,65013.83,3.98,2021-04-05
E003574,Tara,Engineering,59,12.0,50972.63,6.17,2021-04-06
E003575,Aditya,Engineering,31,5.0,74641.1,2.6,2021-04-06
E003576,Aditya,Marketing,55,34.0,79468.44,1.89,2021-04-06
E003577,Isha,Engineering,59,9.0,74777.22,9.25,2021-04-07
E003578,Tara,HR,33,18.0,36208.43,9.33,2021-04-07
E003579,Tara,Marketing,57,10.0,27428.96,5.48,2021-04-07
E003580,Isha,Sales,61,18.0,29060.86,5.27,2021-04-08
E003581,Aditya,Operations,59,17.0,54288.37,5.25,2021-04-08
E003582,Aditya,Finance,48,28.0,47202.35,6.02,2021-04-08
E003583,Aditya,Engineering,24,7.0,75225.08,7.78,2021-04-09
E003584,Rohan,Finance,31,20.0,39279.29,8.76,2021-04-09
E003585,Rohan,Marketing,49,33.0,76207.44,2.56,2021-04-09
E003586,Kabir,Marketing,56,23.0,101100.35,9.54,2021-04-10
,Aarav,HR,54,23.0,102590.06,1.86,2021-04-10
E003588,Nisha,Operations,31,28.0,97167.1,5.96,2021-04-10
E003589,Aditya,Sales,21,18.0,60786.98,4.88,2021-04-11
E003590,Aarav,Finance,52,1.0,79462.52,1.39,2021-04-11
E003591,Aditya,Operations,21,5.0,71147.53,8.11,2021-04-11
E003592,Rohan,Operations,28,31.0,86751.87,8.88,2021-04-12
E003593,Rohan,HR,44,32.0,59697.57,2.23,2021-04-12
E003594,Diya,Engineering,29,11.0,63841.96,6.25,2021-04-12
E003595,Rohan,Marketing,31,1.0,69242.67,7.74,2021-04-13
E003596,Kabir,Marketing,23,19.0,88966.86,1.23,2021-04-13
E003597,Aarav,Operations,47,6.0,116084.97,3.29,2021-04-13
E003598,Nisha,HR,25,21.0,69542.19,3.05,2021-04-14
E003599,Aditya,Marketing,21,,73803.89,1.47,2021-04-14
E003600,Diya,HR,41,20.0,70422.3,9.58,2021-04-14
E003601,Aditya,HR,44,10.0,131756.75,4.29,2021-04-15
E003602,Kabir,Marketing,60,31.0,50093.95,5.78,2021-04-15
E003603,Diya,Sales,60,29.0,44734.79,2.56,2021-04-15
E003604,Aarav,Sales,23,31.0,83098.38,8.88,2021-04-16
E003605,Diya,Sales,22,6.0,90301.48,4.67,2021-04-16
E003606,Diya,Marketing,46,10.0,51721.72,5.8,2021-04-16
E003607,Nisha,Engineering,44,26.0,78392.61,4.34,2021-04-17
E003608,Tara,Marketing,21,13.0,70302.89,1.8,
E003609,Tara,HR,51,10.0,65028.61,9.35,2021-04-17
,Diya,Sales,43,10.0,56328.25,6.86,2021-04-18
E003611,Isha,Finance,58,10.0,73245.38,8.55,2021-04-18
E003612,Aditya,Operations,30,31.0,17593.75,8.54,2021-04-18
E003613,Aarav,Sales,38,0.0,55874.33,8.1,2021-04-19
E003614,Isha,HR,47,33.0,127217.01,6.24,2021-04-19
E003615,Rohan,Marketing,55,18.0,74166.88,7.96,2021-04-19
E003616,Tara,Engineering,48,16.0,46934.34,8.74,2021-04-20
E003617,Rohan,Sales,57,29.0,102500.05,9.16,2021-04-20
,Aditya,Finance,43,33.0,98861.23,6.31,2021-04-20
E003619,Tara,Sales,42,31.0,88254.16,8.2,2021-04-21
E003620,Diya,Marketing,25,31.0,82480.43,7.38,2021-04-21
E003621,Diya,Finance,58,17.0,55519.78,6.22,2021-04-21
E003622,Aarav,HR,30,2.0,81264.18,2.25,2021-04-22
E003623,Isha,Engineering,41,33.0,70558.1,6.95,2021-04-22
E003624,Tara,Marketing,30,3.0,81907.59,2.82,2021-04-22
E003625,Tara,Engineering,28,4.0,66049.94,9.11,2021-04-23
E003626,Rohan,Sales,43,30.0,49147.46,5.07,2021-04-23
E003627,Aditya,Engineering,30,32.0,99670.41,6.42,2021-04-23
E003628,Nisha,Operations,42,4.0,78601.3,9.84,2021-04-24
E003629,Aditya,Operations,37,14.0,51759.11,3.85,2021-04-24
E003630,Diya,Engineering,36,31.0,71309.14,6.28,2021-04-24
E003631,Kabir,Operations,55,32.0,67102.84,4.81,2021-04-25
,Diya,Marketing,56,27.0,59304.1,1.37,2021-04-25
E003633,Aarav,HR,46,31.0,37453.0,7.75,2021-04-25
E003634,Nisha,Finance,44,32.0,109507.11,5.96,2021-04-26
E003635,Aarav,Engineering,25,16.0,33403.7,3.58,2021-04-26
E003636,Kabir,Engineering,21,2.0,40741.65,8.39,2021-04-26
E003637,Isha,Sales,54,27.0,80386.91,4.8,2021-04-27
E003638,Rohan,HR,59,7.0,74976.12,3.82,2021-04-27
E003639,Nisha,Operations,49,22.0,72122.64,2.87,2021-04-27
E003640,Aarav,Sales,61,4.0,84985.71,5.93,2021-04-28
E003641,Kabir,Marketing,47,28.0,67885.44,1.18,2021-04-28
E003642,Isha,Operations,54,12.0,81259.64,8.07,2021-04-28
E003643,Diya,Operations,56,2.0,145946.52,9.94,2021-04-29
E003644,Tara,Marketing,61,31.0,57277.49,2.5,2021-04-29
E003645,Aditya,Finance,49,20.0,65302.16,5.01,2021-04-29
E003646,Rohan,Sales,54,8.0,58243.4,7.32,2021-04-30
E003647,Aarav,Finance,39,29.0,56127.47,6.0,2021-04-30
E003648,,Finance,44,12.0,41407.54,7.15,2021-04-30
E003649,Diya,Engineering,39,14.0,108696.46,8.41,2021-05-01
E003650,Aarav,Sales,24,30.0,78336.33,8.86,2021-05-01
E003651,Kabir,Finance,54,18.0,44263.59,8.2,2021-05-01
E003652,Tara,HR,51,32.0,95350.62,5.83,2021-05-02
E003653,Diya,HR,53,5.0,33314.89,1.65,2021-05-02
E003654,Rohan,Sales,26,34.0,92471.81,2.73,2021-05-02
E003655,Aarav,Sales,53,19.0,73201.85,9.7,
E003656,Diya,Marketing,29,28.0,72323.04,6.82,2021-05-03
E003657,Aditya,Operations,55,29.0,93371.22,5.91,2021-05-03
E003658,Aarav,Sales,30,8.0,73320.67,4.02,2021-05-04
E003659,Rohan,Finance,45,17.0,45878.96,5.85,2021-05-04
E003660,Tara,Operations,25,7.0,40674.8,5.28,2021-05-04
E003661,Nisha,Engineering,43,15.0,84933.14,8.45,
E003662,Diya,Operations,58,19.0,49576.48,7.94,2021-05-05
E003663,Tara,Finance,56,34.0,50890.92,7.46,2021-05-05
E003664,Diya,Marketing,51,5.0,71543.56,2.25,2021-05-06
E003665,Tara,Engineering,21,31.0,51835.1,8.39,2021-05-06
E003666,Tara,Sales,61,28.0,70289.88,5.97,2021-05-06
E003667,Kabir,Marketing,50,33.0,60908.91,8.32,2021-05-07
E003668,Aarav,Finance,41,9.0,39562.62,2.91,2021-05-07
E003669,Tara,HR,26,32.0,59144.61,6.07,2021-05-07
E003670,Aditya,Operations,21,0.0,60228.3,9.0,2021-05-08
E003671,Isha,HR,49,24.0,90913.21,5.25,2021-05-08
E003672,Diya,Marketing,30,24.0,128908.39,1.03,2021-05-08
E003673,Nisha,Operations,33,6.0,48581.18,9.39,2021-05-09
E003674,Diya,Finance,21,34.0,54727.74,6.97,2021-05-09
E003675,Diya,Finance,43,20.0,33969.58,4.25,2021-05-09
E003676,Aarav,HR,36,7.0,20410.63,1.72,2021-05-10
E003677,Kabir,HR,50,9.0,76978.33,4.74,2021-05-10
E003678,Isha,Operations,22,14.0,64361.72,5.22,2021-05-10
E003679,Aarav,Engineering,43,4.0,75823.99,5.16,2021-05-11
E003680,Rohan,HR,23,26.0,55963.56,5.52,2021-05-11
E003681,Rohan,Marketing,59,34.0,51598.39,9.51,2021-05-11
E003682,Diya,Finance,47,14.0,65707.89,9.39,2021-05-12
E003683,Kabir,Marketing,35,34.0,101104.17,1.05,2021-05-12
E003684,Diya,Finance,49,14.0,59898.66,1.32,2021-05-12
E003685,Rohan,Engineering,33,5.0,92495.18,4.76,2021-05-13
E003686,Isha,HR,24,0.0,67314.95,3.61,2021-05-13
E003687,Diya,Marketing,55,10.0,95806.76,3.5,2021-05-13
E003688,Aditya,Operations,59,5.0,99089.15,1.01,2021-05-14
E003689,Nisha,Marketing,31,17.0,93380.27,5.87,2021-05-14
E003690,Tara,Marketing,43,1.0,75283.0,9.46,2021-05-14
E003691,Nisha,HR,53,,128677.81,1.89,2021-05-15
E003692,Aarav,Operations,22,,59626.17,1.29,2021-05-15
E003693,Isha,Marketing,27,25.0,37988.58,6.52,2021-05-15
E003694,Rohan,Operations,52,28.0,102386.98,4.44,2021-05-16
E003695,Diya,Finance,33,7.0,35339.3,6.71,2021-05-16
E003696,,Sales,40,18.0,53055.94,1.55,2021-05-16
E003697,Tara,Sales,49,14.0,98278.64,2.14,2021-05-17
E003698,Nisha,Operations,30,4.0,38124.1,3.7,2021-05-17
E003699,Isha,Engineering,55,11.0,70814.09,7.46,2021-05-17
E003700,Aditya,HR,24,14.0,77727.69,9.18,2021-05-18
E003701,Rohan,Engineering,24,18.0,48106.6,9.8,2021-05-18
E003702,Aarav,Operations,40,14.0,37634.58,9.99,2021-05-18
E003703,Diya,Operations,51,29.0,69592.45,6.39,2021-05-19
E003704,Isha,Finance,53,22.0,73185.37,6.56,2021-05-19
E003705,Rohan,Finance,60,7.0,65324.0,9.13,2021-05-19
E003706,Aarav,Marketing,60,3.0,76858.14,2.49,2021-05-20
E003707,Isha,Finance,52,21.0,58114.69,1.38,2021-05-20
E003708,Tara,Finance,61,34.0,76933.64,5.96,2021-05-20
E003709,Isha,HR,61,19.0,61999.48,6.79,2021-05-21
E003710,Diya,HR,28,27.0,72214.84,3.62,2021-05-21
E003711,Isha,HR,41,15.0,-12786.72,6.38,2021-05-21
E003712,Nisha,Finance,59,15.0,18162.75,9.32,2021-05-22
E003713,Diya,Operations,26,29.0,56679.33,6.76,2021-05-22
E003714,Rohan,Engineering,47,11.0,141672.4,9.54,2021-05-22
E003715,Nisha,Engineering,41,9.0,61737.85,1.3,2021-05-23
E003716,Isha,Engineering,40,18.0,39933.93,1.26,2021-05-23
E003717,Tara,Operations,22,21.0,73956.2,9.98,2021-05-23
E003718,Rohan,Marketing,27,20.0,99452.57,4.24,
E003719,Aditya,HR,35,16.0,63168.07,7.95,2021-05-24
E003720,Isha,HR,27,32.0,73004.57,2.47,2021-05-24
E003721,Aditya,Finance,39,16.0,111255.0,5.77,2021-05-25
E003722,Kabir,Operations,35,31.0,52035.72,3.56,2021-05-25
E003723,Nisha,Marketing,29,19.0,100031.26,2.3,2021-05-25
E003724,Kabir,Marketing,44,31.0,13232.8,9.7,2021-05-26
E003725,Isha,Finance,28,15.0,56382.89,4.39,2021-05-26
E003726,Aditya,Sales,61,1.0,59675.75,5.02,2021-05-26
E003727,Aarav,Operations,37,8.0,108580.33,6.75,2021-05-27
E003728,Nisha,HR,35,33.0,78815.52,6.73,2021-05-27
E003729,Aarav,HR,60,3.0,74411.2,6.98,2021-05-27
E003730,Nisha,Operations,33,9.0,54053.51,1.43,2021-05-28
E003731,Rohan,Engineering,46,9.0,62726.59,7.4,2021-05-28
E003732,Aditya,Operations,61,3.0,69012.15,4.22,2021-05-28
E003733,Kabir,Marketing,52,25.0,43019.59,5.54,2021-05-29
E003734,Rohan,HR,24,23.0,64994.26,5.0,2021-05-29
E003735,Aditya,HR,41,,64521.03,6.64,2021-05-29
E003736,Tara,Operations,61,21.0,109762.75,7.51,2021-05-30
E003737,Rohan,Marketing,58,9.0,108119.39,2.97,2021-05-30
E003738,Kabir,Marketing,39,32.0,107622.74,5.78,2021-05-30
E003739,Aditya,Operations,56,4.0,26826.49,6.28,2021-05-31
E003740,Diya,HR,34,22.0,97787.62,8.99,2021-05-31
E003741,Diya,Engineering,22,1.0,68554.68,7.36,2021-05-31
E003742,Aarav,Marketing,38,1.0,106697.04,1.27,2021-06-01
E003743,Aarav,Sales,25,1.0,64705.36,7.65,
E003744,Aditya,Engineering,52,6.0,36299.27,5.22,2021-06-01
E003745,Tara,Marketing,22,22.0,39610.73,9.15,2021-06-02
E003746,Isha,Sales,40,27.0,25489.04,6.69,2021-06-02
E003747,Rohan,HR,29,,63368.91,2.88,2021-06-02
E003748,Kabir,Finance,61,22.0,54593.57,8.58,2021-06-03
E003749,Tara,Marketing,61,11.0,62007.82,1.51,2021-06-03
E003750,Diya,Finance,54,3.0,68869.58,5.65,2021-06-03
E003751,Diya,Marketing,34,8.0,89590.26,2.96,2021-06-04
E003752,Kabir,Finance,37,29.0,34451.82,7.53,2021-06-04
E003753,Aarav,Finance,25,1.0,58417.19,8.56,2021-06-04
E003754,Isha,HR,57,27.0,89207.05,1.95,
E003755,Rohan,Sales,51,12.0,54429.8,1.19,2021-06-05
E003756,Rohan,Engineering,36,32.0,80208.61,2.87,2021-06-05
E003757,Nisha,Sales,28,14.0,109032.37,9.84,2021-06-06
E003758,Nisha,Marketing,38,17.0,115774.31,5.81,2021-06-06
E003759,Nisha,Marketing,21,14.0,55618.52,3.08,2021-06-06
E003760,Isha,Sales,39,16.0,82908.22,8.89,2021-06-07
E003761,Rohan,Fin,27,20.0,51360.66,2.97,2021-06-07
E003762,Nisha,Operations,34,11.0,62490.88,9.77,2021-06-07
E003763,Nisha,Sales,41,11.0,43703.47,2.8,2021-06-08
E003764,Isha,Marketing,27,24.0,96273.02,9.33,2021-06-08
E003765,Isha,Sales,53,10.0,69748.16,6.79,2021-06-08
E003766,Aditya,HR,61,31.0,72790.77,3.36,2021-06-09
E003767,Aditya,Operations,33,19.0,49560.21,7.88,2021-06-09
E003768,Kabir,Operations,49,4.0,44767.34,5.35,2021-06-09
E003769,Isha,Finance,61,24.0,98485.35,2.52,2021-06-10
E003770,Isha,Marketing,55,5.0,93650.56,2.82,2021-06-10
E003771,Rohan,HR,53,21.0,59542.88,6.37,2021-06-10
E003772,Rohan,Operations,44,14.0,109874.9,9.95,2021-06-11
E003773,Kabir,HR,53,17.0,74387.1,6.8,2021-06-11
E003774,Isha,HR,45,18.0,38870.61,3.86,2021-06-11
E003775,Aditya,Engineering,47,13.0,39547.72,4.57,2021-06-12
E003776,Tara,Sales,56,9.0,67642.11,4.78,2021-06-12
E003777,Nisha,Operations,24,22.0,23294.12,5.58,2021-06-12
E003778,Rohan,Marketing,56,3.0,65360.67,8.4,2021-06-13
E003779,Tara,Marketing,40,17.0,91861.57,5.04,2021-06-13
E003780,Aarav,Finance,35,10.0,39595.93,1.69,2021-06-13
E003781,Diya,Operations,41,29.0,22949.8,5.59,2021-06-14
E003782,Aarav,Operations,48,11.0,58346.28,3.41,2021-06-14
E003783,Kabir,Marketing,23,33.0,109267.38,6.84,2021-06-14
E003784,Nisha,HR,22,7.0,79159.31,5.73,2021-06-15
E003785,Nisha,Engineering,58,0.0,62190.65,8.25,2021-06-15
E003786,Aarav,Finance,30,1.0,77347.28,8.26,2021-06-15
E003787,Diya,Sales,33,13.0,101458.0,7.63,2021-06-16
E003788,Aarav,Marketing,23,19.0,94107.91,1.77,2021-06-16
E003789,Kabir,Sales,41,21.0,54791.04,1.64,2021-06-16
E003790,Nisha,Marketing,32,28.0,30875.63,2.07,2021-06-17
E003791,,HR,61,0.0,110744.56,5.78,2021-06-17
E003792,Nisha,Sales,45,1.0,123111.28,7.41,2021-06-17
E003793,Tara,HR,40,10.0,43733.29,9.64,
E003794,Nisha,Engineering,22,8.0,61076.86,1.49,2021-06-18
E003795,Tara,Sales,52,26.0,79130.41,1.12,2021-06-18
E003796,Tara,Engineering,59,17.0,78304.09,7.61,2021-06-19
E003797,Kabir,Operations,32,8.0,55597.95,6.46,2021-06-19
E003798,Isha,Engineering,22,32.0,76589.58,9.99,2021-06-19
E003799,Rohan,Sales,61,17.0,37244.25,2.33,2021-06-20
E003800,Tara,Finance,40,33.0,74401.57,2.95,2021-06-20
,Isha,Marketing,41,11.0,76084.23,4.86,2021-06-20
E003802,Kabir,Marketing,26,1.0,93937.79,7.7,2021-06-21
E003803,Aditya,Finance,22,33.0,44558.02,8.12,2021-06-21
E003804,Tara,Sales,44,12.0,49370.64,3.38,2021-06-21
E003805,Nisha,HR,36,28.0,103908.15,3.9,2021-06-22
E003806,Tara,Engineering,28,2.0,87167.69,9.25,2021-06-22
E003807,Rohan,HR,58,4.0,137618.27,9.54,2021-06-22
E003808,Diya,Sales,38,17.0,136670.14,3.95,2021-06-23
E003809,Kabir,Sales,36,17.0,22138.44,7.89,2021-06-23
E003810,Nisha,Engineering,57,1.0,92206.21,3.43,2021-06-23
E003811,Aarav,Sales,44,26.0,61079.42,4.38,2021-06-24
E003812,Tara,Finance,21,20.0,78281.51,8.07,2021-06-24
E003813,Isha,Sales,28,22.0,95401.55,9.64,2021-06-24
E003814,Aarav,Sales,36,29.0,19715.66,5.08,2021-06-25
E003815,Isha,Marketing,22,5.0,72390.86,4.61,2021-06-25
E003816,Aarav,Sales,24,31.0,106065.21,2.22,2021-06-25
E003817,Nisha,Marketing,59,29.0,84279.53,4.15,2021-06-26
,Diya,Operations,43,3.0,110061.56,8.4,2021-06-26
E003819,Isha,HR,39,24.0,39561.97,6.2,2021-06-26
E003820,Diya,Marketing,39,33.0,74146.58,7.97,2021-06-27
E003821,Aarav,Sales,42,3.0,42399.56,1.66,2021-06-27
E003822,Isha,Marketing,27,28.0,46909.86,5.01,2021-06-27
E003823,Rohan,Finance,57,26.0,79645.83,3.06,2021-06-28
E003824,Tara,Operations,32,2.0,67380.31,2.67,2021-06-28
E003825,Kabir,Operations,60,30.0,65920.49,5.95,2021-06-28
E003826,Tara,Operations,56,3.0,101808.31,6.57,2021-06-29
E003827,Kabir,HR,52,18.0,71400.14,5.67,2021-06-29
E003828,Aarav,Engineering,40,28.0,98771.98,5.79,2021-06-29
E003829,Aditya,Operations,28,8.0,60867.81,5.93,2021-06-30
E003830,Aditya,Marketing,31,15.0,38649.9,7.52,2021-06-30
E003831,Aarav,Sales,30,13.0,75332.89,3.65,2021-06-30
E003832,Diya,Sales,34,16.0,87630.0,8.83,2021-07-01
E003833,Aditya,Sales,27,5.0,91111.02,6.35,2021-07-01
E003834,Rohan,Marketing,46,21.0,73305.4,3.05,2021-07-01
E003835,Aarav,Marketing,33,3.0,79172.83,9.55,2021-07-02
E003836,Kabir,Finance,39,26.0,24313.24,8.39,2021-07-02
E003837,Nisha,HR,58,19.0,82171.44,6.46,2021-07-02
E003838,Rohan,Engineering,21,16.0,99620.11,5.56,2021-07-03
E003839,Aditya,Sales,59,6.0,104472.79,9.06,2021-07-03
E003840,Rohan,Operations,36,34.0,67790.96,5.98,2021-07-03
E003841,Isha,Operations,39,31.0,40772.71,5.11,2021-07-04
E003842,Rohan,Engineering,24,30.0,70085.17,9.75,2021-07-04
E003843,Rohan,Finance,56,22.0,23669.5,4.8,2021-07-04
E003844,Isha,Engineering,55,3.0,113994.74,8.0,2021-07-05
E003845,Kabir,HR,37,18.0,102912.87,1.46,2021-07-05
E003846,Aarav,Finance,52,15.0,77158.09,6.74,2021-07-05
E003847,Isha,Engineering,59,19.0,47547.05,9.69,2021-07-06
E003848,Kabir,HR,47,1.0,54946.97,9.92,2021-07-06
E003849,Aditya,HR,59,13.0,95814.3,6.33,2021-07-06
E003850,Isha,Operations,52,10.0,69576.71,7.96,2021-07-07
,Aarav,Engineering,28,28.0,129729.86,2.5,2021-07-07
E003852,Kabir,Operations,42,4.0,77010.08,4.86,2021-07-07
E003853,Diya,HR,30,33.0,44196.73,8.57,2021-07-08
E003854,Diya,HR,44,4.0,76378.83,2.13,2021-07-08
E003855,Tara,Operations,55,5.0,81484.7,8.3,2021-07-08
E003856,Nisha,Marketing,49,15.0,59035.75,7.85,2021-07-09
E003857,Rohan,Operations,24,23.0,98937.68,2.8,2021-07-09
E003858,Isha,Operations,53,7.0,99347.65,8.45,2021-07-09
E003859,Tara,HR,46,17.0,76547.68,8.95,2021-07-10
E003860,Aarav,Marketing,44,7.0,65038.41,8.64,2021-07-10
E003861,Nisha,Marketing,51,30.0,86222.46,8.49,2021-07-10
E003862,Nisha,Engineering,51,5.0,64529.59,2.14,2021-07-11
E003863,Aarav,Operations,47,18.0,79399.04,4.67,2021-07-11
E003864,Nisha,Operations,26,28.0,91984.51,2.44,2021-07-11
E003865,Rohan,Operations,39,2.0,50787.91,5.75,2021-07-12
E003866,Aditya,Marketing,31,2.0,98114.56,4.05,2021-07-12
E003867,Aditya,Finance,54,18.0,69155.53,1.67,2021-07-12
E003868,Tara,HR,32,9.0,59700.99,3.12,2021-07-13
E003869,Kabir,HR,47,12.0,131570.73,9.13,2021-07-13
E003870,Nisha,Engineering,29,32.0,87153.21,9.97,2021-07-13
E003871,Tara,Operations,37,14.0,10552.25,4.61,2021-07-14
E003872,Isha,HR,43,12.0,77021.13,1.84,2021-07-14
E003873,,HR,26,23.0,62018.55,3.87,2021-07-14
E003874,Aditya,Sales,23,3.0,59080.83,6.49,2021-07-15
E003875,Isha,Sales,31,2.0,76923.48,2.46,2021-07-15
E003876,Aditya,Sales,39,34.0,37703.14,7.9,2021-07-15
E003877,Nisha,Sales,31,6.0,68858.98,5.2,2021-07-16
E003878,Tara,HR,26,6.0,34124.86,2.75,2021-07-16
E003879,Aditya,Operations,61,8.0,63554.17,6.73,2021-07-16
E003880,Aditya,Sales,36,13.0,31969.33,2.5,2021-07-17
E003881,Tara,Finance,41,30.0,87197.55,7.25,2021-07-17
E003882,Kabir,Finance,39,0.0,26029.06,7.57,2021-07-17
E003883,Isha,Operations,24,5.0,90217.88,7.82,2021-07-18
E003884,Kabir,Marketing,41,1.0,61666.16,6.66,2021-07-18
E003885,Tara,Finance,46,12.0,55849.21,3.51,2021-07-18
E003886,Kabir,Sales,27,2.0,67893.33,4.97,2021-07-19
E003887,Rohan,Sales,49,19.0,60413.14,7.41,2021-07-19
E003888,Isha,HR,61,28.0,81872.81,6.77,2021-07-19
E003889,Diya,Operations,22,7.0,76702.25,6.79,2021-07-20
E003890,Nisha,HR,43,21.0,91884.29,1.83,2021-07-20
E003891,Nisha,HR,56,29.0,83633.41,2.02,2021-07-20
E003892,Aditya,Engineering,35,20.0,73065.91,8.42,2021-07-21
E003893,Tara,Operations,37,3.0,58532.53,4.19,2021-07-21
E003894,Diya,Marketing,60,31.0,112938.76,2.44,2021-07-21
E003895,Kabir,Operations,37,17.0,111979.97,8.39,
E003896,Kabir,Marketing,38,24.0,59734.25,2.44,2021-07-22
E003897,Nisha,Finance,40,27.0,70649.84,1.73,2021-07-22
E003898,Nisha,Sales,61,25.0,23513.59,2.61,2021-07-23
E003899,Nisha,Operations,51,10.0,80757.8,8.92,2021-07-23
E003900,Aditya,Finance,60,22.0,72041.09,9.9,2021-07-23
E003901,Rohan,Engineering,59,12.0,74951.38,1.31,2021-07-24
E003902,Kabir,Marketing,29,10.0,45974.56,9.38,2021-07-24
E003903,Nisha,Operations,61,3.0,71408.71,4.44,2021-07-24
E003904,Rohan,Marketing,44,16.0,117141.96,2.84,2021-07-25
E003905,Aarav,Sales,39,31.0,76966.33,4.44,2021-07-25
E003906,Aarav,Finance,46,28.0,54304.15,1.23,2021-07-25
E003907,Aarav,HR,36,31.0,65033.63,5.13,2021-07-26
E003908,Rohan,HR,51,3.0,59395.54,4.28,2021-07-26
E003909,Kabir,HR,57,1.0,76967.35,6.9,2021-07-26
E003910,Rohan,Engineering,39,7.0,61909.03,9.34,2021-07-27
E003911,Aditya,HR,33,7.0,107172.06,5.43,2021-07-27
E003912,Kabir,Sales,27,7.0,80971.47,5.9,2021-07-27
E003913,Aarav,Operations,39,15.0,61834.87,5.13,2021-07-28
E003914,Nisha,Finance,44,9.0,49953.54,6.46,
E003915,Isha,Marketing,50,19.0,38119.82,1.52,2021-07-28
E003916,Tara,Sales,31,13.0,83555.11,8.62,2021-07-29
E003917,Aditya,Engineering,47,24.0,69470.27,6.16,2021-07-29
E003918,Rohan,Operations,23,1.0,107018.6,6.37,2021-07-29
E003919,Nisha,Engineering,38,3.0,35977.09,8.42,2021-07-30
E003920,Nisha,Engineering,41,31.0,106065.69,4.54,2021-07-30
E003921,Isha,Sales,37,12.0,91083.86,1.14,2021-07-30
E003922,Diya,Operations,45,20.0,52232.37,7.18,2021-07-31
E003923,Kabir,Operations,25,13.0,85375.53,6.3,2021-07-31
E003924,Aarav,Sales,60,20.0,86320.37,8.25,2021-07-31
E003925,Nisha,Engineering,32,22.0,96339.01,8.29,2021-08-01
E003926,Nisha,Finance,45,11.0,133103.7,6.16,2021-08-01
E003927,Rohan,Finance,51,10.0,93587.86,5.99,2021-08-01
,Kabir,HR,38,29.0,84629.8,4.71,2021-08-02
E003929,Isha,Operations,23,2.0,79845.55,1.85,2021-08-02
E003930,Tara,Operations,29,4.0,98086.08,2.86,2021-08-02
E003931,Aarav,Finance,47,12.0,65768.29,5.96,2021-08-03
E003932,Kabir,HR,22,10.0,87432.79,8.27,2021-08-03
E003933,Isha,Finance,40,24.0,75178.12,4.59,2021-08-03
E003934,Aditya,Operations,36,4.0,68366.92,7.96,2021-08-04
E003935,Tara,Sales,41,7.0,61695.68,4.81,2021-08-04
E003936,Tara,Operations,31,9.0,55029.74,9.14,2021-08-04
E003937,Isha,Operations,33,1.0,77164.18,9.93,2021-08-05
E003938,Isha,HR,58,20.0,75151.34,5.98,2021-08-05
E003939,Aditya,Engineering,39,11.0,67195.52,4.88,2021-08-05
E003940,Rohan,HR,48,27.0,73151.03,8.64,2021-08-06
E003941,Isha,Finance,56,7.0,82366.57,8.93,2021-08-06
E003942,Aarav,Sales,22,5.0,47658.09,4.43,2021-08-06
E003943,Tara,Engineering,47,20.0,86234.82,6.97,2021-08-07
E003944,Tara,Sales,27,28.0,70666.37,8.77,2021-08-07
E003945,Tara,Engineering,44,15.0,107109.88,6.18,2021-08-07
E003946,Tara,Marketing,47,19.0,53956.08,6.22,2021-08-08
E003947,Rohan,Marketing,46,25.0,79661.57,5.76,2021-08-08
E003948,Tara,Finance,52,27.0,84729.79,7.66,2021-08-08
E003949,Nisha,Finance,55,19.0,66606.3,2.34,2021-08-09
E003950,Rohan,Finance,48,2.0,86024.25,3.25,2021-08-09
E003951,Aditya,Finance,27,30.0,37258.2,7.72,2021-08-09
E003952,Isha,Operations,39,27.0,89129.98,9.15,2021-08-10
E003953,Isha,Marketing,41,13.0,69338.98,5.8,2021-08-10
,Diya,Operations,61,7.0,95129.27,4.31,2021-08-10
E003955,Aarav,Engineering,35,15.0,73027.41,5.25,2021-08-11
E003956,Kabir,HR,24,3.0,63466.83,8.67,2021-08-11
E003957,Kabir,Finance,46,26.0,61417.21,6.78,2021-08-11
,Diya,Finance,22,9.0,92531.42,4.27,2021-08-12
E003959,Aarav,Marketing,33,4.0,87085.12,5.39,2021-08-12
E003960,Aarav,HR,55,28.0,47657.06,4.13,2021-08-12
E003961,Rohan,Marketing,54,5.0,62375.08,5.99,2021-08-13
E003962,Aarav,Engineering,52,18.0,70195.74,6.98,2021-08-13
E003963,Nisha,Marketing,30,,97732.76,9.96,2021-08-13
E003964,Diya,Sales,32,14.0,55544.59,5.59,2021-08-14
E003965,Kabir,Engineering,38,29.0,88581.0,3.47,2021-08-14
E003966,Isha,HR,28,15.0,72095.15,1.03,2021-08-14
E003967,Rohan,Operations,52,16.0,106569.56,9.53,2021-08-15
E003968,Rohan,Operations,56,18.0,20531.29,9.09,2021-08-15
E003969,Aarav,Finance,61,14.0,58446.42,3.18,2021-08-15
E003970,Kabir,Operations,50,28.0,76659.31,2.59,2021-08-16
E003971,Isha,Engineering,61,33.0,76539.75,2.8,2021-08-16
E003972,Isha,HR,48,19.0,54118.32,7.28,2021-08-16
E003973,Aditya,Engineering,25,22.0,40574.14,1.63,2021-08-17
,Kabir,Engineering,38,11.0,65896.66,4.69,2021-08-17
E003975,Aarav,Operations,42,1.0,77810.85,2.47,2021-08-17
E003976,Isha,Sales,26,26.0,17638.52,7.77,2021-08-18
E003977,Kabir,Operations,53,28.0,52048.06,6.49,2021-08-18
E003978,Aarav,Marketing,57,32.0,47340.46,8.31,2021-08-18
E003979,Aarav,Finance,51,3.0,101336.02,7.07,2021-08-19
E003980,Rohan,Operations,45,0.0,78382.92,3.79,2021-08-19
E003981,,Sales,33,33.0,66123.12,9.64,2021-08-19
E003982,Kabir,Sales,26,21.0,93573.65,5.98,2021-08-20
E003983,Rohan,Finance,26,0.0,48106.39,1.74,2021-08-20
E003984,Isha,Sales,53,7.0,5957.12,6.58,2021-08-20
E003985,,HR,59,20.0,78647.76,9.49,
E003986,Diya,HR,29,34.0,94332.69,9.71,2021-08-21
E003987,Aarav,Operations,43,16.0,41600.14,8.85,2021-08-21
E003988,Rohan,Sales,57,7.0,19304.6,3.99,2021-08-22
E003989,Aditya,Marketing,54,8.0,113822.34,9.73,2021-08-22
E003990,Diya,Marketing,23,21.0,62062.31,9.26,2021-08-22
E003991,Nisha,HR,45,2.0,103368.81,2.17,2021-08-23
E003992,,Engineering,29,12.0,64055.35,1.72,2021-08-23
E003993,Kabir,Operations,53,16.0,75611.09,3.19,2021-08-23
E003994,Isha,Finance,60,15.0,67021.6,2.19,2021-08-24
E003995,Tara,Sales,34,28.0,32254.6,8.53,2021-08-24
E003996,Tara,Marketing,31,32.0,30413.58,3.51,2021-08-24
E003997,Aarav,Marketing,22,15.0,20953.72,2.5,2021-08-25
E003998,Diya,Engineering,29,3.0,131018.16,8.42,2021-08-25
E003999,Kabir,Marketing,23,11.0,72675.39,9.17,2021-08-25
E004000,Isha,Sales,59,1.0,76665.37,7.2,2021-08-26
E004001,Nisha,Operations,41,22.0,37899.43,1.56,2021-08-26
E004002,Isha,Engineering,38,24.0,31538.43,8.25,2021-08-26
E004003,Aarav,Operations,59,4.0,42834.42,7.9,2021-08-27
E004004,Isha,Operations,32,6.0,74346.17,3.31,2021-08-27
E004005,Rohan,Engineering,56,15.0,38974.95,8.43,2021-08-27
E004006,Rohan,Operations,31,7.0,73352.62,6.1,2021-08-28
E004007,Aditya,Marketing,30,19.0,71418.33,9.51,2021-08-28
E004008,Nisha,Marketing,48,18.0,53381.01,2.88,2021-08-28
E004009,Aditya,Sales,57,12.0,85476.82,9.43,2021-08-29
E004010,Tara,Marketing,49,32.0,87150.22,8.57,2021-08-29
E004011,Rohan,Engineering,34,2.0,60906.6,4.84,2021-08-29
E004012,Aditya,Finance,51,30.0,80920.18,8.02,2021-08-30
E004013,Kabir,Sales,28,20.0,78755.41,6.18,2021-08-30
E004014,Nisha,Marketing,25,26.0,31155.91,4.55,2021-08-30
E004015,Kabir,Finance,34,6.0,86642.49,4.89,2021-08-31
E004016,Kabir,Finance,61,11.0,86017.51,2.95,2021-08-31
E004017,Aditya,Finance,44,27.0,43717.68,4.25,2021-08-31
E004018,Rohan,Sales,24,25.0,75532.26,8.83,2021-09-01
E004019,Aarav,Engineering,61,27.0,61420.76,4.0,2021-09-01
E004020,Kabir,Sales,42,34.0,29278.66,8.43,2021-09-01
E004021,Rohan,Finance,53,1.0,61278.96,5.56,2021-09-02
E004022,Tara,Sales,50,24.0,55226.36,6.71,2021-09-02
E004023,Kabir,Sales,33,1.0,73044.98,8.04,2021-09-02
E004024,Tara,HR,22,14.0,39956.12,9.85,2021-09-03
E004025,Tara,Finance,56,11.0,85505.16,2.26,2021-09-03
E004026,Isha,Engineering,39,28.0,76977.74,7.04,2021-09-03
E004027,Diya,Engineering,56,25.0,75056.81,3.56,2021-09-04
E004028,Nisha,Operations,49,21.0,117668.28,1.13,2021-09-04
E004029,Tara,Marketing,38,32.0,67593.97,1.28,2021-09-04
E004030,Kabir,Operations,30,14.0,51610.49,8.09,2021-09-05
E004031,Tara,Operations,40,20.0,38223.98,2.33,2021-09-05
E004032,Aarav,Engineering,53,11.0,91565.41,9.24,2021-09-05
E004033,Tara,Engineering,54,26.0,51156.19,6.78,2021-09-06
E004034,Nisha,Finance,46,20.0,60181.86,5.92,2021-09-06
E004035,Diya,Engineering,31,33.0,58241.79,2.36,2021-09-06
E004036,Aarav,Sales,35,26.0,52698.1,9.41,2021-09-07
,Aditya,Finance,42,13.0,74691.99,7.56,2021-09-07
E004038,Diya,Finance,27,18.0,78947.96,1.21,2021-09-07
E004039,Tara,Sales,23,19.0,58822.92,3.16,2021-09-08
E004040,Isha,Marketing,56,30.0,119440.75,1.78,2021-09-08
E004041,Aarav,Engineering,53,17.0,83368.4,2.1,2021-09-08
E004042,Aditya,Marketing,40,14.0,65647.41,2.98,2021-09-09
E004043,Tara,Engineering,56,8.0,64855.45,9.76,2021-09-09
E004044,Rohan,HR,61,2.0,59449.36,9.69,2021-09-09
E004045,,Sales,32,14.0,48400.9,8.65,2021-09-10
E004046,,Operations,46,21.0,99523.84,9.35,2021-09-10
E004047,Tara,Operations,36,15.0,95279.08,7.16,2021-09-10
E004048,Diya,Sales,27,0.0,90987.29,7.02,2021-09-11
E004049,Kabir,Finance,32,25.0,57627.32,6.34,2021-09-11
E004050,Tara,HR,25,31.0,62022.45,9.12,2021-09-11
E004051,Aarav,Marketing,21,31.0,31773.19,2.62,2021-09-12
E004052,Aarav,Finance,27,32.0,38046.6,2.19,2021-09-12
E004053,Rohan,Operations,28,28.0,120775.1,2.64,2021-09-12
E004054,Diya,HR,44,13.0,74253.44,2.29,2021-09-13
E004055,Aditya,Operations,26,10.0,76592.39,7.06,2021-09-13
E004056,Isha,Engineering,34,34.0,63982.75,1.29,2021-09-13
E004057,Isha,Operations,59,4.0,76580.15,9.95,2021-09-14
E004058,Tara,Operations,22,4.0,45655.46,2.61,2021-09-14
E004059,Isha,Finance,42,2.0,84416.58,9.15,2021-09-14
E004060,Aarav,Operations,23,7.0,67193.92,4.7,2021-09-15
E004061,Diya,Finance,47,13.0,98524.76,1.52,2021-09-15
E004062,Isha,Marketing,30,4.0,61600.55,6.17,2021-09-15
E004063,Rohan,Engineering,31,15.0,70154.99,5.46,2021-09-16
E004064,Nisha,HR,35,13.0,97774.52,2.78,2021-09-16
,Diya,Finance,22,12.0,51105.97,7.67,2021-09-16
E004066,Aarav,Sales,31,13.0,70882.01,4.97,2021-09-17
E004067,Nisha,HR,60,33.0,79173.94,2.88,2021-09-17
E004068,Kabir,Engineering,29,18.0,64935.35,9.44,2021-09-17
E004069,Tara,Engineering,36,18.0,99886.15,8.04,2021-09-18
E004070,Aarav,Finance,50,11.0,47235.88,7.61,2021-09-18
E004071,Isha,Operations,23,30.0,47925.78,9.46,2021-09-18
E004072,Isha,Engineering,37,2.0,112854.79,4.57,2021-09-19
E004073,Rohan,Operations,29,2.0,70821.33,9.27,2021-09-19
E004074,Rohan,Engineering,40,10.0,79525.82,2.48,2021-09-19
E004075,Tara,HR,37,23.0,36777.69,9.88,2021-09-20
E004076,Aditya,HR,25,34.0,78917.68,2.74,2021-09-20
E004077,Rohan,Finance,59,8.0,70524.4,7.91,
E004078,Kabir,HR,55,16.0,88228.25,4.9,2021-09-21
E004079,Diya,HR,26,6.0,46861.59,9.03,2021-09-21
E004080,Kabir,Finance,35,1.0,102543.07,5.93,2021-09-21
E004081,Aditya,Marketing,46,31.0,98979.84,6.49,2021-09-22
E004082,Rohan,Marketing,56,13.0,72468.88,8.96,2021-09-22
E004083,Aarav,Operations,61,28.0,74946.93,1.87,2021-09-22
E004084,Diya,Finance,58,4.0,24215.58,1.48,2021-09-23
E004085,Aarav,Marketing,61,21.0,95082.41,1.17,2021-09-23
E004086,Nisha,Finance,39,16.0,73252.0,9.85,2021-09-23
E004087,Kabir,Sales,28,18.0,83951.94,9.9,2021-09-24
E004088,Rohan,Finance,55,30.0,90538.07,1.11,2021-09-24
E004089,Kabir,Sales,48,22.0,83642.96,8.77,2021-09-24
E004090,Aarav,Operations,34,20.0,91171.06,6.78,2021-09-25
E004091,Kabir,Engineering,27,20.0,81493.65,8.45,2021-09-25
E004092,Diya,Finance,55,18.0,48590.01,2.88,2021-09-25
E004093,Rohan,HR,31,14.0,68911.83,9.92,2021-09-26
E004094,Isha,Finance,43,16.0,58748.39,2.85,2021-09-26
E004095,Nisha,Operations,22,29.0,90140.64,9.71,2021-09-26
E004096,Aditya,Finance,58,34.0,88040.26,4.88,2021-09-27
E004097,Diya,Engineering,48,16.0,69016.07,9.38,2021-09-27
E004098,Isha,Marketing,31,32.0,109680.35,9.31,2021-09-27
E004099,Nisha,Finance,26,12.0,97052.32,3.95,2021-09-28
E004100,Tara,Operations,56,32.0,79279.1,4.94,2021-09-28
E004101,Diya,Sales,37,12.0,70300.7,5.53,2021-09-28
E004102,Aarav,HR,44,5.0,41989.8,8.92,2021-09-29
E004103,Diya,Operations,45,11.0,66481.8,1.57,2021-09-29
E004104,Diya,Sales,59,32.0,42161.32,3.51,2021-09-29
E004105,Aarav,Operations,26,4.0,38466.51,4.32,2021-09-30
E004106,Aarav,Marketing,41,27.0,56189.55,7.9,2021-09-30
E004107,Isha,Operations,44,33.0,33252.36,6.36,2021-09-30
E004108,Rohan,Operations,24,10.0,69907.66,8.58,2021-10-01
E004109,Nisha,Marketing,23,4.0,48207.68,3.83,2021-10-01
E004110,Diya,Sales,50,14.0,50424.47,6.73,2021-10-01
E004111,Rohan,Engineering,39,9.0,103881.21,4.02,2021-10-02
E004112,Aditya,Engineering,51,13.0,103508.03,5.16,2021-10-02
E004113,Aarav,Marketing,60,5.0,48283.77,8.9,2021-10-02
E004114,Rohan,Marketing,32,23.0,70564.58,3.58,2021-10-03
E004115,Kabir,Engineering,44,28.0,50836.36,7.1,2021-10-03
E004116,Aarav,Sales,21,33.0,117449.86,6.1,2021-10-03
E004117,Rohan,Marketing,44,4.0,82763.46,4.03,2021-10-04
E004118,Rohan,Finance,39,27.0,90322.7,9.25,2021-10-04
E004119,Diya,Finance,56,11.0,78897.97,2.2,2021-10-04
E004120,Tara,Marketing,46,6.0,70961.83,1.92,2021-10-05
E004121,Aditya,Sales,33,31.0,105467.01,7.14,2021-10-05
E004122,Nisha,Sales,57,17.0,30551.89,5.74,2021-10-05
E004123,Nisha,Finance,25,7.0,48158.79,2.02,2021-10-06
E004124,Aditya,Marketing,24,4.0,45457.06,8.66,2021-10-06
E004125,Aditya,Operations,22,60.0,110700.87,5.82,2021-10-06
E004126,Aarav,Engineering,21,18.0,109400.57,6.39,2021-10-07
E004127,Isha,Sales,37,1.0,97744.09,6.6,2021-10-07
E004128,Aditya,Finance,28,26.0,51173.57,4.41,2021-10-07
E004129,Isha,HR,47,4.0,100543.71,6.2,2021-10-08
E004130,Nisha,Marketing,34,32.0,51206.67,7.95,2021-10-08
E004131,Kabir,Finance,55,21.0,81445.27,1.17,2021-10-08
E004132,Diya,Finance,39,14.0,76271.25,8.63,2021-10-09
E004133,Isha,Sales,49,28.0,65616.45,9.37,2021-10-09
E004134,Kabir,Engineering,27,29.0,83888.38,5.91,2021-10-09
E004135,Kabir,HR,51,25.0,83275.34,8.26,2021-10-10
E004136,Kabir,Finance,37,11.0,73334.27,1.61,2021-10-10
E004137,Aarav,Marketing,36,33.0,77990.64,2.24,2021-10-10
E004138,Isha,Finance,43,12.0,71185.19,7.5,2021-10-11
E004139,Aarav,Finance,45,20.0,59159.29,3.16,2021-10-11
E004140,Aarav,Finance,44,7.0,90132.83,2.67,2021-10-11
E004141,Kabir,Marketing,21,1.0,81139.36,8.99,2021-10-12
E004142,Isha,Finance,38,1.0,56295.94,5.85,2021-10-12
E004143,Diya,Operations,60,13.0,44707.5,5.72,2021-10-12
E004144,Kabir,Marketing,54,10.0,88638.46,6.38,2021-10-13
E004145,Diya,Marketing,60,11.0,98477.79,6.48,2021-10-13
E004146,Aditya,Operations,56,8.0,71867.59,1.82,2021-10-13
E004147,Nisha,Sales,24,2.0,73693.63,5.31,2021-10-14
E004148,Isha,Marketing,23,25.0,116908.49,5.33,2021-10-14
E004149,Aarav,Operations,34,8.0,25642.64,3.23,2021-10-14
E004150,Isha,Engineering,33,9.0,74160.33,4.35,2021-10-15
E004151,Isha,HR,23,,48317.45,7.75,2021-10-15
E004152,Rohan,Sales,56,18.0,48170.6,2.88,2021-10-15
E004153,Kabir,Operations,43,30.0,61489.17,4.54,2021-10-16
E004154,Aditya,Engineering,26,21.0,59784.12,5.91,2021-10-16
E004155,Aditya,Marketing,27,1.0,-7850.79,7.33,2021-10-16
E004156,Rohan,Sales,41,0.0,73792.04,2.93,2021-10-17
E004157,Aarav,Marketing,44,33.0,61331.1,9.56,2021-10-17
E004158,Kabir,Sales,42,1.0,103440.89,9.94,2021-10-17
E004159,Diya,Sales,21,34.0,88579.68,6.97,2021-10-18
E004160,Tara,Finance,40,16.0,28999.62,4.51,2021-10-18
E004161,Aarav,Engineering,36,0.0,67651.55,1.12,2021-10-18
E004162,Isha,Operations,25,8.0,128821.26,3.41,2021-10-19
E004163,Rohan,Finance,42,11.0,49399.94,8.09,2021-10-19
E004164,Aditya,Sales,53,2.0,39303.49,7.42,2021-10-19
E004165,Diya,Engineering,27,34.0,63490.61,2.62,2021-10-20
E004166,Kabir,HR,39,34.0,41997.96,8.77,2021-10-20
E004167,Aditya,Engineering,23,31.0,96838.23,5.1,2021-10-20
E004168,Tara,Marketing,58,33.0,65967.65,3.93,2021-10-21
E004169,Kabir,Operations,55,11.0,74731.47,6.11,2021-10-21
E004170,Aditya,Sales,21,,55233.96,8.02,2021-10-21
E004171,Rohan,Finance,43,27.0,132118.86,3.26,2021-10-22
E004172,Diya,Engineering,34,20.0,39459.04,8.19,2021-10-22
E004173,Kabir,Engineering,46,23.0,57263.12,7.25,2021-10-22
E004174,Tara,Sales,31,1.0,92809.15,2.61,2021-10-23
E004175,Tara,Marketing,40,5.0,55962.62,7.98,2021-10-23
E004176,Rohan,Engineering,61,33.0,77683.57,8.95,
E004177,Aditya,Operations,54,13.0,37391.61,2.02,2021-10-24
E004178,Aarav,Marketing,30,13.0,75489.68,7.21,2021-10-24
E004179,Aarav,HR,35,33.0,80954.98,7.73,2021-10-24
E004180,Rohan,Sales,36,10.0,77876.78,8.52,2021-10-25
E004181,Diya,Sales,31,28.0,52940.01,7.86,2021-10-25
E004182,Tara,Marketing,55,22.0,43788.06,1.48,2021-10-25
E004183,Nisha,Finance,37,22.0,65293.21,8.07,2021-10-26
E004184,Isha,Engineering,25,29.0,49667.73,8.17,2021-10-26
E004185,Kabir,Sales,42,9.0,2453.15,5.23,2021-10-26
E004186,Aarav,Operations,50,31.0,58498.97,5.8,
E004187,,Marketing,28,22.0,61995.47,3.46,2021-10-27
E004188,Aarav,Engineering,31,9.0,66910.06,3.85,2021-10-27
E004189,Rohan,Operations,33,25.0,91150.41,3.67,2021-10-28
E004190,Diya,HR,45,2.0,112564.58,7.46,2021-10-28
E004191,Isha,Engineering,41,31.0,66277.14,9.55,2021-10-28
E004192,Kabir,Marketing,23,23.0,78321.2,5.87,2021-10-29
E004193,Aarav,Finance,28,1.0,61955.6,6.06,2021-10-29
E004194,Aarav,Sales,33,11.0,86735.73,3.37,2021-10-29
E004195,Kabir,HR,21,19.0,78521.95,5.54,2021-10-30
E004196,Rohan,Operations,33,10.0,69893.21,2.08,
E004197,Tara,Engineering,31,9.0,83693.26,5.01,2021-10-30
E004198,Kabir,HR,38,0.0,45790.59,6.82,2021-10-31
E004199,Rohan,Sales,47,29.0,48819.53,7.54,2021-10-31
E004200,Aditya,Marketing,24,28.0,77744.57,6.22,2021-10-31
E004201,Diya,Finance,56,7.0,41337.83,8.5,2021-11-01
E004202,Isha,Operations,61,19.0,62391.78,4.04,2021-11-01
E004203,Aarav,Sales,44,32.0,78866.52,4.48,2021-11-01
E004204,Kabir,Marketing,27,16.0,55811.64,8.61,2021-11-02
E004205,Nisha,HR,40,5.0,72510.61,5.6,2021-11-02
E004206,Isha,Engineering,34,25.0,69962.77,9.52,2021-11-02
E004207,Aditya,Engineering,31,17.0,72191.27,1.42,2021-11-03
E004208,Rohan,Engineering,49,30.0,96685.98,1.62,2021-11-03
E004209,Aarav,Operations,27,17.0,69171.06,8.43,2021-11-03
E004210,Aditya,Marketing,58,33.0,67830.37,8.65,2021-11-04
E004211,,Sales,24,3.0,40927.8,4.13,2021-11-04
E004212,Kabir,Operations,36,31.0,98081.12,4.66,2021-11-04
E004213,Tara,Operations,23,29.0,108320.27,5.38,2021-11-05
E004214,Aarav,Sales,44,22.0,109305.44,2.29,2021-11-05
E004215,Rohan,Operations,27,21.0,98012.78,8.61,2021-11-05
E004216,Diya,HR,27,25.0,40818.96,5.16,2021-11-06
E004217,Diya,Sales,54,15.0,43289.53,6.2,2021-11-06
E004218,Isha,Operations,40,15.0,64046.42,3.65,2021-11-06
E004219,Isha,Sales,22,4.0,58209.96,4.46,2021-11-07
E004220,Rohan,Finance,47,25.0,77199.15,6.31,2021-11-07
E004221,Rohan,HR,23,3.0,73913.5,8.89,2021-11-07
E004222,Nisha,Marketing,35,27.0,55247.58,3.74,2021-11-08
E004223,Aditya,Sales,51,20.0,57659.45,9.71,2021-11-08
E004224,Nisha,Sales,47,8.0,94917.5,6.25,2021-11-08
E004225,Tara,Finance,58,16.0,38353.26,2.2,2021-11-09
E004226,Isha,Finance,21,9.0,86884.77,8.18,2021-11-09
E004227,Nisha,Sales,52,32.0,67091.37,2.63,2021-11-09
E004228,Diya,Sales,28,5.0,72858.1,7.51,2021-11-10
E004229,Rohan,HR,44,13.0,72930.26,4.67,2021-11-10
E004230,Aarav,Operations,34,32.0,63364.01,3.56,2021-11-10
E004231,Aditya,Marketing,38,20.0,69663.14,3.54,2021-11-11
E004232,Nisha,Engineering,44,19.0,17496.0,7.08,2021-11-11
E004233,Aarav,Marketing,21,27.0,97568.73,5.71,2021-11-11
E004234,Diya,Operations,56,30.0,43685.8,7.74,2021-11-12
E004235,Nisha,Finance,52,10.0,107656.88,6.21,2021-11-12
E004236,Tara,HR,30,29.0,87306.88,3.54,2021-11-12
E004237,Nisha,Operations,57,1.0,79840.25,9.92,2021-11-13
E004238,Kabir,HR,22,20.0,48833.79,7.12,2021-11-13
E004239,Diya,HR,41,7.0,53113.31,8.17,2021-11-13
E004240,Diya,Operations,29,25.0,85926.75,5.59,2021-11-14
E004241,,Sales,32,2.0,65571.95,4.74,2021-11-14
E004242,Tara,Engineering,45,6.0,87950.42,5.82,2021-11-14
E004243,Tara,Finance,44,29.0,82996.78,7.4,2021-11-15
E004244,Diya,Marketing,35,19.0,81741.27,2.57,2021-11-15
E004245,,HR,34,10.0,88392.8,4.73,2021-11-15
E004246,Aditya,Marketing,30,26.0,53484.0,7.07,2021-11-16
E004247,Diya,Operations,24,11.0,53646.64,9.84,2021-11-16
E004248,Nisha,Sales,58,8.0,90249.63,9.18,2021-11-16
E004249,Aarav,Marketing,50,16.0,79437.34,3.47,2021-11-17
E004250,Diya,Sales,29,27.0,47489.13,9.76,2021-11-17
E004251,Rohan,Finance,27,14.0,126828.11,3.36,2021-11-17
E004252,Aditya,Sales,28,15.0,72115.87,7.21,2021-11-18
E004253,Nisha,HR,24,23.0,75100.81,6.49,2021-11-18
E004254,Aditya,HR,60,15.0,84770.66,1.79,2021-11-18
E004255,Aditya,Finance,32,8.0,52341.65,4.57,2021-11-19
E004256,Tara,Sales,33,18.0,40643.4,1.9,2021-11-19
E004257,Aditya,Engineering,40,8.0,75171.55,8.81,2021-11-19
E004258,Aarav,Sales,34,11.0,44536.16,3.65,2021-11-20
E004259,Tara,Finance,32,15.0,67614.38,4.28,2021-11-20
E004260,Nisha,Sales,34,29.0,74511.3,4.95,2021-11-20
E004261,Diya,Finance,43,18.0,99982.51,1.16,2021-11-21
E004262,Aditya,HR,35,28.0,54100.09,9.21,2021-11-21
E004263,Nisha,Engineering,27,33.0,65087.16,3.23,2021-11-21
E004264,Nisha,Finance,32,16.0,115807.86,6.08,2021-11-22
E004265,Diya,Sales,53,18.0,76617.08,9.13,2021-11-22
E004266,Aditya,Marketing,59,,67934.03,8.0,2021-11-22
E004267,Tara,Operations,47,9.0,37785.77,4.66,2021-11-23
E004268,Kabir,Marketing,49,17.0,58239.66,9.97,2021-11-23
E004269,Kabir,HR,51,22.0,69583.26,7.77,2021-11-23
E004270,Nisha,Finance,59,17.0,108387.34,3.59,2021-11-24
E004271,Diya,Engineering,50,2.0,50777.59,4.23,2021-11-24
E004272,Kabir,Sales,46,34.0,94651.32,8.18,2021-11-24
E004273,Aditya,HR,28,33.0,113610.68,1.15,2021-11-25
E004274,Aditya,Engineering,30,22.0,40366.87,9.86,2021-11-25
E004275,Aditya,Sales,35,23.0,54061.52,5.25,2021-11-25
E004276,Aarav,Sales,30,31.0,96840.66,2.29,2021-11-26
E004277,Aarav,HR,53,32.0,75484.2,9.72,2021-11-26
E004278,,Operations,53,18.0,66787.56,3.81,2021-11-26
E004279,Aarav,Finance,32,5.0,83007.24,6.38,2021-11-27
E004280,Diya,Finance,31,8.0,28224.62,7.74,2021-11-27
E004281,Rohan,Finance,21,33.0,79956.81,1.3,2021-11-27
E004282,Rohan,Finance,24,30.0,43660.88,2.65,2021-11-28
E004283,Nisha,Finance,38,27.0,71571.52,1.76,2021-11-28
E004284,Nisha,Operations,21,34.0,64402.73,3.27,2021-11-28
E004285,Rohan,Operations,39,9.0,49210.28,1.46,2021-11-29
E004286,Tara,Engineering,53,26.0,47271.39,3.5,2021-11-29
E004287,Diya,HR,34,8.0,95600.5,1.85,2021-11-29
E004288,Aditya,Operations,50,2.0,96237.46,7.73,2021-11-30
E004289,Diya,Operations,33,17.0,27513.44,2.79,2021-11-30
E004290,Diya,Operations,31,9.0,69795.56,3.85,2021-11-30
E004291,Aditya,HR,22,14.0,47305.16,7.75,2021-12-01
E004292,Diya,Sales,34,34.0,85702.27,2.46,2021-12-01
E004293,Aditya,Finance,40,9.0,76137.08,1.78,2021-12-01
E004294,Diya,HR,47,27.0,73315.35,3.72,2021-12-02
E004295,Rohan,Finance,58,2.0,56100.11,3.44,2021-12-02
E004296,Diya,Finance,50,22.0,43164.53,5.27,2021-12-02
E004297,Aarav,Sales,28,15.0,85232.19,7.8,2021-12-03
E004298,Aditya,Operations,35,19.0,27259.85,5.85,2021-12-03
E004299,Isha,Sales,38,0.0,110623.88,8.37,2021-12-03
E004300,Aarav,Marketing,39,31.0,40258.13,8.5,2021-12-04
E004301,Tara,Sales,51,28.0,39261.85,4.34,2021-12-04
E004302,Nisha,HR,34,14.0,75707.81,6.07,2021-12-04
E004303,Kabir,HR,52,29.0,40253.2,9.77,2021-12-05
E004304,Aarav,Finance,39,12.0,75429.56,2.9,2021-12-05
E004305,Tara,Finance,25,27.0,70602.71,6.8,2021-12-05
E004306,Isha,HR,25,15.0,66997.08,1.6,2021-12-06
E004307,Aarav,Operations,26,17.0,92457.95,8.55,2021-12-06
E004308,Aditya,Finance,56,18.0,33538.8,6.68,2021-12-06
E004309,Aditya,Operations,54,3.0,57907.35,2.97,2021-12-07
E004310,Aditya,HR,56,17.0,98233.67,7.99,2021-12-07
E004311,Isha,Engineering,57,8.0,125072.48,8.14,2021-12-07
E004312,Tara,Engineering,59,29.0,65397.93,1.89,2021-12-08
E004313,Aditya,Operations,51,25.0,26788.32,7.51,
E004314,Rohan,Finance,38,27.0,96182.11,9.37,2021-12-08
E004315,Nisha,Finance,36,31.0,33260.3,4.35,2021-12-09
E004316,Isha,Engineering,60,2.0,45584.2,6.86,2021-12-09
E004317,Kabir,Marketing,42,15.0,89354.8,4.12,2021-12-09
E004318,Aditya,Finance,26,26.0,64131.95,6.53,2021-12-10
E004319,Aarav,Sales,32,23.0,76797.73,8.01,2021-12-10
E004320,Aditya,HR,32,2.0,102890.26,3.74,2021-12-10
E004321,Isha,Finance,42,6.0,151312.66,1.06,
E004322,Aditya,Operations,41,21.0,29363.07,1.17,
E004323,Aditya,Engineering,26,21.0,44432.94,8.24,2021-12-11
E004324,Kabir,Operations,35,3.0,43377.02,3.21,2021-12-12
E004325,Diya,Engineering,27,33.0,128680.72,6.19,2021-12-12
,Tara,Finance,44,6.0,66121.96,4.61,2021-12-12
E004327,Nisha,Operations,55,29.0,111444.42,2.83,2021-12-13
E004328,Kabir,Marketing,35,29.0,69659.59,7.41,2021-12-13
E004329,Isha,Sales,61,32.0,45832.95,3.37,2021-12-13
E004330,Rohan,Finance,36,3.0,70289.97,1.92,2021-12-14
E004331,Kabir,HR,47,5.0,39166.94,9.11,2021-12-14
E004332,Aarav,Finance,25,15.0,107671.71,3.44,2021-12-14
E004333,Kabir,Operations,42,29.0,97098.91,4.06,2021-12-15
E004334,Tara,Marketing,47,25.0,18956.75,5.27,2021-12-15
E004335,Diya,Engineering,29,0.0,64129.55,4.91,2021-12-15
E004336,Rohan,Engineering,24,25.0,60421.01,9.98,2021-12-16
E004337,Diya,Marketing,37,18.0,76326.4,6.52,2021-12-16
E004338,Tara,Finance,61,9.0,45367.46,8.36,2021-12-16
E004339,Tara,Operations,61,15.0,97946.0,2.26,2021-12-17
E004340,Nisha,Sales,25,7.0,34675.37,4.8,2021-12-17
E004341,Aarav,Operations,50,14.0,30247.94,9.6,2021-12-17
E004342,Rohan,Marketing,44,7.0,71626.41,2.72,2021-12-18
E004343,Isha,Engineering,47,23.0,76126.24,7.59,2021-12-18
E004344,Aditya,Operations,56,33.0,53885.1,5.28,2021-12-18
E004345,Isha,Finance,39,10.0,67812.59,8.4,2021-12-19
E004346,Nisha,Finance,33,22.0,101704.57,4.75,2021-12-19
E004347,Nisha,Operations,51,23.0,69809.16,8.33,2021-12-19
,Tara,HR,26,33.0,39512.62,5.71,2021-12-20
E004349,Aditya,Engineering,29,26.0,33512.65,5.2,2021-12-20
E004350,Diya,Finance,57,2.0,76483.46,4.83,2021-12-20
E004351,Nisha,Finance,57,18.0,38941.04,8.24,2021-12-21
E004352,Isha,Finance,38,20.0,74888.14,6.3,2021-12-21
,Aditya,Operations,60,8.0,79357.26,1.06,2021-12-21
E004354,Diya,Sales,42,15.0,95721.94,5.63,2021-12-22
E004355,Tara,Sales,36,24.0,74625.76,5.52,2021-12-22
E004356,Kabir,Marketing,44,25.0,57940.27,7.22,2021-12-22
E004357,Aarav,Engineering,57,3.0,95016.61,6.87,2021-12-23
E004358,Aditya,HR,55,26.0,48892.41,8.4,2021-12-23
E004359,Diya,Marketing,55,10.0,64384.15,2.35,2021-12-23
E004360,Diya,Engineering,33,6.0,83513.96,4.55,2021-12-24
E004361,Aditya,Marketing,44,5.0,70947.17,9.42,2021-12-24
E004362,Kabir,Marketing,61,1.0,86260.81,1.3,2021-12-24
E004363,Kabir,Finance,21,13.0,26680.31,4.92,2021-12-25
E004364,Rohan,Operations,24,6.0,141277.74,9.94,2021-12-25
E004365,Nisha,Sales,61,20.0,67078.44,6.02,2021-12-25
E004366,Kabir,Engineering,25,13.0,53908.75,9.03,2021-12-26
E004367,Nisha,Finance,46,20.0,78439.52,1.64,2021-12-26
E004368,Tara,Sales,58,6.0,83460.67,4.0,2021-12-26
E004369,Nisha,Marketing,46,4.0,61236.48,9.24,2021-12-27
E004370,Aditya,Engineering,44,4.0,46462.24,2.08,2021-12-27
E004371,Isha,Marketing,38,24.0,83926.26,8.58,2021-12-27
E004372,Kabir,Marketing,30,16.0,110468.63,4.98,2021-12-28
E004373,Nisha,HR,54,18.0,46150.53,2.97,2021-12-28
E004374,Kabir,HR,41,18.0,99181.03,1.36,2021-12-28
E004375,Aarav,Sales,44,10.0,30831.44,3.72,2021-12-29
E004376,Aarav,Finance,50,16.0,53464.89,2.05,2021-12-29
,Nisha,Sales,41,10.0,76810.11,5.93,2021-12-29
E004378,Tara,HR,39,3.0,106415.59,9.16,2021-12-30
E004379,Nisha,Finance,52,27.0,47276.57,9.56,2021-12-30
E004380,Tara,HR,55,6.0,76148.2,1.02,2021-12-30
E004381,Nisha,HR,49,7.0,70941.2,9.78,2021-12-31
,Isha,Engineering,31,19.0,39027.58,6.65,2021-12-31
E004383,Aarav,Sales,54,11.0,125800.49,3.63,2021-12-31
E004384,Aditya,HR,24,4.0,120693.61,9.35,2022-01-01
E004385,Nisha,Finance,61,31.0,33938.26,2.54,2022-01-01
E004386,Tara,Engineering,47,18.0,56827.49,3.16,2022-01-01
E004387,Rohan,Operations,39,24.0,102043.31,5.64,2022-01-02
E004388,Tara,Sales,42,21.0,62053.51,8.24,2022-01-02
E004389,Tara,Marketing,49,20.0,135935.54,1.04,2022-01-02
E004390,Nisha,Operations,25,20.0,45206.02,5.07,2022-01-03
E004391,Isha,Finance,47,26.0,54367.21,7.65,2022-01-03
E004392,,Finance,43,11.0,70238.01,3.58,2022-01-03
E004393,Tara,HR,30,25.0,73896.77,5.39,2022-01-04
E004394,Aarav,Sales,43,12.0,87782.48,6.86,2022-01-04
E004395,Rohan,HR,54,11.0,64621.63,6.65,2022-01-04
E004396,Aarav,Finance,21,3.0,33552.16,7.76,2022-01-05
E004397,Diya,HR,53,22.0,115454.25,5.23,
E004398,Kabir,Finance,28,8.0,110152.69,3.59,2022-01-05
E004399,Nisha,Marketing,37,34.0,135552.85,5.57,
E004400,Aarav,Marketing,43,,47019.34,4.38,2022-01-06
E004401,Nisha,HR,57,5.0,71300.96,2.94,2022-01-06
E004402,Aditya,Engineering,59,14.0,85567.69,4.89,2022-01-07
E004403,Aditya,HR,40,15.0,39869.85,8.53,
E004404,Rohan,Operations,43,0.0,83130.18,2.44,2022-01-07
E004405,Tara,Finance,35,16.0,87374.71,7.33,2022-01-08
E004406,Nisha,Operations,23,4.0,18027.76,8.69,2022-01-08
E004407,Isha,Finance,34,17.0,76021.54,6.33,2022-01-08
E004408,Aditya,Sales,21,13.0,23708.2,9.72,2022-01-09
E004409,Aarav,Sales,24,7.0,79957.75,1.69,
E004410,Nisha,Marketing,53,7.0,40615.87,8.76,2022-01-09
E004411,Isha,Operations,47,32.0,57378.04,2.89,2022-01-10
E004412,Diya,Finance,24,31.0,28376.52,4.04,2022-01-10
E004413,Isha,Sales,43,13.0,55852.51,9.79,2022-01-10
E004414,Kabir,Marketing,30,20.0,11893.4,9.41,2022-01-11
E004415,Rohan,HR,41,2.0,82069.74,1.35,2022-01-11
E004416,Diya,Operations,48,34.0,99481.71,2.18,2022-01-11
E004417,Aarav,Operations,50,25.0,39549.35,5.36,2022-01-12
E004418,,Finance,59,16.0,44865.26,8.35,2022-01-12
E004419,Nisha,Marketing,37,17.0,39097.85,4.4,2022-01-12
E004420,Aarav,Engineering,27,32.0,87132.88,2.21,2022-01-13
E004421,Aditya,Engineering,31,29.0,108293.56,6.17,2022-01-13
E004422,Diya,Operations,40,32.0,98524.63,9.92,2022-01-13
E004423,Kabir,Engineering,45,6.0,82261.38,1.85,2022-01-14
E004424,Tara,Operations,48,24.0,89658.14,3.98,2022-01-14
E004425,Kabir,Sales,26,10.0,69130.57,2.51,2022-01-14
E004426,,Marketing,23,25.0,82714.84,7.06,2022-01-15
E004427,,Sales,45,34.0,113273.01,2.47,2022-01-15
E004428,Aditya,Engineering,38,1.0,106886.59,8.96,2022-01-15
E004429,Kabir,Sales,44,1.0,85451.69,3.94,2022-01-16
E004430,Aditya,HR,37,24.0,90827.07,5.44,2022-01-16
E004431,Diya,HR,51,23.0,68207.58,3.14,2022-01-16
E004432,Aarav,Operations,28,24.0,65806.07,1.6,2022-01-17
E004433,Aarav,Engineering,46,30.0,119212.76,9.88,2022-01-17
E004434,,Finance,25,22.0,53262.19,2.52,2022-01-17
E004435,Kabir,Sales,38,21.0,103354.23,2.75,2022-01-18
E004436,Isha,Engineering,61,31.0,69096.35,7.09,2022-01-18
E004437,Aditya,Engineering,30,15.0,64291.83,1.21,2022-01-18
E004438,Aditya,Operations,32,24.0,72794.74,7.95,2022-01-19
E004439,Diya,Sales,46,32.0,52830.85,9.9,2022-01-19
E004440,Isha,Finance,51,0.0,84526.21,8.48,2022-01-19
E004441,Kabir,HR,41,19.0,86504.17,8.28,2022-01-20
E004442,Aarav,Engineering,38,18.0,106270.73,1.56,2022-01-20
E004443,Aarav,Engineering,43,9.0,96611.91,2.21,2022-01-20
E004444,Tara,HR,45,18.0,88415.34,1.37,2022-01-21
E004445,Rohan,HR,33,11.0,95044.28,2.51,2022-01-21
E004446,Diya,Sales,28,31.0,61903.04,1.64,2022-01-21
E004447,Kabir,Sales,58,25.0,55787.73,9.32,2022-01-22
E004448,Aarav,HR,40,13.0,16720.91,5.97,2022-01-22
E004449,Kabir,HR,61,29.0,76364.46,7.63,2022-01-22
E004450,Aarav,Operations,58,27.0,109319.05,7.81,2022-01-23
E004451,Isha,Operations,48,2.0,49309.82,5.35,2022-01-23
E004452,Aditya,HR,39,21.0,60127.55,2.54,2022-01-23
E004453,Aarav,Sales,28,23.0,52684.67,5.56,2022-01-24
E004454,Diya,HR,61,25.0,96994.91,3.36,2022-01-24
E004455,Nisha,Operations,61,25.0,71255.31,2.2,2022-01-24
E004456,Aarav,Operations,46,20.0,82847.41,7.03,2022-01-25
E004457,Diya,Sales,41,14.0,86663.62,9.13,2022-01-25
E004458,,Operations,45,16.0,26364.4,2.24,2022-01-25
E004459,Diya,Finance,22,29.0,92729.16,5.79,2022-01-26
E004460,Tara,Marketing,43,21.0,91768.01,6.39,2022-01-26
E004461,Kabir,Sales,56,1.0,57925.66,4.87,2022-01-26
E004462,Isha,Marketing,31,22.0,63491.04,4.43,2022-01-27
E004463,Tara,Engineering,59,33.0,45687.84,8.49,2022-01-27
E004464,Nisha,Marketing,52,5.0,93385.49,4.58,2022-01-27
E004465,Nisha,Sales,46,0.0,128638.89,7.7,2022-01-28
E004466,Isha,Sales,44,2.0,63007.77,3.29,2022-01-28
E004467,,Marketing,35,14.0,66531.67,6.67,2022-01-28
E004468,Isha,Marketing,24,6.0,75694.23,8.21,2022-01-29
E004469,Aditya,Operations,28,23.0,62992.75,1.72,2022-01-29
E004470,Tara,HR,44,0.0,42933.48,3.83,2022-01-29
E004471,Isha,Marketing,25,23.0,67185.25,2.0,2022-01-30
E004472,Diya,HR,53,34.0,56245.13,4.59,2022-01-30
E004473,Kabir,Sales,27,9.0,118790.52,5.86,
E004474,Kabir,Marketing,37,2.0,72682.56,5.39,2022-01-31
E004475,Isha,Finance,35,29.0,98592.38,6.43,2022-01-31
E004476,Tara,Marketing,45,28.0,46863.75,4.9,2022-01-31
E004477,Aditya,Marketing,59,27.0,80131.75,4.51,2022-02-01
E004478,Aarav,Operations,45,9.0,96188.02,4.58,2022-02-01
E004479,Isha,Operations,54,18.0,132054.95,5.09,2022-02-01
E004480,Aditya,Marketing,21,24.0,106700.5,6.72,2022-02-02
E004481,Isha,Operations,30,22.0,83042.42,8.73,2022-02-02
E004482,Isha,Finance,28,8.0,76186.54,1.62,2022-02-02
E004483,Kabir,Sales,24,2.0,81746.67,5.2,2022-02-03
,Aditya,Marketing,25,29.0,60526.38,1.73,2022-02-03
E004485,Kabir,Operations,24,11.0,118816.67,3.74,2022-02-03
E004486,Isha,Marketing,28,13.0,91658.79,9.89,2022-02-04
E004487,Nisha,Finance,53,29.0,85713.7,2.08,2022-02-04
E004488,Rohan,HR,27,27.0,71074.58,3.18,2022-02-04
,Kabir,Marketing,55,1.0,51568.49,1.41,2022-02-05
E004490,Diya,HR,39,21.0,87441.55,9.46,2022-02-05
E004491,Rohan,Sales,54,15.0,58963.03,2.47,2022-02-05
E004492,Aarav,Finance,47,17.0,105305.66,9.99,2022-02-06
E004493,Diya,HR,32,15.0,35419.26,1.06,2022-02-06
E004494,Aditya,Marketing,22,22.0,92548.28,6.69,2022-02-06
E004495,Diya,Sales,32,18.0,86600.49,9.56,2022-02-07
E004496,Nisha,Marketing,55,3.0,100969.97,7.89,2022-02-07
E004497,Nisha,HR,22,0.0,129185.43,9.76,2022-02-07
E004498,Isha,HR,28,4.0,74061.58,6.78,2022-02-08
E004499,Rohan,HR,49,15.0,63717.75,4.94,2022-02-08
E004500,Rohan,Marketing,37,30.0,43312.14,6.19,2022-02-08
E004501,Isha,Sales,56,8.0,64351.26,4.38,2022-02-09
E004502,Nisha,Marketing,52,27.0,47910.51,6.49,2022-02-09
E004503,Diya,HR,56,33.0,58217.45,5.19,2022-02-09
E004504,Aditya,Marketing,54,1.0,62127.82,6.22,2022-02-10
E004505,Rohan,Finance,23,7.0,53458.7,8.47,2022-02-10
E004506,,Sales,31,34.0,26851.47,6.33,2022-02-10
E004507,Kabir,Sales,48,28.0,68251.33,9.19,2022-02-11
E004508,Aditya,Sales,34,3.0,45960.92,7.02,2022-02-11
E004509,Aditya,Operations,33,6.0,97343.9,9.38,2022-02-11
E004510,Diya,Finance,56,12.0,23418.3,7.18,2022-02-12
E004511,Isha,Marketing,24,8.0,89879.18,7.92,2022-02-12
E004512,Diya,Sales,60,20.0,91153.75,4.15,2022-02-12
E004513,Aditya,Engineering,33,11.0,95474.92,2.23,2022-02-13
E004514,Nisha,Finance,27,3.0,93139.53,3.32,2022-02-13
E004515,Rohan,Finance,42,23.0,77258.02,7.95,2022-02-13
E004516,Tara,Marketing,46,9.0,56220.15,3.29,2022-02-14
E004517,Aarav,HR,57,31.0,51600.7,8.65,2022-02-14
E004518,Isha,Marketing,23,16.0,54484.58,2.03,2022-02-14
E004519,Rohan,Finance,31,16.0,55055.87,7.2,2022-02-15
E004520,Kabir,Finance,30,32.0,115433.48,3.46,2022-02-15
E004521,Rohan,HR,27,9.0,63790.64,2.48,2022-02-15
E004522,Rohan,HR,39,23.0,88475.92,9.03,2022-02-16
E004523,Diya,HR,28,28.0,62691.85,9.81,2022-02-16
E004524,Rohan,HR,53,30.0,-4611.12,9.93,2022-02-16
E004525,Kabir,Finance,36,34.0,50327.34,3.79,2022-02-17
E004526,Isha,Marketing,27,4.0,82538.22,5.21,2022-02-17
E004527,Aditya,Sales,37,28.0,88285.2,9.52,2022-02-17
E004528,Isha,Marketing,44,25.0,57960.98,1.38,2022-02-18
E004529,Kabir,Finance,56,16.0,14989.62,4.07,2022-02-18
E004530,Aarav,Engineering,35,29.0,51991.1,2.63,2022-02-18
E004531,Rohan,Marketing,34,28.0,86078.13,2.24,2022-02-19
E004532,Aarav,Operations,54,25.0,82769.38,3.78,2022-02-19
E004533,Rohan,HR,38,2.0,97486.42,7.36,2022-02-19
E004534,Isha,Finance,31,7.0,69549.7,3.22,
E004535,Kabir,Marketing,55,22.0,27806.51,8.85,2022-02-20
E004536,,Marketing,40,0.0,64632.64,4.39,2022-02-20
E004537,Nisha,Finance,58,12.0,83013.91,3.28,2022-02-21
E004538,Nisha,Sales,43,19.0,23259.14,2.62,2022-02-21
E004539,Tara,Operations,35,4.0,58530.57,6.41,2022-02-21
E004540,Rohan,Finance,42,13.0,78320.96,2.71,2022-02-22
E004541,Aditya,Finance,56,20.0,76485.16,3.52,2022-02-22
E004542,Kabir,Sales,28,8.0,80008.26,2.37,2022-02-22
E004543,Kabir,Marketing,48,33.0,45770.49,1.48,2022-02-23
E004544,Rohan,Operations,39,24.0,80528.6,1.58,
E004545,Isha,Operations,26,7.0,84211.48,3.27,2022-02-23
E004546,Diya,Operations,46,20.0,67784.59,7.28,2022-02-24
E004547,Tara,Finance,55,34.0,61250.16,4.53,2022-02-24
E004548,Kabir,HR,37,,88016.32,8.82,2022-02-24
E004549,Nisha,Finance,52,16.0,124836.66,4.87,2022-02-25
E004550,Aditya,Engineering,26,5.0,105354.41,6.17,2022-02-25
E004551,Rohan,HR,33,24.0,83411.86,7.47,2022-02-25
E004552,Tara,Finance,56,11.0,33176.3,3.89,2022-02-26
E004553,Rohan,HR,56,8.0,95864.15,6.98,2022-02-26
E004554,Nisha,Marketing,33,14.0,54881.85,1.74,2022-02-26
E004555,Aarav,Finance,33,32.0,80351.07,6.2,2022-02-27
E004556,Aarav,Sales,33,29.0,55384.85,4.84,2022-02-27
E004557,Diya,Sales,56,34.0,64771.3,8.27,2022-02-27
E004558,Diya,HR,27,12.0,65135.33,2.01,2022-02-28
E004559,Rohan,HR,50,16.0,85925.02,8.03,2022-02-28
E004560,Diya,HR,28,30.0,99036.04,4.54,2022-02-28
E004561,Rohan,HR,21,12.0,71774.8,4.79,2022-03-01
E004562,Aditya,HR,26,20.0,74421.5,2.45,2022-03-01
E004563,Aarav,Marketing,37,15.0,93159.11,1.86,2022-03-01
E004564,Aditya,Engineering,39,23.0,77587.24,7.38,2022-03-02
E004565,Aarav,Finance,41,11.0,45382.49,9.09,2022-03-02
E004566,Nisha,Operations,32,26.0,75796.0,6.07,2022-03-02
E004567,Aarav,HR,39,0.0,95155.78,2.88,2022-03-03
E004568,Diya,Finance,23,1.0,71282.77,8.91,2022-03-03
E004569,Aarav,Marketing,34,34.0,29398.17,6.63,2022-03-03
E004570,Tara,Operations,38,3.0,89457.45,2.44,2022-03-04
E004571,Nisha,Operations,34,3.0,91463.44,1.73,2022-03-04
E004572,Aditya,Finance,43,27.0,81800.75,1.22,
E004573,Diya,Operations,25,12.0,83833.25,1.95,2022-03-05
E004574,Nisha,Finance,47,8.0,78201.77,7.27,2022-03-05
E004575,Isha,Sales,37,28.0,70860.77,4.61,2022-03-05
E004576,Aditya,Engineering,55,10.0,38499.46,5.72,2022-03-06
E004577,Diya,HR,29,1.0,70405.81,1.49,2022-03-06
E004578,Rohan,Finance,29,5.0,38874.14,8.59,2022-03-06
E004579,Kabir,HR,21,4.0,117435.15,5.79,2022-03-07
E004580,Tara,Marketing,42,11.0,71971.49,3.21,2022-03-07
E004581,Isha,HR,21,26.0,46497.77,9.3,2022-03-07
E004582,Diya,Sales,43,33.0,67716.42,6.23,2022-03-08
E004583,Rohan,Finance,59,6.0,57970.67,7.6,2022-03-08
E004584,Kabir,Sales,27,24.0,38124.55,2.68,2022-03-08
E004585,Aarav,Marketing,33,32.0,86241.31,3.64,2022-03-09
E004586,Aditya,Sales,57,23.0,41043.04,6.9,2022-03-09
E004587,Aarav,Operations,49,1.0,37168.4,9.8,2022-03-09
E004588,Rohan,Marketing,26,31.0,77457.87,9.46,2022-03-10
E004589,Rohan,Sales,28,26.0,69042.71,4.67,2022-03-10
E004590,Nisha,Finance,48,2.0,75209.54,7.72,2022-03-10
E004591,Isha,HR,26,60.0,87844.24,5.37,2022-03-11
E004592,Diya,Engineering,44,2.0,76082.07,5.89,2022-03-11
E004593,Kabir,Sales,24,3.0,53508.62,6.58,2022-03-11
E004594,Diya,HR,38,34.0,104053.39,5.19,2022-03-12
E004595,Nisha,Marketing,57,2.0,61530.3,1.66,2022-03-12
E004596,Diya,Operations,53,33.0,78904.8,3.32,2022-03-12
E004597,Aarav,Operations,27,,66642.28,4.11,2022-03-13
E004598,Aarav,Finance,53,60.0,85109.44,4.33,2022-03-13
E004599,Tara,Operations,60,16.0,65833.27,5.45,2022-03-13
E004600,Nisha,Marketing,49,30.0,39360.87,9.59,2022-03-14
E004601,Tara,HR,31,25.0,109355.96,7.62,2022-03-14
E004602,Nisha,HR,59,29.0,66153.19,5.2,2022-03-14
E004603,Nisha,HR,35,9.0,62628.63,4.91,2022-03-15
E004604,,Marketing,57,28.0,48885.18,4.99,2022-03-15
E004605,Rohan,HR,42,27.0,48262.73,7.82,2022-03-15
E004606,Isha,HR,37,1.0,62542.0,6.67,2022-03-16
E004607,Isha,Marketing,31,28.0,101320.85,8.08,2022-03-16
E004608,Aditya,HR,22,18.0,96171.56,2.72,2022-03-16
E004609,Isha,Operations,22,10.0,66512.72,1.43,2022-03-17
E004610,Aarav,Engineering,21,32.0,55809.18,6.51,2022-03-17
E004611,Isha,Finance,40,33.0,126814.25,6.34,2022-03-17
E004612,Rohan,Operations,43,20.0,83071.85,4.6,2022-03-18
E004613,Kabir,Sales,22,1.0,117557.5,5.79,2022-03-18
E004614,Tara,HR,58,17.0,93364.88,1.74,2022-03-18
E004615,Isha,Operations,32,3.0,70845.65,5.51,2022-03-19
E004616,Nisha,Marketing,61,25.0,86236.69,1.98,2022-03-19
E004617,Nisha,Sales,39,1.0,52830.78,3.38,2022-03-19
E004618,Isha,Sales,39,7.0,120051.79,7.69,2022-03-20
E004619,Diya,Operations,46,12.0,71588.37,9.7,2022-03-20
E004620,Nisha,Finance,34,24.0,37190.64,7.94,2022-03-20
E004621,Rohan,Operations,22,16.0,93274.91,3.79,2022-03-21
E004622,Kabir,Finance,50,7.0,69054.0,3.32,2022-03-21
E004623,Tara,Engineering,31,,86348.6,2.54,2022-03-21
E004624,Aarav,Operations,41,21.0,74325.43,9.18,2022-03-22
E004625,Rohan,Marketing,58,14.0,48069.76,2.69,2022-03-22
E004626,Diya,Sales,42,14.0,60383.03,9.17,2022-03-22
E004627,Rohan,Operations,58,20.0,75510.09,1.91,2022-03-23
,Rohan,Finance,30,22.0,67045.25,6.98,2022-03-23
E004629,Nisha,Operations,38,12.0,85809.18,4.01,
E004630,Aarav,Finance,43,9.0,62995.48,5.54,2022-03-24
E004631,Nisha,Operations,38,21.0,76386.32,7.55,2022-03-24
E004632,Diya,Marketing,27,24.0,68040.72,9.59,2022-03-24
E004633,Aditya,Sales,22,12.0,81387.41,2.56,2022-03-25
E004634,Tara,Sales,30,17.0,116447.64,7.83,2022-03-25
E004635,Kabir,Marketing,46,34.0,82264.0,3.62,2022-03-25
E004636,Isha,Marketing,26,22.0,52212.89,6.04,2022-03-26
E004637,Nisha,Marketing,30,3.0,61048.61,7.92,2022-03-26
E004638,Rohan,Finance,21,25.0,74606.29,8.69,2022-03-26
E004639,Aarav,Finance,23,14.0,44616.98,1.29,2022-03-27
E004640,Rohan,Marketing,32,16.0,95608.64,6.72,2022-03-27
E004641,Kabir,Engineering,61,3.0,73789.19,3.67,2022-03-27
E004642,Nisha,Engineering,42,2.0,71945.25,4.03,2022-03-28
E004643,Aditya,Marketing,35,6.0,77904.85,8.05,2022-03-28
E004644,Aarav,Marketing,49,22.0,85034.52,5.0,2022-03-28
E004645,Diya,Finance,29,3.0,72035.3,3.14,2022-03-29
E004646,Nisha,Finance,52,,51898.22,3.35,2022-03-29
E004647,Isha,HR,51,19.0,75154.55,5.08,2022-03-29
E004648,Aarav,Finance,21,29.0,44245.2,7.16,2022-03-30
E004649,Diya,Sales,49,7.0,52753.25,5.18,2022-03-30
E004650,Aarav,Operations,59,19.0,-7525.42,9.73,2022-03-30
E004651,Aditya,Engineering,52,,36851.17,5.89,2022-03-31
E004652,Aarav,Engineering,39,27.0,54149.82,8.43,2022-03-31
E004653,Diya,Sales,61,9.0,72959.16,3.23,2022-03-31
E004654,Aarav,HR,47,18.0,103889.47,1.92,2022-04-01
E004655,Nisha,Sales,41,10.0,31601.95,6.97,2022-04-01
E004656,Diya,Marketing,59,13.0,80953.66,4.58,2022-04-01
E004657,Isha,Operations,59,15.0,33698.33,8.26,2022-04-02
E004658,Aarav,Operations,37,25.0,33788.73,1.11,2022-04-02
E004659,Aarav,Marketing,30,3.0,104252.08,9.98,2022-04-02
E004660,Kabir,Marketing,45,29.0,84143.87,8.4,2022-04-03
E004661,Diya,Marketing,36,20.0,103701.9,4.81,2022-04-03
E004662,Nisha,Operations,41,34.0,95914.55,2.37,2022-04-03
E004663,Tara,Engineering,27,3.0,32300.06,2.0,2022-04-04
E004664,Diya,Engineering,54,0.0,81572.9,1.86,2022-04-04
E004665,Rohan,Operations,25,1.0,84129.03,7.07,2022-04-04
E004666,Tara,Sales,35,32.0,52576.12,1.79,2022-04-05
E004667,Diya,Engineering,32,33.0,72567.47,2.46,2022-04-05
E004668,Tara,Operations,51,5.0,91936.66,5.42,2022-04-05
E004669,Rohan,Operations,32,4.0,105180.97,2.01,2022-04-06
E004670,Isha,Operations,21,28.0,79740.32,2.47,2022-04-06
E004671,Nisha,Finance,27,29.0,61014.72,6.6,2022-04-06
E004672,Tara,Sales,44,,64036.94,6.27,2022-04-07
E004673,Nisha,HR,57,7.0,75726.02,3.21,2022-04-07
E004674,Rohan,Operations,40,18.0,31754.31,1.04,2022-04-07
E004675,Aarav,Marketing,49,3.0,74095.48,7.35,2022-04-08
E004676,Isha,Engineering,54,25.0,48449.92,3.4,2022-04-08
E004677,Isha,Engineering,32,,81179.2,2.5,2022-04-08
E004678,Tara,Engineering,52,18.0,41623.24,8.7,2022-04-09
E004679,Isha,HR,35,22.0,59268.25,7.99,2022-04-09
E004680,Nisha,Marketing,44,33.0,53969.21,5.02,2022-04-09
E004681,Rohan,Operations,58,19.0,16812.11,1.93,2022-04-10
E004682,Tara,Operations,32,5.0,55723.15,5.86,2022-04-10
E004683,Isha,Engineering,43,5.0,74697.45,8.08,2022-04-10
E004684,Kabir,Operations,24,19.0,73985.36,7.44,2022-04-11
E004685,Rohan,Engineering,53,33.0,54658.06,3.84,2022-04-11
E004686,Diya,Engineering,59,6.0,40628.79,2.69,2022-04-11
E004687,Rohan,Sales,36,24.0,73176.7,5.51,2022-04-12
E004688,Rohan,Finance,39,10.0,39692.72,1.38,2022-04-12
E004689,Nisha,Finance,57,21.0,58963.27,8.38,2022-04-12
E004690,Tara,HR,53,,37256.48,9.33,2022-04-13
E004691,Diya,Finance,30,15.0,66467.33,7.68,2022-04-13
E004692,Aarav,HR,37,2.0,110695.54,9.37,2022-04-13
E004693,Diya,Finance,30,3.0,55706.04,9.21,2022-04-14
E004694,Nisha,Finance,44,7.0,88059.32,1.47,2022-04-14
E004695,Nisha,Engineering,51,10.0,52110.28,3.2,2022-04-14
E004696,Tara,Operations,25,16.0,90052.37,7.62,2022-04-15
E004697,Tara,Engineering,37,9.0,76165.19,9.56,2022-04-15
E004698,Tara,Operations,23,5.0,83544.37,6.66,2022-04-15
E004699,Kabir,Operations,30,17.0,96496.77,2.21,2022-04-16
E004700,Aditya,Finance,38,4.0,44311.01,7.76,2022-04-16
E004701,Nisha,HR,60,16.0,66024.69,7.85,2022-04-16
E004702,Aarav,Finance,25,3.0,51881.62,8.23,2022-04-17
E004703,Nisha,Engineering,23,15.0,80517.34,1.49,2022-04-17
E004704,Tara,Marketing,54,23.0,87674.37,5.27,2022-04-17
E004705,Aarav,Sales,40,3.0,47657.68,2.55,2022-04-18
E004706,Aarav,Marketing,31,30.0,70811.62,4.61,2022-04-18
E004707,Aditya,Finance,130,31.0,53740.71,5.72,2022-04-18
E004708,Rohan,Marketing,43,9.0,20963.4,7.04,2022-04-19
E004709,Aarav,Sales,52,3.0,62112.42,8.76,2022-04-19
E004710,Tara,Engineering,46,26.0,88794.15,5.9,2022-04-19
E004711,Rohan,Operations,53,7.0,40708.04,8.98,2022-04-20
E004712,Aditya,Finance,59,19.0,10315.64,4.88,2022-04-20
E004713,Nisha,HR,24,3.0,66307.27,4.18,
E004714,Tara,Marketing,40,32.0,51684.01,9.79,2022-04-21
E004715,Rohan,Engineering,29,17.0,56177.01,3.35,2022-04-21
E004716,Diya,Sales,58,14.0,43679.32,1.89,2022-04-21
E004717,Tara,HR,24,13.0,107749.37,3.05,2022-04-22
E004718,Nisha,Marketing,41,22.0,56482.63,8.62,2022-04-22
E004719,Aarav,Sales,37,30.0,91844.82,6.5,2022-04-22
E004720,Aditya,Engineering,38,30.0,79377.41,2.89,2022-04-23
E004721,Isha,HR,33,3.0,67431.63,3.31,2022-04-23
E004722,Aditya,Marketing,61,25.0,97956.8,7.48,2022-04-23
E004723,Isha,Finance,21,17.0,77338.61,8.51,2022-04-24
E004724,Aditya,HR,31,2.0,54283.17,7.5,2022-04-24
E004725,Isha,Engineering,52,28.0,30490.42,3.17,
E004726,Kabir,Finance,40,15.0,9878.96,1.87,2022-04-25
E004727,Aarav,Engineering,61,19.0,112769.78,5.63,2022-04-25
E004728,Aarav,Sales,54,0.0,93993.89,9.49,2022-04-25
E004729,Diya,HR,38,4.0,79101.1,5.41,2022-04-26
E004730,Kabir,HR,33,33.0,75135.33,5.5,2022-04-26
E004731,Nisha,Finance,50,23.0,53393.64,2.42,2022-04-26
E004732,Aditya,Sales,40,3.0,72221.22,4.29,2022-04-27
E004733,Rohan,Operations,36,26.0,62413.17,1.48,2022-04-27
E004734,Isha,HR,57,26.0,73141.42,3.41,2022-04-27
E004735,Aditya,Marketing,33,2.0,55614.72,3.63,2022-04-28
E004736,Rohan,Engineering,23,11.0,2205.09,2.31,2022-04-28
E004737,Kabir,Sales,41,25.0,107442.49,5.89,2022-04-28
E004738,Rohan,Operations,43,33.0,52356.54,9.93,2022-04-29
E004739,Aditya,Operations,39,12.0,77586.24,2.41,2022-04-29
E004740,Nisha,HR,26,26.0,61494.77,4.15,2022-04-29
E004741,Aditya,Marketing,48,8.0,45135.94,5.53,2022-04-30
E004742,Isha,Engineering,47,34.0,23661.68,4.74,2022-04-30
E004743,Tara,Engineering,31,3.0,25707.75,3.4,2022-04-30
E004744,Isha,Marketing,39,25.0,98623.32,8.27,2022-05-01
E004745,,Marketing,24,12.0,73468.28,4.1,2022-05-01
E004746,Nisha,Operations,57,16.0,42592.59,8.25,2022-05-01
E004747,Aarav,Engineering,46,26.0,30647.43,9.79,2022-05-02
E004748,Kabir,Finance,55,27.0,48107.02,1.77,2022-05-02
E004749,Kabir,Sales,44,10.0,38805.27,6.35,2022-05-02
E004750,Kabir,Sales,43,20.0,85080.26,4.11,2022-05-03
E004751,Isha,Engineering,35,4.0,72607.13,8.56,2022-05-03
E004752,,Marketing,50,17.0,71423.17,5.09,2022-05-03
E004753,Rohan,Marketing,40,8.0,82378.45,4.18,2022-05-04
E004754,Tara,Operations,38,19.0,101193.65,7.94,
E004755,Rohan,Operations,52,,40902.54,8.03,2022-05-04
E004756,,Finance,28,12.0,37694.31,6.26,2022-05-05
E004757,Tara,Marketing,56,13.0,85775.34,1.24,2022-05-05
E004758,Diya,Finance,60,27.0,66974.03,6.02,2022-05-05
E004759,Aarav,Sales,21,33.0,111211.65,5.28,2022-05-06
E004760,Aditya,Marketing,33,14.0,55073.27,1.24,2022-05-06
E004761,Aarav,Marketing,44,32.0,90100.46,2.05,2022-05-06
E004762,Isha,Sales,21,23.0,61139.28,7.35,2022-05-07
E004763,Aditya,Finance,34,27.0,61991.11,4.9,2022-05-07
E004764,Aditya,Marketing,42,8.0,42316.11,4.43,2022-05-07
E004765,Rohan,HR,28,5.0,110319.44,2.69,2022-05-08
E004766,Aditya,Marketing,56,27.0,47230.75,4.38,2022-05-08
E004767,Rohan,Sales,32,30.0,32891.0,5.03,2022-05-08
E004768,Rohan,Engineering,33,15.0,52522.89,1.67,2022-05-09
E004769,Aditya,Finance,39,3.0,43745.25,4.33,2022-05-09
E004770,Isha,HR,24,15.0,78795.4,6.16,2022-05-09
E004771,Rohan,HR,36,3.0,39130.28,6.05,2022-05-10
E004772,Tara,Operations,32,,72508.52,9.19,2022-05-10
E004773,,Marketing,54,11.0,110209.31,3.44,2022-05-10
E004774,Kabir,Engineering,41,28.0,84248.93,3.24,2022-05-11
E004775,Kabir,Finance,47,11.0,82090.34,1.22,2022-05-11
E004776,,Finance,51,30.0,68040.19,9.01,2022-05-11
E004777,Diya,HR,24,12.0,86457.24,4.93,2022-05-12
E004778,Tara,Finance,41,0.0,102941.32,9.27,2022-05-12
E004779,Isha,Sales,60,9.0,16291.62,8.29,2022-05-12
E004780,Aditya,Finance,53,2.0,38615.91,2.33,2022-05-13
E004781,Aarav,Operations,46,13.0,80776.4,4.16,2022-05-13
E004782,Aarav,HR,39,19.0,102899.11,7.67,2022-05-13
E004783,Nisha,Engineering,36,13.0,94943.57,5.45,2022-05-14
E004784,Rohan,Engineering,30,1.0,113793.66,6.16,2022-05-14
E004785,Kabir,Operations,34,9.0,78222.56,1.16,2022-05-14
E004786,Nisha,Marketing,33,22.0,71589.37,6.51,2022-05-15
E004787,Rohan,Operations,25,0.0,97961.42,9.18,2022-05-15
E004788,Kabir,Marketing,32,28.0,90542.97,7.11,2022-05-15
E004789,Diya,Marketing,27,22.0,97834.72,6.0,2022-05-16
E004790,Aditya,Sales,61,15.0,21795.57,5.77,2022-05-16
E004791,Aarav,Operations,43,16.0,55653.87,2.77,2022-05-16
E004792,Nisha,Operations,61,4.0,69738.58,5.51,2022-05-17
,Rohan,Operations,39,7.0,57511.79,8.58,2022-05-17
E004794,Nisha,Engineering,47,23.0,106307.93,8.71,2022-05-17
E004795,Aditya,Sales,36,6.0,42995.99,1.74,2022-05-18
E004796,Tara,Sales,58,15.0,108838.45,8.96,2022-05-18
E004797,Nisha,Marketing,33,1.0,28972.56,2.28,2022-05-18
E004798,Nisha,Finance,58,18.0,51240.3,2.42,2022-05-19
E004799,Tara,Sales,55,11.0,68309.92,3.08,2022-05-19
E004800,,Engineering,55,30.0,95155.98,5.86,2022-05-19
E004801,Tara,Marketing,46,27.0,48381.48,1.59,2022-05-20
E004802,,HR,45,13.0,31762.3,8.19,2022-05-20
E004803,Aditya,HR,51,34.0,70648.94,8.31,2022-05-20
E004804,Rohan,Marketing,28,32.0,64483.1,4.36,2022-05-21
E004805,Aarav,Sales,50,33.0,74569.25,3.17,2022-05-21
E004806,Rohan,Operations,29,24.0,53921.64,1.48,2022-05-21
E004807,Tara,Finance,40,21.0,45788.41,9.65,2022-05-22
E004808,Kabir,Sales,33,10.0,58944.11,1.14,2022-05-22
E004809,Aarav,Engineering,44,19.0,56299.61,9.51,2022-05-22
E004810,Diya,HR,45,27.0,51384.89,6.18,2022-05-23
E004811,Nisha,Finance,60,31.0,60219.22,6.67,2022-05-23
E004812,Diya,HR,58,5.0,62368.23,7.39,2022-05-23
E004813,Nisha,Sales,46,5.0,27402.91,3.04,2022-05-24
E004814,Nisha,Operations,50,5.0,64012.85,6.61,2022-05-24
E004815,Diya,HR,38,14.0,31229.92,7.73,
E004816,Aarav,Marketing,42,12.0,92343.9,9.78,2022-05-25
E004817,Tara,Operations,38,13.0,51397.3,1.93,2022-05-25
E004818,Diya,Marketing,37,1.0,79930.3,9.01,2022-05-25
E004819,Aditya,Marketing,52,32.0,68262.64,6.37,2022-05-26
E004820,Diya,Marketing,48,17.0,67226.06,7.45,2022-05-26
E004821,Kabir,Operations,23,11.0,49830.06,3.73,2022-05-26
E004822,Aditya,Marketing,33,15.0,69693.63,8.96,2022-05-27
E004823,Isha,Finance,52,,86827.48,8.08,2022-05-27
E004824,Diya,Operations,52,19.0,61523.76,2.16,2022-05-27
E004825,Rohan,Marketing,25,15.0,70006.2,5.14,2022-05-28
E004826,Kabir,Operations,54,17.0,85143.86,3.46,2022-05-28
E004827,Aditya,HR,50,14.0,68202.16,8.9,2022-05-28
E004828,Diya,Sales,60,2.0,40506.61,4.5,2022-05-29
E004829,Diya,HR,29,2.0,100365.87,7.05,2022-05-29
E004830,Kabir,Engineering,39,8.0,113597.54,7.45,2022-05-29
,Kabir,Finance,27,32.0,80134.46,1.68,2022-05-30
E004832,Isha,Engineering,56,6.0,73491.22,4.97,2022-05-30
E004833,Rohan,Engineering,60,1.0,44368.08,9.61,2022-05-30
E004834,Isha,Engineering,55,23.0,59340.06,5.78,2022-05-31
E004835,Kabir,Operations,59,15.0,52951.27,1.64,2022-05-31
E004836,Isha,HR,42,31.0,116587.78,8.39,2022-05-31
E004837,Isha,Sales,37,6.0,74592.06,6.39,2022-06-01
E004838,Isha,Finance,36,0.0,63676.97,4.92,2022-06-01
E004839,Aditya,Marketing,57,3.0,23272.65,4.22,2022-06-01
E004840,Rohan,Sales,45,7.0,49144.65,6.88,2022-06-02
E004841,Tara,Sales,43,32.0,102799.58,7.76,2022-06-02
E004842,Tara,Marketing,25,19.0,60562.64,5.71,2022-06-02
E004843,Diya,Operations,45,8.0,43754.94,7.08,2022-06-03
E004844,Isha,Marketing,54,31.0,64051.99,7.89,2022-06-03
E004845,Tara,Finance,52,0.0,103851.6,7.23,2022-06-03
E004846,Rohan,Engineering,49,0.0,73570.06,9.8,2022-06-04
E004847,Rohan,HR,31,23.0,80153.85,5.11,2022-06-04
E004848,Aarav,Finance,53,13.0,60380.23,9.47,2022-06-04
E004849,Kabir,Operations,31,32.0,65716.53,5.75,2022-06-05
E004850,Diya,Engineering,29,26.0,93364.47,9.82,2022-06-05
E004851,Rohan,HR,30,9.0,76438.54,15.0,2022-06-05
E004852,Rohan,HR,40,14.0,41889.65,5.48,2022-06-06
E004853,Tara,Marketing,41,33.0,66176.16,6.1,2022-06-06
E004854,Aditya,Operations,46,19.0,94483.82,7.79,2022-06-06
E004855,Isha,Engineering,38,14.0,45857.83,4.1,2022-06-07
,Aarav,Marketing,46,3.0,78296.88,5.43,2022-06-07
E004857,Nisha,Finance,57,18.0,15311.3,2.07,2022-06-07
E004858,Aarav,Marketing,25,7.0,52528.17,8.55,2022-06-08
E004859,Aarav,Operations,35,4.0,34816.12,3.89,2022-06-08
E004860,Tara,Finance,41,26.0,79814.79,3.33,2022-06-08
E004861,Tara,Operations,51,11.0,78122.74,6.48,2022-06-09
E004862,Kabir,Finance,26,25.0,80777.45,2.78,2022-06-09
E004863,Rohan,HR,44,20.0,49308.65,6.09,2022-06-09
E004864,Aditya,Engineering,44,21.0,65714.69,7.9,2022-06-10
E004865,Diya,Operations,52,33.0,81804.54,8.61,2022-06-10
E004866,Isha,Sales,44,25.0,39303.13,5.26,2022-06-10
E004867,Diya,Sales,29,14.0,102408.08,1.56,2022-06-11
E004868,Nisha,Engineering,40,34.0,60460.27,2.21,2022-06-11
E004869,Isha,Marketing,55,16.0,57529.68,4.83,2022-06-11
E004870,Tara,Operations,28,20.0,51779.54,1.44,2022-06-12
E004871,Aarav,Sales,44,14.0,74558.83,3.3,2022-06-12
E004872,Nisha,Finance,48,27.0,61970.19,5.98,2022-06-12
E004873,Nisha,Finance,39,9.0,59403.11,3.77,2022-06-13
E004874,Aarav,Finance,40,12.0,101328.72,6.55,2022-06-13
E004875,Aditya,Marketing,43,24.0,87084.33,3.14,2022-06-13
E004876,Nisha,Engineering,21,17.0,88172.48,5.1,2022-06-14
E004877,Isha,Operations,58,29.0,46950.33,8.15,2022-06-14
E004878,Aarav,HR,22,5.0,44538.39,6.98,2022-06-14
E004879,Kabir,Finance,44,12.0,85053.57,9.23,2022-06-15
E004880,Aditya,Human Resources,56,16.0,45108.53,7.71,2022-06-15
E004881,,Sales,26,16.0,78406.18,3.72,2022-06-15
E004882,Kabir,Engineering,24,29.0,86967.34,2.68,2022-06-16
E004883,,Marketing,57,13.0,60636.9,2.94,2022-06-16
E004884,Aarav,HR,24,20.0,108023.42,9.41,2022-06-16
E004885,Diya,Engineering,51,4.0,71415.2,9.74,
E004886,,Engineering,41,32.0,37449.43,3.74,2022-06-17
E004887,Kabir,HR,25,14.0,63033.1,5.0,2022-06-17
E004888,Rohan,Operations,40,18.0,74976.87,4.46,2022-06-18
E004889,Nisha,Finance,25,9.0,38193.42,6.34,2022-06-18
E004890,Nisha,Operations,41,11.0,76013.38,1.07,2022-06-18
E004891,Kabir,HR,42,19.0,91174.8,8.98,2022-06-19
E004892,Isha,HR,60,4.0,47594.87,2.62,2022-06-19
E004893,Kabir,Engineering,24,15.0,63127.88,2.47,2022-06-19
E004894,Nisha,Engineering,45,29.0,99951.87,7.18,2022-06-20
E004895,Tara,Engineering,57,20.0,65549.77,1.24,2022-06-20
E004896,Diya,Engineering,53,30.0,60901.3,6.2,2022-06-20
E004897,Tara,Marketing,33,4.0,81109.52,4.0,2022-06-21
E004898,Aarav,Engineering,25,31.0,40646.98,2.58,2022-06-21
E004899,Aditya,Operations,59,33.0,52069.85,7.9,2022-06-21
E004900,Tara,Sales,21,0.0,111894.54,5.96,2022-06-22
E004901,Diya,Sales,21,33.0,69495.05,6.62,2022-06-22
E004902,Aditya,HR,30,33.0,70110.3,2.86,2022-06-22
E004903,Tara,Operations,22,22.0,112052.74,3.0,2022-06-23
E004904,Diya,Marketing,28,18.0,28127.03,2.43,
E004905,Rohan,HR,35,6.0,54771.98,4.22,2022-06-23
,Isha,Sales,58,13.0,82175.74,9.46,2022-06-24
E004907,Rohan,Sales,51,30.0,0.0,8.63,2022-06-24
E004908,Aarav,Marketing,56,26.0,74022.6,4.26,2022-06-24
E004909,Tara,Operations,49,13.0,72317.07,7.6,2022-06-25
E004910,Tara,Marketing,30,13.0,66667.75,6.7,2022-06-25
E004911,Tara,Marketing,37,14.0,61313.26,6.63,2022-06-25
E004912,Aditya,Marketing,54,8.0,90073.76,6.78,2022-06-26
E004913,Aarav,HR,25,11.0,42245.5,3.66,2022-06-26
E004914,Isha,Sales,26,23.0,32659.03,5.2,2022-06-26
E004915,Tara,Engineering,53,2.0,49098.51,2.94,2022-06-27
E004916,Aarav,Operations,47,8.0,49765.98,9.65,2022-06-27
E004917,,Engineering,41,5.0,47635.48,3.43,2022-06-27
E004918,Aditya,Marketing,38,1.0,38427.73,5.76,2022-06-28
E004919,Isha,Finance,50,1.0,80277.2,6.84,2022-06-28
E004920,Diya,HR,35,9.0,86033.18,4.92,2022-06-28
E004921,Aarav,Sales,44,4.0,75666.44,1.25,2022-06-29
E004922,Nisha,Marketing,21,19.0,80775.59,2.68,2022-06-29
E004923,Aarav,Sales,59,13.0,86581.86,9.05,2022-06-29
E004924,Kabir,Sales,38,29.0,65090.73,7.63,2022-06-30
E004925,Nisha,Engineering,30,4.0,62790.29,9.01,2022-06-30
E004926,Kabir,HR,28,3.0,85965.27,2.12,2022-06-30
E004927,Rohan,Operations,33,4.0,69964.41,4.28,2022-07-01
E004928,Isha,Marketing,28,,35290.19,9.32,2022-07-01
E004929,Aditya,Operations,49,6.0,72702.31,5.56,2022-07-01
E004930,Aditya,Engineering,48,28.0,92345.88,8.04,2022-07-02
E004931,Rohan,Engineering,38,27.0,72728.22,7.11,2022-07-02
E004932,Nisha,Engineering,59,25.0,66538.61,6.9,2022-07-02
E004933,Nisha,Marketing,44,9.0,25884.39,9.78,2022-07-03
E004934,Aarav,HR,35,25.0,84209.78,2.88,2022-07-03
E004935,Isha,Operations,30,18.0,46656.48,4.69,2022-07-03
E004936,Kabir,Finance,26,3.0,89364.63,7.99,2022-07-04
E004937,Isha,Engineering,23,21.0,74043.63,5.19,2022-07-04
E004938,Isha,Operations,29,6.0,103830.83,7.5,2022-07-04
E004939,Kabir,Finance,43,9.0,87722.32,1.05,2022-07-05
E004940,Rohan,Operations,59,31.0,73772.86,1.05,2022-07-05
E004941,Aarav,Marketing,37,22.0,72475.99,7.7,2022-07-05
E004942,Rohan,Marketing,37,9.0,72265.87,6.49,2022-07-06
E004943,Rohan,Marketing,39,1.0,52021.14,6.59,2022-07-06
E004944,Isha,Marketing,37,4.0,119950.06,7.26,2022-07-06
E004945,Rohan,HR,36,23.0,55233.04,6.91,2022-07-07
E004946,Rohan,HR,46,33.0,78358.0,1.45,2022-07-07
E004947,Aditya,HR,27,18.0,55433.26,5.14,2022-07-07
E004948,Isha,Marketing,61,2.0,56838.2,3.46,2022-07-08
E004949,Tara,Marketing,36,33.0,67048.83,4.34,2022-07-08
E004950,Rohan,Finance,33,28.0,99993.51,5.01,2022-07-08
E004951,Nisha,HR,43,24.0,85941.41,2.77,2022-07-09
E004952,Aditya,Sales,57,9.0,72499.04,6.75,2022-07-09
E004953,Diya,Sales,35,3.0,109542.27,5.97,2022-07-09
E004954,Aarav,Sales,31,34.0,30575.69,5.03,2022-07-10
E004955,Aditya,HR,24,25.0,85578.86,8.02,2022-07-10
E004956,Nisha,Finance,42,29.0,23231.29,1.67,2022-07-10
E004957,Diya,Finance,51,30.0,56198.11,8.27,2022-07-11
E004958,Kabir,Operations,44,22.0,72330.55,6.85,2022-07-11
E004959,Kabir,Operations,56,24.0,66889.38,7.81,2022-07-11
E004960,Tara,Engineering,33,1.0,58469.57,9.76,2022-07-12
E004961,Nisha,HR,57,25.0,63318.0,2.52,2022-07-12
E004962,Kabir,Engineering,47,10.0,51099.6,9.53,2022-07-12
E004963,Diya,Engineering,32,6.0,54143.83,2.96,2022-07-13
E004964,Tara,Sales,55,32.0,86822.7,6.27,2022-07-13
E004965,Tara,Operations,40,14.0,95909.06,6.54,2022-07-13
E004966,Nisha,Marketing,41,10.0,140700.6,7.41,2022-07-14
E004967,Rohan,Sales,49,28.0,53368.68,6.27,2022-07-14
E004968,Tara,HR,53,9.0,48767.07,3.96,2022-07-14
E004969,Isha,Operations,52,26.0,51248.98,3.49,2022-07-15
E004970,Aarav,HR,41,7.0,110772.45,7.38,2022-07-15
E004971,Isha,Operations,49,3.0,51319.29,8.47,2022-07-15
E004972,Nisha,Finance,34,19.0,72831.45,7.12,2022-07-16
E004973,Diya,Marketing,38,30.0,42484.74,8.18,2022-07-16
E004974,Isha,Engineering,58,12.0,100068.39,2.71,2022-07-16
E004975,Aarav,HR,53,10.0,99738.41,9.75,2022-07-17
E004976,Rohan,Operations,36,24.0,86070.29,4.69,2022-07-17
E004977,Isha,Operations,24,15.0,84357.7,9.63,2022-07-17
E004978,Aditya,Marketing,61,0.0,61741.84,6.76,2022-07-18
E004979,Aarav,Sales,44,1.0,52983.02,2.47,2022-07-18
E004980,Aarav,HR,38,15.0,71266.94,5.12,2022-07-18
E004981,Diya,Finance,59,20.0,91076.61,2.63,2022-07-19
E004982,Nisha,Marketing,28,19.0,76886.31,4.25,2022-07-19
E004983,Aditya,Sales,29,24.0,35999.29,1.42,2022-07-19
E004984,Tara,Finance,46,13.0,74811.08,4.25,2022-07-20
E004985,Diya,Operations,38,12.0,81380.18,1.9,2022-07-20
E004986,Aarav,Engineering,27,19.0,49506.32,6.68,
E004987,Diya,HR,39,26.0,77571.63,9.7,2022-07-21
E004988,Nisha,Marketing,31,8.0,21972.77,5.66,2022-07-21
E004989,Nisha,Finance,54,24.0,118682.83,9.21,2022-07-21
E004990,Nisha,Operations,28,18.0,47842.23,3.35,2022-07-22
E004991,Kabir,Marketing,35,6.0,125993.08,3.91,2022-07-22
E004992,Isha,Marketing,49,34.0,29800.77,6.04,2022-07-22
E004993,Aditya,Marketing,33,2.0,93167.3,9.13,2022-07-23
E004994,Nisha,Engineering,52,19.0,69397.53,3.24,2022-07-23
E004995,Nisha,HR,42,,85879.34,6.56,2022-07-23
E004996,Isha,Operations,25,6.0,126116.36,8.91,2022-07-24
E004997,Rohan,HR,58,9.0,52927.26,8.11,2022-07-24
E004998,Rohan,HR,51,14.0,84646.08,4.39,2022-07-24
E004999,Isha,Sales,38,0.0,49992.35,3.43,2022-07-25
E005000,Aditya,Marketing,29,12.0,37824.67,3.8,2022-07-25
E005001,Kabir,Marketing,43,27.0,73497.01,6.43,2022-07-25
E005002,Rohan,Operations,24,8.0,61257.82,6.8,2022-07-26
E005003,Kabir,Sales,28,21.0,55704.06,7.11,2022-07-26
E005004,Aditya,Sales,38,0.0,62533.31,1.71,2022-07-26
E005005,Rohan,Operations,37,3.0,57937.06,2.76,2022-07-27
E005006,Kabir,HR,24,14.0,89151.47,3.61,2022-07-27
E005007,Kabir,Finance,44,22.0,116239.03,4.9,2022-07-27
E005008,Rohan,Engineering,58,4.0,94705.83,2.41,2022-07-28
E005009,Nisha,Sales,31,18.0,60995.3,8.43,2022-07-28
E005010,Isha,Operations,60,29.0,102446.05,6.29,2022-07-28
E005011,Rohan,Marketing,56,9.0,44355.64,4.73,2022-07-29
E005012,Aarav,Marketing,28,25.0,55387.41,3.61,2022-07-29
E005013,Isha,Marketing,59,22.0,69562.78,4.93,2022-07-29
E005014,,Finance,49,3.0,40771.19,5.65,2022-07-30
E005015,Nisha,Finance,38,2.0,65506.3,3.28,2022-07-30
E005016,Aditya,Operations,30,23.0,68189.52,9.51,2022-07-30
E005017,Isha,Finance,58,0.0,23083.09,4.42,2022-07-31
E005018,Rohan,Sales,28,12.0,111072.33,4.61,2022-07-31
E005019,Aditya,Finance,55,26.0,42190.16,4.58,2022-07-31
E005020,Kabir,Sales,52,3.0,25153.01,4.31,2022-08-01
E005021,Rohan,Operations,38,24.0,68726.34,3.59,2022-08-01
E005022,Nisha,Finance,61,7.0,81488.16,1.31,2022-08-01
E005023,Diya,Marketing,53,,49629.29,7.65,2022-08-02
E005024,Aditya,Sales,34,13.0,84558.64,7.81,2022-08-02
E005025,Rohan,Operations,45,29.0,135580.83,5.92,2022-08-02
E005026,Aarav,Sales,53,19.0,80148.85,7.19,2022-08-03
E005027,Nisha,HR,27,16.0,55919.3,8.1,2022-08-03
E005028,Tara,Marketing,30,22.0,109170.96,5.41,2022-08-03
E005029,Kabir,Engineering,21,1.0,46620.07,6.79,2022-08-04
E005030,Isha,Sales,27,13.0,44544.29,7.87,2022-08-04
E005031,Diya,Engineering,58,14.0,74831.09,1.9,2022-08-04
E005032,Isha,Engineering,60,18.0,55908.44,5.01,2022-08-05
E005033,Kabir,HR,51,34.0,52603.8,2.2,2022-08-05
E005034,Tara,Operations,30,8.0,27788.0,3.78,
E005035,Isha,HR,53,4.0,19125.85,6.55,2022-08-06
E005036,Tara,Operations,41,30.0,73280.76,4.47,2022-08-06
E005037,Tara,Engineering,47,22.0,36101.64,5.57,2022-08-06
E005038,Rohan,Engineering,47,27.0,63003.56,8.24,2022-08-07
E005039,Diya,Engineering,27,21.0,44102.17,6.19,2022-08-07
E005040,,HR,58,5.0,63139.64,1.92,2022-08-07
E005041,Isha,Engineering,37,4.0,54111.18,5.98,2022-08-08
E005042,Diya,Marketing,61,11.0,93609.26,6.96,2022-08-08
E005043,Rohan,Engineering,22,30.0,81832.3,7.21,2022-08-08
E005044,Aditya,Engineering,22,9.0,66710.05,5.38,2022-08-09
E005045,Aarav,Sales,23,14.0,115652.99,9.19,2022-08-09
E005046,Aarav,Sales,34,21.0,93345.52,1.51,2022-08-09
E005047,Diya,Engineering,57,10.0,44233.81,4.93,2022-08-10
E005048,Tara,HR,55,33.0,88088.36,5.42,2022-08-10
E005049,Nisha,Sales,37,6.0,49086.7,3.85,2022-08-10
E005050,Kabir,Sales,34,13.0,50760.05,7.75,2022-08-11
E005051,Aditya,Sales,30,3.0,80256.54,2.79,2022-08-11
E005052,Nisha,HR,30,34.0,109429.65,9.3,2022-08-11
E005053,Kabir,Sales,35,32.0,86859.06,8.52,2022-08-12
E005054,Aditya,HR,31,21.0,99316.86,6.24,2022-08-12
E005055,Aarav,Sales,52,13.0,73043.48,6.76,2022-08-12
E005056,Isha,Engineering,33,27.0,50137.8,2.54,2022-08-13
E005057,Rohan,HR,57,13.0,80042.05,8.17,2022-08-13
E005058,Aarav,Finance,52,30.0,54796.59,8.74,2022-08-13
E005059,Tara,Marketing,23,3.0,89898.68,9.51,2022-08-14
E005060,Aditya,HR,32,10.0,77722.94,9.14,2022-08-14
E005061,Rohan,Sales,46,23.0,107037.87,2.94,2022-08-14
E005062,Aarav,Finance,56,18.0,82152.01,7.0,2022-08-15
E005063,Nisha,Engineering,27,12.0,55053.27,9.69,2022-08-15
E005064,Tara,HR,26,14.0,100445.01,1.8,2022-08-15
E005065,Rohan,Sales,23,1.0,67717.84,7.71,2022-08-16
E005066,Rohan,Finance,52,4.0,53209.07,1.13,2022-08-16
E005067,Diya,Engineering,23,5.0,60393.07,7.39,2022-08-16
,Isha,HR,34,5.0,66046.69,3.39,2022-08-17
E005069,Rohan,Marketing,24,13.0,26209.88,5.74,2022-08-17
E005070,Nisha,Sales,34,30.0,74898.44,2.55,2022-08-17
E005071,Aarav,Marketing,35,0.0,57040.44,9.8,2022-08-18
E005072,Kabir,Marketing,60,13.0,71016.4,1.16,2022-08-18
E005073,Aditya,Marketing,44,23.0,59481.47,5.84,2022-08-18
E005074,Isha,Sales,41,8.0,89609.9,7.29,2022-08-19
E005075,Nisha,Operations,51,2.0,79665.14,4.18,2022-08-19
E005076,Diya,HR,56,11.0,56987.32,4.37,2022-08-19
E005077,Tara,Engineering,50,15.0,48373.67,8.78,2022-08-20
E005078,Tara,Operations,37,13.0,54508.46,4.94,2022-08-20
E005079,Nisha,Marketing,39,4.0,118414.12,3.01,2022-08-20
E005080,Rohan,Operations,34,8.0,72660.62,4.6,2022-08-21
E005081,Aditya,Marketing,25,11.0,42810.06,4.36,2022-08-21
E005082,Aditya,Engineering,32,18.0,105668.3,6.89,2022-08-21
E005083,Kabir,Sales,45,16.0,101285.42,6.13,2022-08-22
E005084,Nisha,Engineering,49,13.0,110984.33,3.94,2022-08-22
E005085,Aditya,HR,28,11.0,75862.26,3.68,2022-08-22
E005086,Aarav,Operations,38,30.0,60272.8,7.2,2022-08-23
E005087,Diya,Marketing,21,17.0,48517.8,3.82,2022-08-23
E005088,Aarav,Marketing,45,2.0,60491.75,4.17,2022-08-23
E005089,Kabir,HR,51,20.0,45441.41,1.71,2022-08-24
,Isha,Marketing,33,33.0,93175.89,6.96,2022-08-24
E005091,Aditya,Marketing,24,30.0,108102.89,3.28,2022-08-24
E005092,Nisha,Sales,24,0.0,105184.08,3.34,2022-08-25
,Tara,Sales,40,29.0,34753.93,4.12,
E005094,Aditya,Finance,27,26.0,59450.93,4.44,2022-08-25
E005095,Aarav,Sales,33,14.0,81119.66,8.21,2022-08-26
E005096,Kabir,Engineering,24,23.0,60833.73,9.59,2022-08-26
E005097,Kabir,Operations,28,14.0,104347.06,7.48,2022-08-26
E005098,Diya,Sales,40,13.0,57775.35,7.33,2022-08-27
E005099,Rohan,HR,30,1.0,64739.62,4.88,2022-08-27
E005100,Isha,Finance,52,9.0,49557.67,7.51,2022-08-27
E005101,Tara,Sales,59,28.0,63776.28,9.5,2022-08-28
E005102,Aarav,Engineering,33,12.0,65325.98,5.31,2022-08-28
E005103,Aarav,Finance,41,27.0,44130.4,3.31,2022-08-28
E005104,Diya,Engineering,34,,59417.16,2.92,2022-08-29
E005105,Aarav,HR,23,14.0,75651.58,5.63,2022-08-29
E005106,Isha,Marketing,46,11.0,104605.99,3.68,2022-08-29
E005107,Rohan,Engineering,22,32.0,63386.22,9.18,2022-08-30
E005108,Isha,Marketing,22,3.0,58244.66,6.63,2022-08-30
E005109,Rohan,Sales,58,13.0,47821.38,5.87,2022-08-30
E005110,Tara,Marketing,28,19.0,84012.93,1.65,2022-08-31
,Rohan,Marketing,54,11.0,52492.03,8.98,2022-08-31
E005112,Aarav,HR,52,33.0,36875.85,8.74,2022-08-31
E005113,Tara,Marketing,47,21.0,76442.18,5.44,2022-09-01
E005114,Aarav,Sales,39,24.0,26548.15,8.73,2022-09-01
E005115,Isha,Operations,33,28.0,103620.34,3.18,
E005116,Tara,Engineering,27,31.0,54078.17,2.27,2022-09-02
E005117,Kabir,Marketing,53,8.0,79998.39,9.29,2022-09-02
E005118,Rohan,Finance,55,21.0,80232.01,8.11,2022-09-02
E005119,Tara,Finance,50,4.0,35778.8,1.94,2022-09-03
E005120,Rohan,Engineering,32,11.0,80218.55,3.87,2022-09-03
E005121,Aditya,HR,54,3.0,64267.97,2.94,2022-09-03
E005122,Tara,Sales,47,10.0,59910.72,8.54,2022-09-04
E005123,Tara,HR,50,22.0,27329.97,4.82,2022-09-04
E005124,Rohan,Engineering,21,17.0,90176.99,6.16,
E005125,Tara,Engineering,54,6.0,108527.8,5.8,2022-09-05
E005126,Diya,Marketing,52,14.0,76707.39,6.24,2022-09-05
E005127,Aditya,HR,45,32.0,31274.22,8.49,2022-09-05
E005128,Diya,Finance,36,11.0,78842.73,6.39,2022-09-06
E005129,Rohan,HR,60,29.0,49009.18,7.85,2022-09-06
E005130,Kabir,HR,29,15.0,48125.12,2.6,2022-09-06
E005131,,Marketing,42,14.0,45570.83,6.41,2022-09-07
E005132,Kabir,Operations,50,17.0,77417.89,5.48,2022-09-07
E005133,Aditya,Engineering,26,25.0,71855.93,3.85,2022-09-07
E005134,Rohan,Sales,29,24.0,66223.63,9.5,2022-09-08
E005135,Diya,Finance,52,26.0,81590.53,2.56,2022-09-08
E005136,Isha,Operations,30,7.0,48721.54,8.81,2022-09-08
E005137,Aditya,Sales,52,19.0,58976.5,2.64,2022-09-09
E005138,Nisha,HR,35,13.0,41940.57,3.14,2022-09-09
E005139,Isha,Operations,43,6.0,39646.2,5.11,2022-09-09
E005140,Isha,Sales,33,18.0,52605.71,7.7,2022-09-10
E005141,Nisha,Sales,58,33.0,30457.86,8.28,2022-09-10
E005142,Aditya,Finance,26,22.0,57652.78,3.05,2022-09-10
E005143,Tara,Sales,29,20.0,78184.67,8.5,2022-09-11
E005144,Rohan,Marketing,36,29.0,78317.91,3.82,2022-09-11
E005145,Tara,Operations,35,22.0,64135.81,8.62,2022-09-11
E005146,Aarav,HR,43,16.0,55437.38,9.44,2022-09-12
E005147,Aditya,HR,31,24.0,55693.57,6.08,2022-09-12
E005148,Diya,Operations,23,28.0,98692.63,8.91,2022-09-12
E005149,Nisha,Engineering,50,29.0,89166.47,6.72,2022-09-13
E005150,Kabir,Finance,60,4.0,62326.03,7.36,2022-09-13
E005151,Tara,Finance,43,30.0,123191.81,7.17,2022-09-13
E005152,Isha,Finance,52,24.0,67460.03,5.61,2022-09-14
E005153,Aarav,Sales,54,14.0,89832.63,8.53,2022-09-14
E005154,Tara,Finance,26,32.0,80940.42,9.48,2022-09-14
E005155,Aditya,HR,25,8.0,29387.62,6.73,2022-09-15
E005156,Diya,Marketing,28,33.0,41811.45,5.14,2022-09-15
E005157,Aarav,Marketing,61,16.0,94988.96,6.56,2022-09-15
,Diya,Sales,30,11.0,54135.0,5.78,2022-09-16
E005159,Isha,HR,60,19.0,77182.12,8.39,2022-09-16
E005160,Kabir,HR,21,6.0,60199.71,6.59,2022-09-16
E005161,,Sales,39,34.0,88395.21,4.59,2022-09-17
E005162,Aditya,Operations,58,8.0,21384.62,7.88,2022-09-17
E005163,Tara,HR,52,15.0,76839.12,2.01,2022-09-17
E005164,Kabir,Operations,34,16.0,68431.75,1.15,2022-09-18
E005165,Kabir,HR,45,3.0,54449.64,2.98,2022-09-18
E005166,Rohan,Finance,55,10.0,60214.48,6.54,2022-09-18
E005167,Rohan,Finance,38,6.0,102884.47,9.26,2022-09-19
E005168,Isha,HR,30,10.0,92522.65,4.99,2022-09-19
E005169,Aditya,HR,46,1.0,105328.63,2.04,2022-09-19
E005170,Isha,Finance,60,24.0,57955.52,1.67,2022-09-20
E005171,Kabir,Operations,45,32.0,54071.07,4.9,2022-09-20
E005172,Tara,Engineering,49,13.0,12608.7,4.07,2022-09-20
E005173,Aditya,Finance,40,8.0,32474.4,8.11,2022-09-21
E005174,Diya,Operations,27,11.0,74721.69,8.19,2022-09-21
E005175,Aditya,Sales,43,33.0,97271.4,3.1,2022-09-21
,Aarav,Operations,47,18.0,50284.58,8.33,2022-09-22
E005177,Isha,Sales,51,20.0,34240.21,1.73,2022-09-22
E005178,Kabir,Sales,57,4.0,91082.4,6.87,2022-09-22
E005179,Rohan,Operations,33,28.0,67587.28,8.09,2022-09-23
E005180,Kabir,Sales,43,7.0,30918.9,7.23,2022-09-23
E005181,Nisha,Marketing,61,1.0,49326.59,4.44,2022-09-23
E005182,Aditya,Finance,58,10.0,116992.63,1.06,2022-09-24
E005183,Rohan,Marketing,39,6.0,61950.6,7.49,2022-09-24
E005184,Aditya,Sales,21,33.0,80828.95,3.24,2022-09-24
E005185,Nisha,Marketing,48,2.0,14558.72,5.72,2022-09-25
E005186,Rohan,Engineering,47,25.0,78098.97,7.2,2022-09-25
E005187,Tara,Sales,26,25.0,71966.04,2.68,2022-09-25
E005188,Nisha,HR,21,5.0,18939.85,6.32,2022-09-26
E005189,Aditya,Sales,34,2.0,61803.46,9.29,2022-09-26
E005190,Kabir,Finance,24,22.0,59885.17,1.54,2022-09-26
E005191,Nisha,Finance,44,1.0,67893.11,9.37,2022-09-27
E005192,Tara,Operations,38,12.0,65253.54,8.19,2022-09-27
E005193,Tara,Sales,52,9.0,36672.93,1.89,
E005194,Rohan,Marketing,28,21.0,89255.5,4.2,2022-09-28
E005195,Tara,Finance,21,12.0,55513.12,7.48,2022-09-28
E005196,Tara,Sales,33,4.0,55860.21,2.86,2022-09-28
E005197,Aditya,Sales,29,12.0,87004.54,8.7,2022-09-29
E005198,Rohan,Sales,33,32.0,89737.51,9.73,2022-09-29
E005199,Aarav,HR,50,5.0,101087.46,7.6,2022-09-29
E005200,Isha,HR,45,6.0,64729.55,7.66,2022-09-30
E005201,Tara,HR,42,17.0,51128.03,1.23,2022-09-30
E005202,Aarav,Marketing,45,12.0,76612.21,7.47,2022-09-30
E005203,Nisha,Finance,41,18.0,101904.36,6.58,2022-10-01
E005204,Isha,Sales,48,3.0,47127.39,8.89,2022-10-01
E005205,Aditya,Finance,36,14.0,46042.48,8.97,
E005206,Aarav,Finance,40,13.0,61091.23,5.69,2022-10-02
E005207,Aditya,HR,36,16.0,94879.02,6.87,2022-10-02
E005208,Isha,HR,25,28.0,12992.71,5.34,2022-10-02
E005209,Diya,Operations,47,17.0,99672.83,5.26,2022-10-03
E005210,Aarav,Sales,38,3.0,50040.42,9.26,2022-10-03
E005211,Aditya,Marketing,54,16.0,101613.95,2.13,2022-10-03
E005212,Rohan,Sales,41,3.0,28719.2,3.38,2022-10-04
E005213,Aarav,Operations,43,12.0,73280.68,8.58,2022-10-04
E005214,Isha,Engineering,33,30.0,60573.53,6.93,2022-10-04
E005215,Rohan,HR,37,5.0,66830.75,7.69,2022-10-05
E005216,Tara,Sales,90,29.0,94776.94,8.93,2022-10-05
E005217,Aditya,Finance,24,28.0,94602.54,5.27,2022-10-05
E005218,Tara,Sales,33,34.0,124338.78,1.67,2022-10-06
E005219,Rohan,Finance,59,2.0,108929.6,7.13,2022-10-06
E005220,Aarav,HR,27,12.0,103857.79,8.66,2022-10-06
E005221,Tara,Operations,59,25.0,72648.69,2.15,2022-10-07
E005222,Isha,Engineering,25,3.0,51249.54,9.28,2022-10-07
E005223,Isha,Finance,49,20.0,73526.01,5.0,2022-10-07
E005224,Isha,Finance,25,29.0,73215.17,8.07,2022-10-08
E005225,Tara,Operations,36,1.0,100415.73,9.34,2022-10-08
E005226,Aditya,Operations,25,27.0,48144.83,7.07,2022-10-08
E005227,Aditya,Operations,31,16.0,87487.77,2.62,2022-10-09
E005228,Nisha,Finance,24,24.0,60278.38,2.38,2022-10-09
E005229,Kabir,Finance,49,10.0,64448.28,6.74,2022-10-09
E005230,Isha,Operations,35,11.0,74896.21,1.63,2022-10-10
E005231,Aditya,HR,44,1.0,74916.21,4.27,2022-10-10
E005232,Isha,Sales,31,5.0,97051.66,7.54,2022-10-10
E005233,Aditya,Finance,56,26.0,17196.05,1.74,2022-10-11
E005234,Kabir,Marketing,39,17.0,61780.22,8.59,2022-10-11
E005235,Diya,Sales,57,34.0,37528.77,8.46,2022-10-11
,Isha,Engineering,35,5.0,70130.43,6.76,2022-10-12
E005237,Diya,Engineering,22,4.0,97836.28,7.92,2022-10-12
E005238,Isha,Operations,34,19.0,72320.04,2.51,2022-10-12
E005239,Rohan,Engineering,29,32.0,62698.32,5.6,2022-10-13
E005240,Isha,Sales,44,1.0,66138.36,2.65,2022-10-13
E005241,Nisha,Marketing,59,32.0,106952.82,7.36,2022-10-13
E005242,Aditya,HR,45,13.0,41888.27,9.49,2022-10-14
E005243,Tara,HR,61,34.0,65867.36,8.36,2022-10-14
E005244,Aarav,Engineering,56,19.0,49947.51,4.2,2022-10-14
E005245,Diya,Marketing,36,13.0,68073.06,5.38,2022-10-15
E005246,Rohan,Sales,26,32.0,98229.27,6.71,2022-10-15
E005247,Aditya,Sales,23,1.0,47129.23,1.81,2022-10-15
E005248,Tara,HR,42,26.0,58781.67,3.19,2022-10-16
E005249,Rohan,Finance,58,7.0,35136.0,7.7,2022-10-16
E005250,Tara,Finance,28,7.0,60863.4,6.67,2022-10-16
E005251,Diya,Sales,39,33.0,35814.51,7.53,2022-10-17
E005252,Nisha,Operations,60,0.0,67561.53,7.64,2022-10-17
E005253,Rohan,Marketing,25,11.0,90110.63,7.89,2022-10-17
E005254,Diya,Sales,52,30.0,69228.62,5.97,2022-10-18
E005255,Aarav,Sales,33,30.0,52863.8,3.37,2022-10-18
E005256,Aarav,Marketing,60,14.0,67482.62,5.92,2022-10-18
E005257,Aarav,Sales,48,5.0,39705.05,3.31,2022-10-19
E005258,Tara,Sales,25,1.0,45613.37,5.6,2022-10-19
E005259,Aarav,Sales,61,6.0,65512.24,3.69,2022-10-19
E005260,Kabir,Operations,49,13.0,123213.33,3.59,2022-10-20
E005261,Nisha,HR,47,19.0,66011.67,6.72,2022-10-20
E005262,Aditya,Marketing,56,29.0,87950.78,5.98,2022-10-20
E005263,Aarav,Sales,39,34.0,65574.18,1.5,2022-10-21
E005264,Nisha,Sales,25,9.0,102027.06,1.05,2022-10-21
E005265,Aarav,Finance,45,28.0,73179.78,3.85,2022-10-21
E005266,Tara,HR,43,4.0,72898.88,3.14,2022-10-22
E005267,Nisha,Marketing,21,23.0,99811.74,4.57,2022-10-22
E005268,Tara,Finance,39,27.0,30645.72,5.3,2022-10-22
E005269,Tara,Operations,52,26.0,96170.29,5.96,2022-10-23
E005270,Rohan,Marketing,43,7.0,87248.3,9.57,2022-10-23
E005271,Diya,HR,60,30.0,75859.51,4.59,2022-10-23
E005272,Tara,Marketing,36,19.0,80015.62,4.38,2022-10-24
E005273,Rohan,Operations,52,17.0,74986.33,9.5,2022-10-24
E005274,Rohan,Engineering,27,12.0,37279.12,7.18,2022-10-24
E005275,Diya,Marketing,40,31.0,10199.54,2.7,2022-10-25
E005276,Nisha,Engineering,53,7.0,78141.28,9.97,2022-10-25
E005277,Diya,HR,28,8.0,108348.72,9.95,2022-10-25
E005278,Kabir,Finance,22,14.0,73506.65,1.48,2022-10-26
E005279,Kabir,Operations,45,15.0,27817.34,5.88,2022-10-26
E005280,Rohan,Marketing,24,25.0,41185.83,5.26,2022-10-26
E005281,Diya,Engineering,21,34.0,67775.23,8.13,2022-10-27
E005282,Aarav,Marketing,29,7.0,113438.35,9.58,2022-10-27
E005283,Aditya,Finance,21,19.0,68544.15,5.72,2022-10-27
E005284,Rohan,Finance,48,33.0,76274.1,7.94,2022-10-28
E005285,Aditya,HR,32,26.0,52983.3,1.64,2022-10-28
E005286,Nisha,Sales,38,34.0,54249.24,7.72,2022-10-28
E005287,Isha,Marketing,49,17.0,43369.06,8.77,2022-10-29
E005288,Kabir,Marketing,35,15.0,105162.84,7.5,2022-10-29
E005289,Aarav,Engineering,54,29.0,73365.16,4.12,2022-10-29
E005290,Nisha,Engineering,35,26.0,82467.2,9.76,2022-10-30
E005291,Tara,HR,-1,12.0,30206.5,5.12,2022-10-30
E005292,Kabir,Operations,43,4.0,52001.84,7.13,2022-10-30
E005293,Aditya,Finance,53,14.0,50433.95,9.37,2022-10-31
E005294,Isha,Finance,58,4.0,81330.8,1.47,2022-10-31
E005295,Nisha,HR,39,27.0,48688.1,7.74,2022-10-31
E005296,Aditya,Operations,30,5.0,34620.92,4.38,2022-11-01
E005297,Aditya,Operations,36,3.0,94966.77,7.23,2022-11-01
,Aditya,Marketing,32,34.0,53447.21,4.39,2022-11-01
E005299,Isha,Operations,59,25.0,96858.65,5.26,2022-11-02
E005300,Isha,Engineering,26,5.0,54218.26,8.11,2022-11-02
E005301,Aarav,Marketing,-1,12.0,77589.32,1.4,2022-11-02
E005302,Nisha,Marketing,36,20.0,72591.77,2.01,2022-11-03
E005303,Rohan,HR,40,27.0,64958.54,2.38,2022-11-03
E005304,Kabir,Finance,50,16.0,27852.11,1.18,2022-11-03
E005305,Isha,HR,21,33.0,57527.89,4.86,2022-11-04
E005306,Nisha,Engineering,30,33.0,79339.88,5.8,2022-11-04
E005307,Isha,Marketing,46,7.0,47987.28,5.04,2022-11-04
E005308,Isha,Engineering,29,6.0,65386.82,6.22,2022-11-05
E005309,Rohan,Marketing,36,27.0,81660.51,8.6,2022-11-05
E005310,Aditya,Engineering,22,3.0,75767.4,1.1,2022-11-05
E005311,Rohan,Finance,37,12.0,82561.8,4.37,2022-11-06
E005312,Kabir,Sales,39,17.0,70175.26,1.14,2022-11-06
E005313,Isha,Operations,29,9.0,16145.29,1.26,2022-11-06
E005314,Tara,Engineering,23,10.0,57338.11,3.77,2022-11-07
E005315,Nisha,Operations,25,22.0,29792.86,3.73,2022-11-07
E005316,Diya,Operations,59,7.0,67790.24,9.73,2022-11-07
E005317,Aarav,Finance,25,22.0,84647.41,5.18,2022-11-08
E005318,Aarav,Sales,39,18.0,97828.15,1.27,2022-11-08
E005319,Aarav,Marketing,59,32.0,89755.46,8.14,2022-11-08
E005320,Tara,Finance,28,13.0,85306.79,1.96,2022-11-09
E005321,Nisha,HR,56,18.0,63599.08,5.85,2022-11-09
E005322,Nisha,Engineering,37,15.0,72546.57,5.9,2022-11-09
E005323,Isha,Finance,57,24.0,93259.62,1.84,2022-11-10
E005324,Aditya,Finance,52,33.0,106841.25,2.0,2022-11-10
E005325,Isha,Sales,48,32.0,78437.38,1.69,2022-11-10
E005326,Diya,Engineering,41,33.0,75251.35,4.43,2022-11-11
E005327,Kabir,Finance,44,-3.0,89023.71,9.22,2022-11-11
E005328,Kabir,Sales,56,18.0,92662.02,1.16,2022-11-11
E005329,Aditya,HR,35,34.0,109403.08,7.43,2022-11-12
E005330,Aditya,Engineering,36,2.0,56733.26,8.77,2022-11-12
E005331,Kabir,Finance,56,9.0,59326.37,2.65,2022-11-12
E005332,Nisha,Marketing,41,26.0,88801.96,4.12,2022-11-13
E005333,Aditya,Engineering,43,10.0,42480.71,2.44,2022-11-13
E005334,Tara,HR,31,5.0,92966.92,7.39,2022-11-13
E005335,Tara,Marketing,32,6.0,90925.8,7.87,2022-11-14
E005336,Tara,HR,61,15.0,51601.45,8.78,2022-11-14
E005337,Tara,Marketing,24,2.0,91852.38,1.58,2022-11-14
E005338,Tara,Marketing,56,11.0,63144.74,1.7,2022-11-15
E005339,Isha,Finance,44,24.0,78425.45,8.76,2022-11-15
E005340,Aditya,Engineering,61,13.0,104730.27,2.06,2022-11-15
E005341,Kabir,Finance,56,28.0,63987.92,8.24,2022-11-16
E005342,Aarav,HR,61,18.0,65760.58,1.8,2022-11-16
E005343,Nisha,Marketing,43,14.0,93907.14,6.96,2022-11-16
E005344,Diya,Engineering,60,31.0,101594.22,3.42,2022-11-17
E005345,Aarav,Marketing,48,17.0,59355.63,6.33,2022-11-17
E005346,Kabir,Operations,40,20.0,36638.33,2.97,2022-11-17
E005347,Isha,Operations,23,30.0,118331.86,5.79,2022-11-18
E005348,Isha,HR,50,31.0,105170.2,2.12,2022-11-18
E005349,Isha,Operations,32,25.0,34021.1,7.25,2022-11-18
E005350,Nisha,Operations,25,5.0,70364.1,2.99,2022-11-19
E005351,Aarav,Engineering,49,7.0,112299.69,5.46,2022-11-19
E005352,Tara,Marketing,38,12.0,99535.55,7.39,2022-11-19
E005353,Tara,Engineering,52,12.0,116040.07,2.46,2022-11-20
E005354,Aarav,HR,57,25.0,60725.39,7.39,2022-11-20
E005355,Kabir,HR,27,2.0,72325.12,9.24,2022-11-20
E005356,Aarav,Marketing,38,29.0,13798.15,3.93,2022-11-21
E005357,Aarav,Engineering,29,7.0,87825.86,3.05,2022-11-21
E005358,Diya,Engineering,31,23.0,81605.75,3.18,2022-11-21
E005359,Aditya,Operations,26,25.0,105058.86,9.22,2022-11-22
E005360,Aarav,HR,47,7.0,92856.76,7.31,2022-11-22
E005361,Nisha,Finance,42,31.0,93270.38,4.92,2022-11-22
E005362,Diya,HR,50,5.0,69862.54,5.58,2022-11-23
E005363,Nisha,Finance,21,6.0,58554.77,9.03,2022-11-23
E005364,Diya,Sales,30,23.0,71703.1,3.56,2022-11-23
E005365,Tara,HR,35,23.0,67493.25,4.6,2022-11-24
E005366,Nisha,Marketing,35,,87771.47,4.52,2022-11-24
E005367,Aarav,Finance,44,24.0,50333.61,1.34,2022-11-24
E005368,Diya,Sales,36,34.0,83323.08,4.93,2022-11-25
E005369,Rohan,Operations,50,27.0,106914.81,5.95,2022-11-25
E005370,Kabir,Sales,53,4.0,58249.76,7.81,2022-11-25
E005371,Rohan,HR,24,20.0,69196.37,3.18,2022-11-26
E005372,Aditya,Marketing,30,31.0,54258.03,6.42,2022-11-26
E005373,Isha,Engineering,56,1.0,52071.32,3.36,2022-11-26
E005374,Rohan,Operations,56,7.0,57972.66,6.48,2022-11-27
E005375,Tara,HR,24,13.0,51951.7,1.7,2022-11-27
E005376,Tara,Engineering,28,3.0,75411.47,4.9,2022-11-27
E005377,Aarav,Engineering,23,23.0,50629.02,6.7,2022-11-28
E005378,Diya,Finance,51,25.0,43711.39,5.95,2022-11-28
E005379,Isha,Sales,21,23.0,95159.67,6.64,2022-11-28
E005380,Isha,Engineering,35,32.0,73899.9,6.95,2022-11-29
E005381,Isha,Engineering,45,16.0,49685.95,4.16,2022-11-29
E005382,Nisha,Marketing,36,3.0,74962.6,1.02,2022-11-29
E005383,Aditya,Sales,53,28.0,110294.92,3.66,2022-11-30
E005384,Diya,Marketing,57,18.0,118596.72,9.86,2022-11-30
E005385,Aditya,Sales,55,11.0,101828.26,9.43,2022-11-30
E005386,Rohan,HR,35,28.0,103843.49,6.56,2022-12-01
E005387,Diya,Finance,26,7.0,101181.26,8.37,2022-12-01
E005388,Nisha,Marketing,47,33.0,61549.89,7.78,2022-12-01
E005389,Aarav,Engineering,47,20.0,114660.08,3.93,2022-12-02
E005390,Aditya,Marketing,28,33.0,76949.23,7.4,2022-12-02
E005391,Aditya,Marketing,36,26.0,51032.59,6.22,2022-12-02
E005392,Tara,Marketing,57,6.0,51771.28,5.09,2022-12-03
E005393,Diya,Marketing,53,24.0,64015.86,2.5,2022-12-03
E005394,Rohan,HR,59,12.0,84449.22,1.49,2022-12-03
E005395,Aditya,Sales,28,3.0,77111.71,2.56,2022-12-04
,Aarav,Sales,37,2.0,50033.34,2.45,2022-12-04
E005397,Diya,Sales,21,6.0,21107.46,4.92,2022-12-04
E005398,Aditya,Operations,40,26.0,120570.21,4.39,2022-12-05
E005399,Tara,Operations,43,32.0,84034.07,7.16,2022-12-05
E005400,Kabir,Marketing,29,16.0,104452.44,7.23,2022-12-05
E005401,Aarav,Sales,50,10.0,65357.39,9.95,2022-12-06
E005402,Nisha,Marketing,54,7.0,62344.17,3.65,2022-12-06
E005403,Aditya,Engineering,48,11.0,88076.42,4.68,2022-12-06
E005404,,Marketing,32,23.0,66616.27,3.67,2022-12-07
E005405,Isha,HR,50,8.0,65361.36,4.04,2022-12-07
E005406,Aditya,Operations,53,6.0,82657.81,4.99,2022-12-07
E005407,Rohan,Marketing,46,15.0,21733.57,7.58,2022-12-08
E005408,Tara,Finance,31,28.0,97533.41,8.38,2022-12-08
E005409,,Marketing,27,19.0,46532.36,5.08,2022-12-08
E005410,Tara,Operations,28,30.0,55816.94,7.63,2022-12-09
E005411,Isha,Engineering,40,25.0,49343.06,4.13,2022-12-09
E005412,Diya,Operations,61,11.0,50612.81,7.96,2022-12-09
E005413,Tara,Sales,35,-1.0,62487.81,9.72,2022-12-10
E005414,Tara,Sales,48,29.0,87075.04,4.19,2022-12-10
E005415,Diya,HR,43,18.0,91108.85,7.21,2022-12-10
E005416,Rohan,Sales,38,24.0,76736.87,2.86,2022-12-11
E005417,Rohan,Finance,29,6.0,76948.0,3.95,2022-12-11
E005418,Nisha,HR,36,29.0,50493.81,2.23,2022-12-11
E005419,Isha,Finance,55,9.0,63263.15,2.79,2022-12-12
E005420,Nisha,Sales,42,13.0,92151.92,5.57,2022-12-12
E005421,Kabir,HR,30,25.0,67548.35,5.49,2022-12-12
E005422,Rohan,Finance,50,21.0,108554.57,5.24,2022-12-13
E005423,Isha,Sales,33,23.0,35407.25,2.31,2022-12-13
E005424,Nisha,HR,34,27.0,126546.18,7.68,2022-12-13
E005425,Nisha,Operations,53,0.0,76638.06,7.72,2022-12-14
E005426,Nisha,Sales,39,8.0,55183.72,6.97,2022-12-14
E005427,Kabir,Sales,53,21.0,59170.59,3.61,2022-12-14
E005428,Tara,Finance,46,32.0,45619.34,5.07,2022-12-15
E005429,Isha,Marketing,40,30.0,53394.22,8.88,2022-12-15
E005430,Diya,Engineering,43,20.0,76558.87,7.28,2022-12-15
E005431,Aditya,Sales,35,28.0,88774.89,3.62,2022-12-16
E005432,Tara,HR,55,23.0,75971.63,9.62,2022-12-16
E005433,Diya,Finance,24,15.0,100687.29,6.99,2022-12-16
E005434,Aditya,HR,59,27.0,36228.16,6.35,2022-12-17
E005435,Rohan,Operations,27,24.0,82342.0,5.86,2022-12-17
E005436,Aarav,Finance,45,24.0,85082.31,8.66,2022-12-17
E005437,Kabir,Engineering,60,11.0,94623.43,9.16,2022-12-18
E005438,Nisha,Engineering,52,30.0,29897.18,2.32,2022-12-18
E005439,Rohan,HR,50,27.0,63233.63,8.6,2022-12-18
E005440,Kabir,Sales,59,30.0,57484.3,1.38,2022-12-19
E005441,Tara,Finance,39,33.0,72859.41,8.82,2022-12-19
E005442,Diya,Finance,47,23.0,57029.97,3.11,2022-12-19
E005443,Kabir,HR,55,24.0,63719.82,3.19,2022-12-20
E005444,Tara,Sales,40,19.0,62178.58,4.78,2022-12-20
E005445,Isha,HR,34,2.0,43926.62,4.12,2022-12-20
E005446,Aditya,Engineering,24,32.0,65058.01,8.55,2022-12-21
E005447,Rohan,Engineering,28,30.0,63504.25,3.41,2022-12-21
E005448,Rohan,HR,59,12.0,68815.26,7.43,2022-12-21
E005449,Diya,Operations,37,30.0,43651.99,5.13,2022-12-22
E005450,Aditya,Finance,59,5.0,92515.37,6.39,2022-12-22
E005451,Isha,Sales,38,0.0,83084.08,2.35,2022-12-22
E005452,Isha,HR,31,19.0,107604.77,4.54,2022-12-23
E005453,Kabir,Sales,42,3.0,34188.44,3.65,2022-12-23
E005454,Rohan,Marketing,24,22.0,75192.53,3.64,2022-12-23
E005455,Tara,Operations,54,10.0,133810.25,5.15,2022-12-24
E005456,Aarav,HR,45,21.0,86920.44,5.86,2022-12-24
E005457,Tara,HR,55,24.0,71237.7,7.13,2022-12-24
E005458,Nisha,Marketing,55,34.0,47530.05,8.79,2022-12-25
E005459,Kabir,Engineering,56,25.0,42159.82,7.59,2022-12-25
E005460,Nisha,Finance,42,24.0,35814.92,7.73,2022-12-25
E005461,Isha,Marketing,53,8.0,77460.07,3.95,2022-12-26
E005462,Tara,Marketing,50,7.0,56302.54,8.47,2022-12-26
E005463,Isha,Engineering,53,21.0,43460.48,2.57,2022-12-26
E005464,Rohan,Marketing,28,7.0,62073.21,3.84,2022-12-27
E005465,Diya,Finance,25,3.0,79904.07,2.89,2022-12-27
E005466,Isha,Sales,21,,54465.43,6.97,2022-12-27
E005467,Nisha,Marketing,35,18.0,22051.24,7.79,2022-12-28
E005468,Isha,Sales,27,10.0,50109.43,8.53,2022-12-28
E005469,Aditya,Engineering,44,9.0,106354.9,7.78,2022-12-28
E005470,Kabir,Sales,58,16.0,83573.52,2.71,2022-12-29
E005471,Aarav,HR,26,5.0,61207.75,3.94,2022-12-29
E005472,Kabir,HR,31,23.0,70111.66,3.33,2022-12-29
E005473,Diya,Operations,21,23.0,77312.3,7.38,2022-12-30
E005474,Isha,HR,31,3.0,73501.81,7.28,2022-12-30
E005475,Rohan,Finance,59,21.0,90090.8,7.61,2022-12-30
E005476,Rohan,Marketing,55,3.0,106242.58,8.41,2022-12-31
E005477,Diya,Sales,42,2.0,75641.83,2.17,2022-12-31
,Rohan,Engineering,33,26.0,80984.56,4.62,2022-12-31
E005479,Tara,Sales,38,3.0,60084.24,4.47,
E005480,Diya,Sales,46,29.0,98828.7,5.88,2023-01-01
E005481,Aditya,Operations,61,20.0,101275.83,3.28,2023-01-01
E005482,Rohan,Engineering,30,3.0,58923.54,1.53,2023-01-02
E005483,Nisha,Finance,21,29.0,93866.81,3.12,
E005484,Nisha,Marketing,36,33.0,111484.49,9.32,2023-01-02
E005485,Isha,Operations,58,17.0,88981.49,8.96,
E005486,Kabir,Operations,39,18.0,94534.7,4.82,2023-01-03
E005487,Aarav,Marketing,27,14.0,33167.72,7.04,2023-01-03
E005488,Aarav,HR,32,26.0,84096.6,4.66,2023-01-04
E005489,Diya,Marketing,58,28.0,70633.58,6.19,2023-01-04
E005490,Tara,HR,23,15.0,82608.59,7.5,2023-01-04
E005491,Diya,Sales,35,6.0,24225.21,7.23,2023-01-05
E005492,Nisha,Sales,24,5.0,30492.38,4.34,2023-01-05
E005493,Diya,Sales,24,22.0,4998.85,5.12,2023-01-05
E005494,Kabir,Engineering,48,12.0,74732.05,7.54,2023-01-06
E005495,Aditya,Finance,46,27.0,53563.13,7.47,2023-01-06
E005496,Aarav,Finance,39,3.0,48184.26,7.64,2023-01-06
E005497,Aarav,Sales,26,29.0,69184.41,4.95,2023-01-07
E005498,Tara,HR,58,9.0,60638.08,5.06,2023-01-07
E005499,Nisha,Sales,32,15.0,76615.67,5.15,2023-01-07
E005500,Nisha,Marketing,58,21.0,67571.59,1.86,2023-01-08
E005501,Aarav,Finance,40,14.0,56701.22,5.42,2023-01-08
E005502,Aditya,HR,38,5.0,60084.1,2.13,2023-01-08
E005503,Rohan,Finance,34,16.0,121180.06,5.17,2023-01-09
E005504,Diya,Marketing,39,24.0,129098.63,1.05,2023-01-09
E005505,Aarav,Operations,50,13.0,78911.7,4.94,2023-01-09
E005506,Diya,Operations,37,0.0,72378.38,7.27,2023-01-10
,Diya,Finance,35,8.0,61832.48,2.12,2023-01-10
E005508,Aditya,Sales,31,4.0,70587.97,9.15,2023-01-10
E005509,,Operations,40,20.0,92905.31,8.89,2023-01-11
E005510,Rohan,Sales,32,10.0,93302.08,6.75,2023-01-11
E005511,Rohan,Engineering,23,5.0,102836.07,2.93,2023-01-11
E005512,Diya,Finance,22,8.0,50716.09,2.64,2023-01-12
E005513,Aarav,Engineering,36,24.0,67875.73,2.53,2023-01-12
E005514,Kabir,HR,35,1.0,65659.54,1.81,2023-01-12
E005515,Nisha,HR,49,19.0,100070.08,2.28,2023-01-13
E005516,Kabir,Operations,46,1.0,50469.96,3.53,2023-01-13
E005517,Tara,Operations,48,13.0,93371.81,5.22,2023-01-13
E005518,Kabir,Engineering,50,24.0,45739.01,4.05,2023-01-14
E005519,Nisha,Finance,61,22.0,35236.58,4.61,2023-01-14
E005520,Aditya,Marketing,23,,49031.1,4.18,2023-01-14
E005521,,Sales,57,30.0,58095.5,1.53,2023-01-15
E005522,Aditya,Engineering,56,6.0,77636.68,4.07,
,Diya,HR,44,31.0,46447.94,5.87,2023-01-15
E005524,Tara,Engineering,42,1.0,62348.22,4.76,2023-01-16
E005525,Aditya,Operations,58,14.0,77817.48,7.75,2023-01-16
E005526,Kabir,Operations,33,2.0,111670.58,1.3,2023-01-16
E005527,Rohan,Finance,21,31.0,113560.17,3.36,2023-01-17
E005528,Isha,HR,27,9.0,27266.9,5.47,2023-01-17
,Kabir,Marketing,42,19.0,73202.16,2.67,2023-01-17
E005530,Diya,HR,27,8.0,49749.78,4.08,2023-01-18
E005531,Aarav,Operations,43,3.0,33279.22,7.69,2023-01-18
E005532,Kabir,Operations,47,13.0,84419.82,6.76,2023-01-18
E005533,Kabir,HR,43,22.0,36433.61,7.31,2023-01-19
E005534,Isha,Engineering,57,3.0,105808.37,1.67,2023-01-19
E005535,Rohan,Operations,40,1.0,78800.71,3.27,2023-01-19
E005536,Aarav,Engineering,29,11.0,98633.77,7.84,2023-01-20
E005537,Isha,Sales,58,12.0,65999.16,1.03,2023-01-20
E005538,Aarav,Operations,36,13.0,114134.52,1.19,2023-01-20
E005539,Rohan,Engineering,37,24.0,115272.26,5.47,2023-01-21
E005540,Isha,Sales,42,2.0,67850.62,5.95,2023-01-21
E005541,Rohan,Marketing,25,19.0,64807.29,4.83,2023-01-21
,Aditya,Marketing,51,28.0,91111.35,2.86,2023-01-22
E005543,Tara,HR,50,11.0,49401.87,2.96,2023-01-22
E005544,Isha,Marketing,38,9.0,97822.65,9.79,2023-01-22
,Nisha,Sales,51,28.0,76553.9,5.73,2023-01-23
E005546,Aarav,Operations,59,28.0,66227.24,4.54,2023-01-23
E005547,Rohan,Sales,53,24.0,37587.91,6.73,2023-01-23
E005548,Aditya,HR,48,11.0,75573.99,2.83,2023-01-24
E005549,Diya,Operations,31,6.0,34689.87,4.25,2023-01-24
E005550,Aditya,HR,35,34.0,106474.33,1.8,2023-01-24
E005551,Kabir,Operations,42,16.0,51166.08,2.07,2023-01-25
,Aditya,Operations,35,10.0,72041.9,5.36,2023-01-25
E005553,Nisha,Marketing,58,31.0,75379.98,5.31,2023-01-25
E005554,Nisha,Marketing,58,32.0,55681.3,8.51,2023-01-26
E005555,Rohan,Engineering,35,17.0,111598.51,7.21,2023-01-26
E005556,Tara,HR,43,9.0,88715.72,5.32,2023-01-26
E005557,Rohan,HR,39,22.0,63723.56,9.99,2023-01-27
E005558,Kabir,Marketing,33,9.0,55288.24,5.82,2023-01-27
E005559,Rohan,Finance,21,26.0,54944.8,7.93,2023-01-27
E005560,Isha,Marketing,59,3.0,101307.95,7.04,2023-01-28
E005561,Diya,Finance,43,7.0,104793.56,6.72,2023-01-28
E005562,Tara,Finance,38,34.0,60174.48,9.68,2023-01-28
E005563,Diya,Engineering,51,17.0,82483.82,9.21,2023-01-29
E005564,Rohan,Finance,39,32.0,83530.09,2.83,2023-01-29
E005565,Rohan,Marketing,41,4.0,105996.48,5.98,2023-01-29
E005566,Isha,Operations,59,19.0,103951.26,8.61,2023-01-30
E005567,Rohan,HR,51,34.0,65173.97,1.35,2023-01-30
,Nisha,Operations,57,11.0,97790.73,2.75,2023-01-30
E005569,Diya,Engineering,56,6.0,95511.04,7.94,2023-01-31
E005570,Nisha,Finance,58,26.0,71238.72,1.04,2023-01-31
E005571,Aarav,Sales,41,29.0,55577.05,11.0,2023-01-31
E005572,Aarav,Engineering,57,16.0,38283.87,7.82,2023-02-01
E005573,Diya,Marketing,25,11.0,119618.94,8.77,2023-02-01
E005574,Rohan,Marketing,55,20.0,86850.55,9.61,2023-02-01
E005575,Diya,Finance,47,6.0,101073.73,4.65,2023-02-02
E005576,Aditya,Sales,31,2.0,33262.38,7.77,2023-02-02
E005577,Aditya,Finance,31,29.0,69103.08,9.76,2023-02-02
E005578,Kabir,Sales,24,19.0,82046.35,7.05,2023-02-03
E005579,Tara,Operations,61,,71805.62,6.01,2023-02-03
E005580,Diya,Operations,21,22.0,62026.0,2.79,2023-02-03
E005581,Aarav,Marketing,55,34.0,80533.55,7.75,2023-02-04
E005582,Nisha,HR,52,15.0,47417.9,1.92,2023-02-04
E005583,Nisha,Sales,59,29.0,73426.86,6.03,2023-02-04
E005584,Aarav,Finance,58,30.0,62787.89,7.9,2023-02-05
E005585,Tara,Marketing,34,16.0,125590.3,1.91,2023-02-05
E005586,Kabir,Sales,34,33.0,56914.9,5.49,2023-02-05
E005587,Rohan,Engineering,54,3.0,92564.62,6.79,2023-02-06
E005588,Isha,Operations,26,3.0,61832.07,9.25,2023-02-06
E005589,Isha,Marketing,34,5.0,69985.84,9.03,2023-02-06
E005590,Aditya,Finance,21,17.0,47700.89,9.66,2023-02-07
E005591,Rohan,Marketing,34,11.0,86394.88,3.75,2023-02-07
E005592,Tara,Operations,37,29.0,49730.96,9.94,2023-02-07
E005593,Nisha,HR,59,9.0,21728.94,7.12,2023-02-08
E005594,Isha,Sales,38,6.0,95751.87,7.62,2023-02-08
E005595,Aarav,Sales,43,31.0,55130.89,5.86,2023-02-08
E005596,Aarav,Marketing,56,14.0,106913.76,7.53,2023-02-09
E005597,Nisha,Finance,27,20.0,60074.89,7.68,2023-02-09
E005598,Isha,Finance,34,34.0,59009.77,9.76,2023-02-09
E005599,Isha,Engineering,33,10.0,48567.74,2.35,2023-02-10
E005600,Isha,Marketing,27,29.0,80744.55,3.63,2023-02-10
E005601,Aditya,Operations,47,19.0,49061.66,1.36,2023-02-10
E005602,Rohan,HR,27,0.0,83106.14,4.84,2023-02-11
E005603,Kabir,Finance,35,4.0,80915.75,5.12,2023-02-11
E005604,Tara,HR,27,21.0,55418.94,3.57,2023-02-11
E005605,Nisha,HR,33,22.0,71777.89,7.33,2023-02-12
E005606,Isha,Marketing,29,17.0,56074.17,3.91,2023-02-12
E005607,Isha,Engineering,53,14.0,75114.75,1.62,2023-02-12
E005608,Rohan,Engineering,27,20.0,95178.32,9.31,2023-02-13
E005609,Isha,Engineering,52,21.0,86682.73,2.84,2023-02-13
E005610,Isha,Finance,60,30.0,45236.86,5.81,2023-02-13
E005611,Kabir,Sales,30,7.0,39980.16,2.85,2023-02-14
E005612,Diya,HR,43,24.0,72502.24,1.27,2023-02-14
E005613,Aditya,Engineering,57,26.0,99780.87,8.25,2023-02-14
E005614,Isha,HR,35,22.0,70667.34,8.3,2023-02-15
E005615,Nisha,Finance,55,17.0,85709.34,7.41,2023-02-15
E005616,Aarav,Sales,36,13.0,41792.8,3.3,2023-02-15
E005617,Isha,Engineering,56,10.0,49522.04,6.08,2023-02-16
E005618,Isha,Finance,59,19.0,66254.24,6.49,2023-02-16
,Aditya,Sales,45,20.0,57131.38,7.39,2023-02-16
E005620,Nisha,Engineering,49,18.0,44046.38,1.68,2023-02-17
E005621,Tara,Sales,36,,102698.33,6.29,2023-02-17
E005622,Aarav,HR,43,9.0,83763.29,8.06,2023-02-17
E005623,Rohan,Marketing,43,14.0,79047.39,7.91,2023-02-18
E005624,Isha,HR,26,17.0,86082.29,9.32,2023-02-18
E005625,Diya,Marketing,61,33.0,59428.02,9.67,2023-02-18
E005626,Aditya,Finance,38,25.0,35358.0,4.46,2023-02-19
E005627,Rohan,Sales,31,18.0,55606.94,9.86,2023-02-19
E005628,Diya,Finance,60,11.0,78743.83,5.12,2023-02-19
E005629,Isha,Finance,35,15.0,53826.49,8.32,2023-02-20
E005630,Tara,Finance,56,19.0,71635.43,1.75,2023-02-20
E005631,Aditya,HR,32,6.0,62937.8,2.46,2023-02-20
E005632,Aditya,HR,37,15.0,63260.77,5.68,2023-02-21
E005633,Nisha,HR,27,23.0,117130.97,7.42,2023-02-21
E005634,Aditya,Finance,32,8.0,47054.69,5.14,2023-02-21
E005635,Nisha,Operations,32,31.0,55105.26,9.71,2023-02-22
E005636,Tara,Sales,61,21.0,57475.9,11.0,2023-02-22
E005637,Nisha,Marketing,60,19.0,102745.44,3.77,2023-02-22
,Aditya,Finance,47,21.0,50117.09,7.07,2023-02-23
E005639,Aditya,Engineering,37,2.0,46393.49,9.15,2023-02-23
E005640,Kabir,Engineering,28,1.0,118680.38,2.95,2023-02-23
E005641,,Operations,53,30.0,69779.16,7.03,2023-02-24
E005642,Diya,Operations,61,28.0,104451.62,2.4,2023-02-24
E005643,Aarav,Marketing,51,16.0,86347.61,7.52,2023-02-24
E005644,Tara,HR,31,10.0,30264.84,3.23,2023-02-25
E005645,Isha,Operations,22,9.0,66333.77,7.91,2023-02-25
E005646,Aarav,Finance,24,25.0,79314.38,5.96,2023-02-25
E005647,Nisha,Sales,48,6.0,90441.43,3.46,2023-02-26
E005648,Rohan,Operations,31,12.0,98029.81,9.31,2023-02-26
E005649,Diya,Engineering,45,10.0,72994.57,9.41,2023-02-26
E005650,Tara,Operations,52,29.0,56294.86,8.43,2023-02-27
E005651,Rohan,Finance,52,5.0,73223.3,7.96,2023-02-27
E005652,Aditya,Operations,37,26.0,37005.22,5.87,2023-02-27
E005653,Nisha,Engineering,42,22.0,50851.22,6.93,2023-02-28
E005654,Isha,Operations,42,22.0,76746.53,8.77,2023-02-28
E005655,,Marketing,25,29.0,51386.13,4.67,2023-02-28
E005656,Diya,Operations,34,18.0,66327.92,5.59,2023-03-01
E005657,Aditya,Operations,54,16.0,126805.12,7.69,2023-03-01
E005658,Nisha,HR,61,34.0,42438.85,8.5,2023-03-01
E005659,Kabir,HR,49,26.0,85308.29,9.21,2023-03-02
E005660,Tara,Operations,52,33.0,53249.15,4.69,2023-03-02
E005661,Aditya,Engineering,55,27.0,83989.8,2.02,2023-03-02
E005662,Rohan,HR,38,31.0,99662.46,5.04,2023-03-03
E005663,Tara,Engineering,60,25.0,82661.18,2.06,2023-03-03
E005664,Nisha,Sales,25,15.0,86361.02,2.89,2023-03-03
E005665,Diya,Marketing,52,6.0,62275.89,6.12,2023-03-04
E005666,Aarav,Marketing,54,,75495.45,4.81,2023-03-04
E005667,Nisha,HR,39,16.0,59970.3,1.59,2023-03-04
E005668,Isha,Sales,55,19.0,57539.74,6.32,2023-03-05
E005669,Nisha,Finance,40,30.0,70165.17,1.54,2023-03-05
E005670,Kabir,Finance,47,15.0,68325.7,4.72,2023-03-05
E005671,Tara,Sales,43,10.0,83157.2,7.29,2023-03-06
E005672,Rohan,HR,50,3.0,70078.84,1.35,2023-03-06
E005673,Diya,Finance,35,17.0,65778.39,7.02,2023-03-06
,Rohan,HR,27,25.0,55899.8,2.41,
E005675,Kabir,Operations,29,2.0,113038.34,2.49,2023-03-07
E005676,Kabir,Marketing,44,12.0,71502.44,2.33,2023-03-07
E005677,Isha,Operations,48,7.0,42859.12,7.73,2023-03-08
E005678,Aditya,Sales,41,19.0,71987.47,4.79,2023-03-08
E005679,Nisha,Finance,44,22.0,71341.49,6.37,2023-03-08
E005680,Aditya,Marketing,27,28.0,86916.04,5.47,2023-03-09
E005681,Aditya,HR,51,22.0,104725.38,4.79,2023-03-09
E005682,Rohan,Marketing,55,,47343.69,2.81,2023-03-09
E005683,Aarav,HR,57,24.0,71694.08,9.87,2023-03-10
E005684,Kabir,Engineering,48,10.0,76296.15,8.84,2023-03-10
E005685,Nisha,Engineering,34,4.0,22613.25,1.21,2023-03-10
E005686,Tara,Engineering,55,34.0,96368.68,7.3,2023-03-11
E005687,Isha,HR,42,25.0,113747.75,5.8,2023-03-11
E005688,Aditya,Finance,50,31.0,44166.45,8.18,
E005689,Aditya,Engineering,26,3.0,95873.39,7.57,2023-03-12
E005690,Aarav,HR,22,0.0,61603.2,8.11,2023-03-12
E005691,Isha,Marketing,48,33.0,60844.93,5.82,2023-03-12
E005692,Diya,HR,35,30.0,59983.32,4.08,2023-03-13
E005693,Tara,HR,26,10.0,64176.89,8.03,2023-03-13
,Nisha,Finance,37,16.0,59935.95,1.35,2023-03-13
E005695,Kabir,HR,46,14.0,60406.19,5.26,2023-03-14
E005696,Aarav,Marketing,49,0.0,90821.85,5.66,2023-03-14
E005697,Isha,Marketing,31,18.0,51747.87,6.62,2023-03-14
E005698,Kabir,HR,36,11.0,67854.31,7.59,2023-03-15
E005699,Isha,Operations,58,27.0,91334.98,7.0,2023-03-15
E005700,Nisha,Engineering,32,31.0,53888.34,1.16,2023-03-15
E005701,Rohan,Marketing,35,2.0,42974.57,1.65,2023-03-16
E005702,Diya,Finance,30,9.0,78102.14,6.12,2023-03-16
E005703,Tara,Engineering,37,32.0,70520.79,9.88,2023-03-16
E005704,Tara,HR,35,22.0,41731.6,2.92,2023-03-17
E005705,Aditya,Finance,31,34.0,51967.27,9.29,2023-03-17
E005706,Tara,Marketing,29,21.0,118473.93,5.02,2023-03-17
E005707,Isha,Engineering,54,30.0,83571.97,9.24,
E005708,Kabir,Marketing,39,2.0,99506.4,2.73,2023-03-18
E005709,Diya,Engineering,45,23.0,72445.21,6.52,2023-03-18
E005710,Aditya,Engineering,55,6.0,77115.04,2.13,2023-03-19
E005711,Aditya,Marketing,53,7.0,67803.42,5.79,2023-03-19
E005712,Nisha,Operations,30,34.0,58938.77,6.75,2023-03-19
E005713,Rohan,Finance,46,16.0,53761.4,1.59,2023-03-20
E005714,Rohan,Sales,54,33.0,58640.49,9.36,2023-03-20
E005715,Nisha,Finance,24,11.0,103469.71,8.63,2023-03-20
E005716,Diya,Engineering,59,0.0,77282.56,7.74,2023-03-21
E005717,Aditya,Engineering,39,9.0,34431.39,2.61,2023-03-21
E005718,Aarav,Sales,45,20.0,95738.89,4.55,2023-03-21
E005719,Aarav,Engineering,50,19.0,63745.01,8.25,2023-03-22
E005720,Nisha,Finance,60,21.0,44941.87,3.2,2023-03-22
E005721,Aditya,Engineering,59,19.0,46939.23,7.86,2023-03-22
E005722,Nisha,Marketing,36,12.0,66790.55,5.5,2023-03-23
E005723,Aarav,Marketing,46,18.0,53514.06,7.21,2023-03-23
E005724,Aditya,Operations,36,11.0,14749.43,9.81,2023-03-23
E005725,Tara,Sales,44,,43877.95,8.89,2023-03-24
E005726,Kabir,Marketing,29,18.0,95769.18,4.78,2023-03-24
E005727,,Operations,39,2.0,63145.65,2.22,2023-03-24
E005728,Kabir,Marketing,52,12.0,61449.59,8.4,2023-03-25
E005729,Aditya,Engineering,37,31.0,31393.01,7.45,2023-03-25
E005730,Aditya,Sales,29,22.0,48447.33,9.32,
E005731,Aarav,Engineering,26,2.0,95787.87,4.76,2023-03-26
E005732,Diya,Sales,46,20.0,99605.98,4.53,2023-03-26
E005733,Tara,HR,38,27.0,89706.81,7.59,2023-03-26
E005734,Tara,Sales,34,25.0,88075.17,4.01,2023-03-27
E005735,Isha,Sales,50,13.0,64597.81,4.15,2023-03-27
E005736,Diya,HR,44,8.0,78666.36,1.18,2023-03-27
E005737,Isha,Sales,29,,47772.61,7.04,2023-03-28
E005738,Aditya,Engineering,52,0.0,44669.6,9.06,2023-03-28
E005739,Isha,Sales,31,1.0,65041.29,9.76,2023-03-28
E005740,Aditya,HR,54,10.0,87873.42,3.39,2023-03-29
E005741,Aditya,Engineering,25,19.0,60002.35,4.94,2023-03-29
E005742,Diya,Sales,47,13.0,33919.61,1.57,2023-03-29
E005743,Aditya,Marketing,36,31.0,110377.0,2.48,2023-03-30
E005744,Nisha,HR,43,32.0,76525.18,9.76,2023-03-30
E005745,Diya,Engineering,60,32.0,44030.98,5.22,2023-03-30
E005746,Aarav,Finance,29,11.0,68371.17,5.94,2023-03-31
E005747,Rohan,Sales,23,31.0,64650.84,4.03,2023-03-31
,Kabir,Operations,57,27.0,43455.97,1.43,2023-03-31
E005749,Aditya,HR,58,,79627.77,7.15,2023-04-01
E005750,Isha,Sales,59,15.0,94194.22,3.94,2023-04-01
E005751,Rohan,Operations,28,13.0,90045.91,2.69,2023-04-01
E005752,Aditya,Finance,56,27.0,69154.85,8.61,2023-04-02
E005753,Aarav,Sales,22,11.0,144835.61,7.53,2023-04-02
E005754,Tara,Operations,34,29.0,19906.13,2.28,2023-04-02
E005755,Rohan,Operations,55,9.0,74640.05,6.0,2023-04-03
E005756,Rohan,Marketing,51,14.0,79983.4,1.62,2023-04-03
E005757,Aditya,Engineering,46,28.0,86127.91,6.54,
E005758,Tara,Operations,32,11.0,32914.25,2.35,2023-04-04
E005759,Kabir,HR,56,5.0,78400.86,1.78,2023-04-04
E005760,Aditya,Engineering,59,4.0,58777.6,2.99,2023-04-04
E005761,Rohan,Finance,39,28.0,75232.94,8.71,2023-04-05
E005762,Aditya,Operations,46,28.0,57603.39,9.59,2023-04-05
E005763,Isha,HR,30,22.0,58804.33,1.77,2023-04-05
E005764,Aarav,Operations,55,4.0,87059.12,6.31,2023-04-06
E005765,Diya,Engineering,48,18.0,43140.53,6.02,2023-04-06
E005766,Isha,Marketing,61,5.0,67500.73,6.74,2023-04-06
E005767,Tara,Marketing,42,6.0,92702.48,9.15,2023-04-07
E005768,Aditya,HR,33,29.0,73457.38,3.4,2023-04-07
E005769,Diya,Marketing,35,12.0,26720.77,2.8,2023-04-07
E005770,,Sales,44,13.0,95125.24,4.61,2023-04-08
E005771,Tara,Marketing,54,2.0,86348.9,3.2,2023-04-08
E005772,Aditya,HR,41,23.0,59271.46,4.7,2023-04-08
E005773,Nisha,Engineering,30,7.0,49835.41,3.01,2023-04-09
E005774,Tara,Finance,31,22.0,80925.86,6.93,2023-04-09
E005775,Diya,Engineering,37,23.0,56262.95,8.88,2023-04-09
E005776,Kabir,Finance,26,1.0,95495.91,8.25,2023-04-10
E005777,Kabir,Operations,41,31.0,71176.6,5.02,2023-04-10
E005778,Aarav,Sales,22,4.0,84443.69,4.44,2023-04-10
E005779,Rohan,Operations,24,32.0,59110.94,5.03,2023-04-11
E005780,Isha,Engineering,45,2.0,70262.84,5.36,2023-04-11
E005781,Kabir,Operations,59,28.0,88636.34,3.43,2023-04-11
E005782,Rohan,Marketing,23,22.0,58188.59,1.03,2023-04-12
E005783,Tara,HR,23,15.0,16183.44,3.63,2023-04-12
E005784,Kabir,Engineering,23,26.0,63953.38,2.56,2023-04-12
E005785,Diya,Sales,28,0.0,52595.37,2.72,2023-04-13
E005786,Kabir,Engineering,51,20.0,64831.02,6.79,2023-04-13
E005787,Isha,Finance,38,3.0,43433.64,6.23,2023-04-13
E005788,Aditya,Sales,45,3.0,60716.44,6.38,2023-04-14
E005789,Aarav,Engineering,57,34.0,95691.93,9.78,2023-04-14
E005790,Aarav,Engineering,40,26.0,73881.41,9.56,2023-04-14
E005791,Diya,Marketing,39,20.0,45027.23,2.83,2023-04-15
,Aarav,HR,56,2.0,81211.65,2.79,2023-04-15
E005793,Diya,Operations,35,16.0,44525.98,2.2,2023-04-15
E005794,Aditya,Marketing,24,26.0,27071.56,6.13,2023-04-16
E005795,Aditya,Sales,24,,43068.9,3.41,2023-04-16
E005796,Tara,Sales,49,32.0,84715.95,9.22,
E005797,Nisha,Finance,49,12.0,66358.97,8.55,2023-04-17
E005798,Diya,Operations,29,11.0,70616.94,9.58,2023-04-17
E005799,Tara,Marketing,46,3.0,91267.49,7.67,2023-04-17
E005800,Rohan,Sales,57,2.0,72732.62,7.83,2023-04-18
E005801,Tara,Sales,51,23.0,64504.85,8.82,2023-04-18
E005802,Aditya,Operations,29,20.0,71433.34,5.32,2023-04-18
E005803,Nisha,Operations,37,1.0,57579.52,3.9,2023-04-19
E005804,Kabir,Engineering,42,7.0,75884.58,3.14,2023-04-19
E005805,Rohan,Marketing,23,6.0,71181.33,9.59,2023-04-19
E005806,Kabir,Marketing,48,20.0,106821.73,9.26,2023-04-20
E005807,Diya,Finance,22,15.0,96748.0,2.54,2023-04-20
E005808,Aarav,Finance,53,29.0,39281.0,7.2,2023-04-20
E005809,Aditya,HR,57,11.0,51983.72,9.89,2023-04-21
E005810,Aditya,Operations,32,4.0,109857.3,2.46,2023-04-21
E005811,Aditya,Sales,34,15.0,74598.49,5.55,2023-04-21
E005812,Diya,Sales,23,8.0,99583.79,4.31,2023-04-22
E005813,Aarav,Sales,41,19.0,71617.43,3.92,2023-04-22
E005814,Nisha,HR,36,26.0,68132.5,4.85,2023-04-22
E005815,Nisha,Finance,25,19.0,46158.44,8.8,2023-04-23
E005816,Aarav,Operations,30,22.0,55449.69,6.5,2023-04-23
E005817,Rohan,Marketing,40,29.0,54824.12,7.48,2023-04-23
E005818,Tara,Sales,41,3.0,126034.86,9.08,2023-04-24
E005819,Aarav,Sales,22,22.0,50520.91,9.58,2023-04-24
E005820,Tara,Engineering,39,0.0,84591.5,3.11,2023-04-24
E005821,Rohan,Marketing,40,10.0,60341.53,5.5,2023-04-25
E005822,Tara,Operations,41,22.0,74282.0,7.28,2023-04-25
E005823,Rohan,Engineering,39,5.0,74718.91,9.87,2023-04-25
E005824,Aarav,Finance,34,14.0,8292.0,1.68,2023-04-26
E005825,Kabir,Finance,55,21.0,50303.51,4.48,2023-04-26
E005826,Rohan,Marketing,56,6.0,74553.03,2.14,2023-04-26
E005827,Isha,Marketing,49,7.0,38456.55,5.91,2023-04-27
E005828,Tara,Finance,28,11.0,55278.46,3.6,
E005829,Nisha,HR,24,3.0,84810.76,3.21,2023-04-27
E005830,Nisha,HR,46,31.0,100936.91,2.13,2023-04-28
E005831,Tara,HR,60,5.0,44283.12,3.43,2023-04-28
E005832,Diya,HR,43,29.0,55308.34,4.73,2023-04-28
E005833,Isha,Sales,34,0.0,77413.45,1.27,2023-04-29
E005834,Kabir,HR,53,19.0,81252.28,8.95,2023-04-29
E005835,Aditya,Engineering,61,18.0,66270.5,5.44,
E005836,Tara,Marketing,23,15.0,88376.83,2.86,2023-04-30
E005837,Nisha,Finance,26,34.0,75784.62,6.54,2023-04-30
E005838,Tara,Engineering,41,28.0,47009.05,6.28,2023-04-30
E005839,Kabir,HR,39,30.0,55459.33,8.63,2023-05-01
E005840,Diya,HR,60,27.0,70280.87,2.79,2023-05-01
E005841,Isha,Engineering,53,13.0,88923.47,4.83,2023-05-01
E005842,Isha,Engineering,37,22.0,62262.4,1.75,2023-05-02
E005843,Kabir,Sales,42,13.0,86546.66,8.19,2023-05-02
E005844,Rohan,Finance,50,21.0,99069.85,8.86,2023-05-02
E005845,,Engineering,29,31.0,50153.87,3.06,2023-05-03
E005846,Aarav,HR,57,24.0,98249.35,4.66,2023-05-03
E005847,Aditya,Engineering,23,16.0,52102.26,4.73,2023-05-03
E005848,Tara,Sales,53,22.0,13543.32,4.46,2023-05-04
E005849,Diya,Sales,21,18.0,85169.87,4.46,2023-05-04
E005850,Nisha,Finance,31,21.0,112765.31,7.07,2023-05-04
E005851,Tara,Finance,28,19.0,30491.42,9.1,2023-05-05
E005852,Nisha,Engineering,24,19.0,65694.38,1.99,2023-05-05
E005853,Kabir,Engineering,40,3.0,62000.78,6.65,2023-05-05
E005854,Aarav,Operations,50,17.0,30218.39,5.02,2023-05-06
E005855,Aarav,Engineering,41,5.0,133898.23,3.71,2023-05-06
E005856,Rohan,HR,33,9.0,36214.53,1.91,2023-05-06
E005857,Kabir,Finance,40,25.0,83998.09,6.98,2023-05-07
E005858,Kabir,Engineering,22,29.0,69086.82,6.77,2023-05-07
E005859,Rohan,Sales,59,26.0,55902.28,2.4,2023-05-07
E005860,Isha,HR,38,2.0,43279.88,9.99,2023-05-08
E005861,Tara,Marketing,43,29.0,88587.46,2.33,2023-05-08
E005862,Tara,HR,58,23.0,65341.39,2.75,
E005863,Diya,Operations,44,12.0,77279.64,6.83,2023-05-09
E005864,Aditya,Engineering,22,26.0,72027.8,1.68,2023-05-09
E005865,Nisha,Marketing,58,22.0,87612.97,7.4,2023-05-09
E005866,Isha,HR,37,5.0,21397.53,6.42,
E005867,Tara,Engineering,26,12.0,22571.81,7.01,2023-05-10
E005868,Aditya,HR,42,2.0,84707.8,1.89,2023-05-10
E005869,Nisha,Engineering,30,22.0,29018.07,2.97,2023-05-11
E005870,Nisha,Finance,42,2.0,93405.39,3.98,2023-05-11
E005871,Nisha,Operations,22,34.0,56221.44,1.39,2023-05-11
E005872,Tara,Marketing,61,21.0,45120.93,3.08,2023-05-12
E005873,Rohan,Engineering,25,18.0,93178.49,9.16,2023-05-12
E005874,Isha,Marketing,53,2.0,92734.76,9.73,2023-05-12
,Tara,Engineering,60,4.0,77839.07,4.39,2023-05-13
E005876,Nisha,HR,48,9.0,55467.98,9.26,2023-05-13
E005877,Aditya,Operations,38,16.0,69571.76,9.0,2023-05-13
E005878,Tara,Marketing,25,6.0,60957.05,4.06,2023-05-14
E005879,Nisha,HR,47,,33412.01,7.26,2023-05-14
E005880,,Engineering,50,14.0,70214.06,8.29,2023-05-14
E005881,Tara,Engineering,43,8.0,79410.6,6.12,2023-05-15
E005882,Nisha,Marketing,58,30.0,64965.76,6.23,2023-05-15
E005883,Diya,Marketing,56,3.0,106254.77,3.82,2023-05-15
E005884,Tara,Operations,43,8.0,45286.45,5.59,2023-05-16
E005885,Aarav,Operations,48,20.0,67378.6,9.38,2023-05-16
E005886,Nisha,Marketing,21,18.0,59254.47,7.5,2023-05-16
E005887,Aarav,Sales,42,14.0,66496.11,2.71,2023-05-17
E005888,Diya,Operations,61,20.0,25523.03,9.19,2023-05-17
E005889,Isha,Engineering,23,1.0,99124.44,4.91,2023-05-17
E005890,Aarav,Sales,29,8.0,98684.29,4.35,2023-05-18
E005891,Tara,Marketing,45,15.0,77863.26,2.21,2023-05-18
E005892,Aarav,Engineering,23,18.0,32518.2,3.01,2023-05-18
E005893,Isha,Marketing,54,9.0,88625.62,4.66,2023-05-19
E005894,Diya,Marketing,36,25.0,33953.14,5.4,2023-05-19
E005895,Isha,Finance,46,11.0,38807.32,2.05,2023-05-19
E005896,Nisha,Marketing,50,0.0,57030.53,9.6,2023-05-20
E005897,Aarav,Sales,28,4.0,64117.7,8.01,2023-05-20
E005898,Diya,Sales,53,0.0,97120.63,9.21,
E005899,Nisha,Engineering,34,29.0,91364.35,8.89,2023-05-21
E005900,Aarav,HR,59,12.0,93885.09,6.85,2023-05-21
E005901,Aarav,Operations,59,32.0,36395.11,3.68,2023-05-21
E005902,Aarav,Finance,44,19.0,87063.51,5.22,2023-05-22
E005903,Diya,Engineering,25,32.0,19636.54,3.88,2023-05-22
E005904,Kabir,Engineering,60,9.0,51855.55,3.47,2023-05-22
E005905,Tara,Engineering,42,26.0,83680.71,1.37,2023-05-23
E005906,Kabir,Operations,35,18.0,92788.72,6.72,2023-05-23
E005907,Aarav,Engineering,50,1.0,63093.54,5.84,2023-05-23
E005908,Rohan,Operations,31,27.0,55946.91,3.43,2023-05-24
E005909,Nisha,Sales,29,10.0,74180.42,9.41,2023-05-24
E005910,Tara,Marketing,21,13.0,36933.02,4.98,2023-05-24
E005911,Isha,HR,59,0.0,66196.89,3.29,2023-05-25
E005912,Isha,HR,49,33.0,69362.91,7.2,2023-05-25
E005913,Kabir,Finance,42,5.0,104419.56,2.95,2023-05-25
E005914,Aditya,Sales,28,28.0,95880.81,4.17,2023-05-26
E005915,Kabir,Sales,50,28.0,112169.43,6.14,2023-05-26
E005916,Tara,Operations,36,0.0,80494.57,9.88,2023-05-26
,Tara,Finance,24,19.0,45386.0,5.65,2023-05-27
E005918,Aditya,Sales,59,1.0,48591.87,3.28,2023-05-27
E005919,Kabir,Operations,29,2.0,94100.85,1.84,
E005920,Tara,HR,22,7.0,91005.52,6.38,2023-05-28
E005921,Aarav,Sales,39,19.0,60666.28,4.8,2023-05-28
E005922,Kabir,Sales,38,30.0,52407.31,6.63,2023-05-28
E005923,Aditya,Operations,50,3.0,67621.27,4.17,2023-05-29
E005924,Tara,HR,55,1.0,73432.81,1.98,2023-05-29
E005925,Diya,Finance,23,24.0,41807.09,7.04,2023-05-29
E005926,Aarav,Finance,57,,28262.61,3.32,2023-05-30
E005927,Aditya,HR,55,33.0,105855.7,4.63,2023-05-30
E005928,Isha,Engineering,44,30.0,43518.3,8.78,2023-05-30
,Rohan,Engineering,36,15.0,50422.92,9.61,2023-05-31
E005930,Nisha,Sales,42,2.0,61476.3,2.2,2023-05-31
E005931,Isha,Marketing,46,1.0,84999.2,9.59,2023-05-31
E005932,Nisha,Engineering,57,28.0,95433.84,7.26,2023-06-01
E005933,Isha,Operations,28,29.0,35472.22,3.81,2023-06-01
,Diya,HR,38,22.0,103060.4,3.68,2023-06-01
E005935,Aditya,Sales,57,26.0,35193.41,6.29,2023-06-02
E005936,Tara,Engineering,21,17.0,96931.95,6.36,2023-06-02
E005937,Rohan,HR,51,20.0,73315.81,4.45,2023-06-02
E005938,Rohan,Sales,32,19.0,111184.11,7.42,2023-06-03
E005939,Aditya,Marketing,56,16.0,98755.23,1.76,2023-06-03
E005940,Diya,Engineering,40,23.0,86016.29,7.65,2023-06-03
E005941,Tara,Operations,46,9.0,71842.72,2.9,2023-06-04
E005942,Tara,Sales,53,32.0,28653.27,6.08,2023-06-04
E005943,Tara,HR,53,22.0,87848.63,3.85,2023-06-04
E005944,Tara,HR,61,12.0,67468.15,8.58,2023-06-05
E005945,Aditya,Sales,57,29.0,74527.44,2.44,2023-06-05
E005946,Rohan,Operations,41,0.0,36033.28,3.74,2023-06-05
E005947,Aarav,Engineering,56,30.0,36592.88,7.75,2023-06-06
E005948,Nisha,Finance,43,33.0,64590.46,7.97,2023-06-06
E005949,Isha,Operations,50,12.0,62816.88,2.57,2023-06-06
E005950,Nisha,Operations,21,14.0,53817.77,8.36,2023-06-07
E005951,Diya,Sales,48,3.0,62293.1,8.33,2023-06-07
E005952,Diya,Finance,45,17.0,78855.4,6.47,2023-06-07
E005953,Isha,Finance,60,34.0,105470.12,9.31,2023-06-08
E005954,Kabir,Marketing,31,13.0,103267.67,5.59,2023-06-08
E005955,Tara,Operations,41,12.0,47440.13,4.45,2023-06-08
E005956,Tara,Operations,55,14.0,79508.89,6.16,2023-06-09
E005957,Tara,Marketing,34,16.0,81696.82,4.57,2023-06-09
E005958,Rohan,Sales,47,3.0,37824.32,2.53,2023-06-09
E005959,Diya,Operations,35,23.0,75822.86,7.76,2023-06-10
E005960,Aditya,Marketing,37,31.0,22053.84,4.32,2023-06-10
E005961,Diya,HR,33,8.0,30077.25,4.52,2023-06-10
E005962,Tara,Finance,33,3.0,88827.96,6.64,2023-06-11
E005963,Aditya,Finance,40,30.0,45823.77,7.85,2023-06-11
E005964,Aditya,Engineering,46,13.0,49405.64,7.53,2023-06-11
E005965,Nisha,Engineering,24,3.0,58231.76,3.68,2023-06-12
E005966,Rohan,Engineering,61,24.0,79314.16,3.29,2023-06-12
E005967,Aditya,Operations,60,5.0,72619.73,5.21,2023-06-12
E005968,Diya,Sales,43,15.0,90202.02,1.36,2023-06-13
E005969,Aditya,Engineering,33,28.0,55439.44,6.2,2023-06-13
E005970,Diya,HR,24,25.0,76241.46,8.68,2023-06-13
E005971,Aarav,Marketing,33,28.0,40340.19,4.76,2023-06-14
E005972,Tara,Sales,45,8.0,110360.32,5.43,2023-06-14
E005973,Aditya,Sales,59,15.0,39130.88,5.56,2023-06-14
E005974,Aditya,HR,39,10.0,52754.82,6.24,2023-06-15
E005975,Aarav,Finance,41,7.0,35682.91,4.29,2023-06-15
E005976,Diya,Marketing,47,18.0,13235.8,6.23,2023-06-15
E005977,Nisha,Marketing,25,19.0,73224.39,9.38,2023-06-16
E005978,Isha,Finance,43,17.0,94130.68,4.79,2023-06-16
E005979,Diya,Operations,44,2.0,109609.83,1.65,2023-06-16
E005980,Nisha,Sales,26,34.0,94676.11,6.89,2023-06-17
E005981,Isha,Sales,52,4.0,58327.23,9.89,2023-06-17
E005982,Aditya,Operations,47,6.0,71288.03,9.26,2023-06-17
E005983,Kabir,Finance,26,34.0,74841.86,7.87,2023-06-18
E005984,Tara,HR,28,20.0,86130.64,7.49,2023-06-18
E005985,Nisha,Marketing,37,7.0,78758.59,3.49,2023-06-18
E005986,Aditya,HR,48,25.0,67193.67,6.79,2023-06-19
E005987,Aditya,Operations,47,18.0,104404.04,9.15,2023-06-19
E005988,Aditya,Sales,57,22.0,59272.38,4.75,2023-06-19
E005989,Nisha,Sales,39,6.0,85718.15,5.3,2023-06-20
E005990,Rohan,HR,49,33.0,91956.1,3.81,2023-06-20
E005991,Nisha,Finance,30,8.0,27487.53,5.3,2023-06-20
E005992,Tara,Engineering,52,2.0,72178.73,2.05,2023-06-21
E005993,Nisha,Operations,26,11.0,30767.85,8.95,2023-06-21
E005994,Isha,HR,44,5.0,84506.54,2.57,2023-06-21
E005995,Diya,Marketing,44,3.0,80773.73,9.33,2023-06-22
E005996,Nisha,Engineering,51,23.0,58207.9,3.96,2023-06-22
E005997,Rohan,Sales,35,0.0,91086.15,2.75,2023-06-22
E005998,Diya,Finance,37,32.0,60213.83,3.64,2023-06-23
E005999,Rohan,Finance,50,30.0,95587.61,6.91,2023-06-23
E006000,Aarav,HR,40,14.0,97703.71,2.6,2023-06-23
E006001,Diya,Operations,27,28.0,50896.77,6.49,2023-06-24
E006002,Diya,Finance,50,16.0,44495.74,4.99,2023-06-24
E006003,,HR,52,18.0,30937.38,4.42,2023-06-24
E006004,Isha,HR,37,13.0,50370.89,4.85,2023-06-25
E006005,Nisha,Operations,56,15.0,86455.25,2.88,2023-06-25
E006006,Aarav,Operations,31,23.0,68526.17,1.66,2023-06-25
E006007,Aarav,Sales,46,21.0,82935.61,9.32,2023-06-26
E006008,Nisha,Sales,44,20.0,101844.88,4.19,2023-06-26
E006009,Nisha,Sales,44,18.0,87527.27,5.26,2023-06-26
E006010,Kabir,Finance,58,15.0,61465.18,4.32,2023-06-27
E006011,Aarav,Engineering,34,33.0,71081.87,6.6,2023-06-27
E006012,Isha,Engineering,57,3.0,75169.83,1.71,2023-06-27
E006013,Diya,HR,49,11.0,26122.73,1.67,2023-06-28
E006014,Isha,Operations,30,3.0,95404.28,5.51,2023-06-28
E006015,Nisha,HR,60,21.0,43167.91,2.12,2023-06-28
E006016,Nisha,Finance,23,2.0,95546.88,7.31,2023-06-29
E006017,Rohan,Engineering,60,11.0,90922.22,6.41,2023-06-29
E006018,Aarav,Sales,29,13.0,65875.49,2.7,2023-06-29
E006019,Aditya,Operations,40,28.0,112096.58,1.62,2023-06-30
E006020,Aarav,HR,42,28.0,26270.0,1.84,2023-06-30
E006021,Aditya,Finance,47,2.0,103958.28,1.95,2023-06-30
E006022,Aarav,Engineering,41,8.0,79012.52,4.14,2023-07-01
E006023,Kabir,Sales,44,10.0,113692.28,1.21,2023-07-01
E006024,Tara,Operations,37,22.0,37562.02,6.72,2023-07-01
E006025,Rohan,Sales,57,2.0,64340.42,4.33,2023-07-02
E006026,Tara,Finance,25,34.0,57320.27,4.16,2023-07-02
E006027,Nisha,Finance,29,27.0,45886.45,6.02,2023-07-02
E006028,Rohan,Marketing,31,8.0,109614.17,1.1,2023-07-03
E006029,Tara,Finance,34,22.0,54648.17,5.77,2023-07-03
E006030,Diya,Finance,42,34.0,71360.64,6.06,2023-07-03
E006031,Tara,Operations,24,22.0,67899.2,6.64,2023-07-04
E006032,Kabir,Marketing,38,12.0,67444.87,1.31,2023-07-04
E006033,Isha,Marketing,25,17.0,44496.71,7.05,2023-07-04
E006034,Kabir,Engineering,55,29.0,47385.2,4.64,2023-07-05
E006035,Rohan,Finance,33,28.0,73385.18,2.79,2023-07-05
E006036,Nisha,Operations,54,27.0,74707.09,1.59,2023-07-05
E006037,Aditya,Marketing,23,26.0,63649.99,8.7,2023-07-06
E006038,Isha,Finance,21,27.0,-9550.6,9.8,2023-07-06
E006039,Diya,Marketing,37,21.0,132177.21,1.9,2023-07-06
E006040,Kabir,Engineering,27,14.0,78875.81,1.15,2023-07-07
E006041,Isha,HR,41,31.0,70337.7,6.55,2023-07-07
E006042,Rohan,Sales,25,29.0,65929.21,6.03,2023-07-07
E006043,Nisha,Sales,40,21.0,79235.08,7.06,2023-07-08
E006044,Aarav,Sales,56,17.0,68316.3,1.95,2023-07-08
E006045,Aarav,Operations,52,14.0,97444.13,7.23,2023-07-08
E006046,Diya,Sales,50,3.0,75327.48,2.09,2023-07-09
E006047,Isha,Engineering,51,23.0,67394.25,5.0,2023-07-09
E006048,Aarav,Operations,29,28.0,93895.7,1.65,2023-07-09
E006049,,Marketing,48,16.0,52160.31,7.46,2023-07-10
E006050,Aarav,Engineering,50,9.0,85146.05,5.62,2023-07-10
E006051,Rohan,Engineering,58,34.0,68594.32,6.63,2023-07-10
E006052,Diya,Engineering,40,3.0,60641.62,1.13,2023-07-11
E006053,Rohan,Engineering,21,22.0,42607.16,7.52,2023-07-11
E006054,Diya,Operations,46,8.0,64078.03,1.31,2023-07-11
E006055,Diya,Operations,37,31.0,77130.57,6.39,2023-07-12
E006056,Diya,Sales,23,27.0,45072.16,1.7,2023-07-12
E006057,Kabir,HR,30,24.0,70917.77,6.68,2023-07-12
E006058,Nisha,HR,40,32.0,85243.42,4.17,2023-07-13
E006059,Isha,Operations,35,8.0,25322.29,2.11,
E006060,Tara,Engineering,52,24.0,97394.3,7.76,2023-07-13
E006061,Kabir,HR,45,60.0,36549.01,3.95,2023-07-14
E006062,Tara,HR,43,8.0,72271.56,4.7,2023-07-14
E006063,Kabir,Marketing,57,13.0,73699.19,7.67,2023-07-14
E006064,Diya,Finance,54,32.0,73734.3,7.18,2023-07-15
E006065,Tara,Operations,30,29.0,90047.09,6.06,2023-07-15
E006066,Aditya,Sales,38,13.0,60484.69,6.9,2023-07-15
E006067,Isha,Engineering,21,9.0,71289.95,8.93,2023-07-16
E006068,Aditya,Finance,51,27.0,92172.11,3.07,2023-07-16
E006069,Rohan,Sales,22,32.0,29822.37,6.16,2023-07-16
E006070,Rohan,Operations,61,0.0,82688.23,7.3,2023-07-17
E006071,Kabir,Engineering,57,25.0,63746.83,2.03,2023-07-17
E006072,Nisha,Sales,58,12.0,74407.6,4.2,2023-07-17
E006073,Aditya,Marketing,27,4.0,69729.56,1.17,2023-07-18
E006074,Aarav,HR,25,15.0,18725.18,7.84,2023-07-18
E006075,Nisha,HR,41,0.0,77425.42,8.29,2023-07-18
E006076,Diya,HR,28,9.0,76824.44,7.57,2023-07-19
E006077,Diya,Finance,52,14.0,37592.17,7.84,2023-07-19
E006078,Diya,Operations,52,22.0,87959.59,5.16,2023-07-19
E006079,Nisha,Operations,46,,78696.39,6.1,2023-07-20
E006080,Diya,HR,28,13.0,105319.56,7.93,2023-07-20
E006081,Aarav,Operations,29,16.0,45595.97,9.52,2023-07-20
E006082,Nisha,HR,50,2.0,95964.64,2.93,2023-07-21
E006083,Isha,Finance,54,34.0,71977.18,7.58,2023-07-21
E006084,Kabir,HR,42,23.0,95675.44,1.75,2023-07-21
E006085,Nisha,Engineering,47,3.0,49733.34,3.76,2023-07-22
E006086,Isha,Marketing,38,8.0,63239.82,9.91,2023-07-22
E006087,Rohan,Sales,25,13.0,94700.82,6.28,2023-07-22
E006088,Isha,Operations,29,24.0,76240.64,1.89,2023-07-23
E006089,Isha,Sales,61,24.0,102404.21,2.56,2023-07-23
E006090,Aditya,Engineering,0,0.0,91012.08,3.55,2023-07-23
E006091,Rohan,Engineering,36,11.0,109247.35,1.88,2023-07-24
E006092,Diya,Engineering,45,,70212.47,4.22,2023-07-24
E006093,Aditya,Marketing,26,13.0,66791.37,2.34,2023-07-24
E006094,Nisha,Operations,32,4.0,96651.76,5.27,2023-07-25
E006095,Aarav,Marketing,47,27.0,118880.73,5.88,2023-07-25
E006096,Diya,Engineering,56,4.0,60039.67,9.8,2023-07-25
E006097,Aditya,Marketing,48,10.0,37844.62,7.52,2023-07-26
E006098,Kabir,Sales,55,19.0,81015.72,1.47,2023-07-26
E006099,Kabir,Operations,29,18.0,105578.13,8.51,2023-07-26
,Diya,Finance,28,,41832.25,1.89,2023-07-27
E006101,Aarav,Engineering,39,34.0,52536.61,1.58,2023-07-27
E006102,Kabir,HR,59,26.0,75170.87,8.37,2023-07-27
E006103,Diya,Sales,55,33.0,38397.33,7.44,2023-07-28
E006104,Aarav,Marketing,52,8.0,73114.27,1.41,2023-07-28
E006105,Kabir,Engineering,37,3.0,76327.03,6.56,2023-07-28
E006106,Nisha,Marketing,27,,110148.93,6.02,2023-07-29
E006107,Nisha,Engineering,41,1.0,57549.11,5.09,2023-07-29
E006108,Kabir,HR,40,31.0,13581.37,7.89,2023-07-29
E006109,Aarav,Engineering,43,22.0,116862.92,7.79,2023-07-30
E006110,Aarav,Engineering,23,30.0,83243.81,2.15,2023-07-30
E006111,Aditya,Operations,31,27.0,89466.62,4.96,2023-07-30
E006112,Aarav,Engineering,26,19.0,68847.88,3.34,2023-07-31
E006113,Diya,Marketing,27,33.0,97309.6,5.17,2023-07-31
E006114,Nisha,Finance,48,11.0,94170.69,2.97,2023-07-31
E006115,Tara,Sales,52,3.0,60483.44,2.92,2023-08-01
E006116,Diya,HR,42,20.0,88605.51,8.35,2023-08-01
E006117,Isha,Operations,40,30.0,43178.68,8.27,2023-08-01
E006118,Rohan,Engineering,42,31.0,-21772.67,2.96,2023-08-02
E006119,Rohan,Finance,45,12.0,84335.14,5.46,2023-08-02
E006120,Aditya,Finance,34,12.0,46181.2,3.55,2023-08-02
E006121,Tara,Finance,26,15.0,11523.39,8.85,2023-08-03
E006122,Aditya,Sales,38,24.0,96669.94,7.54,
E006123,Nisha,Finance,24,14.0,54612.82,1.24,2023-08-03
E006124,Kabir,Finance,30,2.0,97559.52,6.88,2023-08-04
E006125,Aditya,Engineering,48,29.0,56279.55,8.57,2023-08-04
E006126,Tara,HR,58,12.0,74446.11,3.93,2023-08-04
E006127,Nisha,Engineering,35,24.0,36254.14,8.28,2023-08-05
E006128,Kabir,Sales,60,15.0,52487.21,7.04,
E006129,Rohan,Finance,37,8.0,60437.91,2.87,2023-08-05
E006130,Aarav,HR,22,2.0,16233.22,4.47,2023-08-06
E006131,Nisha,Finance,34,10.0,110226.68,7.93,2023-08-06
E006132,Isha,Sales,35,14.0,35586.08,8.44,2023-08-06
E006133,Aarav,HR,39,26.0,49312.85,2.08,2023-08-07
E006134,Aarav,Operations,28,3.0,100684.69,6.67,2023-08-07
E006135,Diya,Operations,28,14.0,79672.09,4.81,2023-08-07
E006136,Aditya,Engineering,61,27.0,93016.02,6.91,2023-08-08
E006137,Isha,HR,45,21.0,98843.65,1.21,2023-08-08
E006138,Tara,Finance,57,16.0,91075.49,2.14,2023-08-08
E006139,Nisha,HR,36,11.0,81947.2,6.6,2023-08-09
E006140,Isha,Finance,57,32.0,61872.41,4.02,2023-08-09
E006141,Aditya,Engineering,36,29.0,55298.52,7.8,2023-08-09
E006142,Tara,Sales,61,7.0,118730.77,7.48,2023-08-10
,Isha,Finance,44,26.0,86108.74,6.59,2023-08-10
E006144,Tara,Marketing,46,23.0,85725.9,3.51,2023-08-10
E006145,,Finance,28,25.0,70435.76,9.9,2023-08-11
E006146,Rohan,Finance,53,19.0,99711.04,7.33,2023-08-11
E006147,Isha,HR,23,26.0,102162.59,4.95,2023-08-11
E006148,Isha,Operations,36,1.0,52394.77,3.38,2023-08-12
E006149,Isha,Finance,61,6.0,110989.44,4.48,2023-08-12
E006150,Diya,Marketing,57,19.0,105523.12,5.73,2023-08-12
E006151,Tara,HR,43,11.0,12423.23,3.19,2023-08-13
E006152,Tara,Sales,41,2.0,93812.9,1.32,2023-08-13
E006153,Nisha,Marketing,58,19.0,105694.15,1.77,2023-08-13
E006154,Aditya,Sales,40,5.0,49229.27,3.72,2023-08-14
E006155,Kabir,Sales,26,25.0,108957.16,3.27,2023-08-14
E006156,Isha,HR,41,24.0,50702.5,5.99,2023-08-14
E006157,Aarav,Engineering,22,0.0,57605.01,9.63,2023-08-15
E006158,Aditya,Finance,39,0.0,79583.64,1.37,2023-08-15
E006159,Tara,Finance,36,2.0,70954.09,3.68,2023-08-15
E006160,Nisha,Operations,48,5.0,73252.87,9.02,2023-08-16
E006161,Kabir,HR,28,24.0,59566.66,6.96,2023-08-16
E006162,Aarav,Engineering,32,11.0,36841.28,1.5,2023-08-16
E006163,Rohan,Sales,42,33.0,69507.68,7.01,2023-08-17
E006164,Isha,Operations,54,20.0,92998.78,7.13,2023-08-17
E006165,,HR,59,23.0,38422.96,9.06,2023-08-17
E006166,Rohan,Engineering,56,31.0,69288.85,4.42,2023-08-18
E006167,Nisha,Marketing,49,11.0,67941.04,8.54,2023-08-18
E006168,Rohan,Finance,34,8.0,53541.83,2.83,2023-08-18
E006169,Isha,Finance,60,34.0,79657.22,1.97,2023-08-19
E006170,Nisha,Sales,60,29.0,80930.44,9.29,2023-08-19
E006171,Kabir,Finance,38,5.0,47133.26,8.83,2023-08-19
E006172,Tara,Marketing,48,8.0,71063.64,9.67,2023-08-20
E006173,Aarav,Engineering,26,16.0,87184.48,3.7,2023-08-20
E006174,Isha,Engineering,61,13.0,102269.05,6.55,2023-08-20
,Nisha,Engineering,42,12.0,20737.19,2.41,2023-08-21
E006176,Kabir,Engineering,25,3.0,94786.2,1.86,2023-08-21
E006177,Aarav,HR,25,7.0,99420.28,9.19,2023-08-21
E006178,Aarav,HR,61,32.0,63786.04,9.22,2023-08-22
E006179,Isha,Sales,49,13.0,81584.0,4.37,2023-08-22
E006180,Aarav,Sales,49,1.0,51201.17,-2.0,2023-08-22
E006181,Rohan,Marketing,30,34.0,76003.15,1.4,2023-08-23
E006182,Kabir,Marketing,25,,93200.8,7.63,2023-08-23
E006183,Diya,Marketing,54,32.0,114292.9,1.27,2023-08-23
E006184,Isha,Finance,43,24.0,101428.85,7.5,
E006185,Aditya,Finance,39,34.0,73018.07,4.64,2023-08-24
E006186,Rohan,Operations,60,19.0,88112.75,7.41,2023-08-24
E006187,Nisha,Marketing,52,27.0,26709.05,9.8,2023-08-25
E006188,Nisha,Sales,43,16.0,72214.63,5.78,2023-08-25
E006189,Aditya,Marketing,21,29.0,92863.02,2.39,2023-08-25
E006190,Aarav,Operations,45,0.0,76001.08,5.04,2023-08-26
E006191,,Engineering,37,18.0,56395.45,7.98,2023-08-26
E006192,Aditya,Operations,21,23.0,42189.11,5.83,2023-08-26
E006193,Aditya,Finance,59,14.0,63590.03,6.28,2023-08-27
E006194,Tara,Sales,35,11.0,38276.59,9.44,2023-08-27
E006195,Rohan,Sales,53,26.0,112907.57,3.35,2023-08-27
E006196,Isha,Marketing,40,12.0,17543.65,9.95,2023-08-28
E006197,Tara,Engineering,32,12.0,52305.38,6.28,2023-08-28
E006198,Kabir,Operations,46,8.0,84554.19,6.74,2023-08-28
E006199,,Marketing,27,29.0,40730.83,9.77,2023-08-29
E006200,Nisha,Operations,58,19.0,109724.25,2.5,2023-08-29
E006201,Isha,HR,39,31.0,67981.5,6.11,2023-08-29
E006202,Tara,Engineering,60,9.0,89742.88,7.02,2023-08-30
E006203,Aarav,Operations,36,4.0,40881.47,8.43,2023-08-30
E006204,Diya,Engineering,56,14.0,91057.73,7.74,2023-08-30
E006205,Nisha,Sales,58,32.0,88184.73,9.41,2023-08-31
E006206,Rohan,Finance,26,17.0,89248.11,3.94,2023-08-31
E006207,Tara,Sales,47,,77204.89,2.49,2023-08-31
E006208,Aditya,Engineering,24,2.0,71125.07,6.15,2023-09-01
E006209,Aarav,Finance,36,15.0,63608.38,3.12,2023-09-01
E006210,Rohan,Marketing,48,20.0,56848.66,5.49,2023-09-01
E006211,Diya,Marketing,32,7.0,96858.03,8.63,2023-09-02
E006212,Tara,Finance,34,17.0,82051.5,7.56,2023-09-02
E006213,,Engineering,36,6.0,33544.45,7.18,2023-09-02
E006214,Tara,Sales,55,24.0,46688.76,5.21,2023-09-03
E006215,Diya,Sales,59,32.0,101888.33,8.46,2023-09-03
E006216,Aditya,Sales,41,5.0,90577.89,9.39,2023-09-03
E006217,Rohan,Engineering,56,22.0,91685.48,3.81,2023-09-04
E006218,Aditya,Sales,30,31.0,49517.61,8.29,2023-09-04
E006219,Kabir,Marketing,50,6.0,114776.22,5.96,2023-09-04
E006220,Tara,Sales,43,20.0,67546.05,9.49,2023-09-05
E006221,Nisha,Engineering,38,,75945.77,7.5,2023-09-05
E006222,Kabir,Sales,41,3.0,71755.32,7.53,2023-09-05
E006223,Diya,Finance,50,11.0,45382.64,8.34,2023-09-06
E006224,Isha,HR,60,17.0,80677.0,6.08,2023-09-06
,Kabir,Operations,59,5.0,55735.59,8.22,2023-09-06
E006226,Diya,Marketing,40,20.0,46257.6,5.94,2023-09-07
E006227,Diya,HR,23,3.0,112971.07,1.18,2023-09-07
E006228,Nisha,Finance,44,10.0,36242.29,9.25,2023-09-07
E006229,Isha,Marketing,48,11.0,34414.17,9.94,2023-09-08
E006230,Aditya,Operations,22,21.0,34024.54,1.33,2023-09-08
E006231,Aarav,HR,58,1.0,106146.3,7.3,2023-09-08
E006232,Diya,Engineering,50,13.0,47607.17,1.01,2023-09-09
E006233,Tara,HR,53,2.0,96463.76,8.62,2023-09-09
E006234,Rohan,HR,46,13.0,76735.89,8.42,2023-09-09
E006235,Tara,Marketing,33,9.0,85161.82,3.76,2023-09-10
E006236,Rohan,Sales,32,,73929.96,7.51,2023-09-10
E006237,Diya,Finance,27,34.0,36761.65,2.26,2023-09-10
E006238,Diya,Marketing,61,27.0,69559.75,3.99,2023-09-11
E006239,Aditya,Operations,31,10.0,72439.29,9.06,2023-09-11
E006240,Isha,HR,47,12.0,95934.01,1.59,2023-09-11
E006241,Aarav,Engineering,47,11.0,50362.97,7.6,2023-09-12
E006242,Tara,Marketing,35,20.0,94514.97,1.84,2023-09-12
E006243,Aarav,Operations,34,20.0,82938.24,8.43,2023-09-12
E006244,Aditya,Engineering,36,2.0,89772.33,4.64,2023-09-13
E006245,Isha,Operations,35,7.0,57286.02,1.34,2023-09-13
E006246,Aarav,Marketing,45,9.0,49696.4,3.53,2023-09-13
E006247,Kabir,Engineering,30,6.0,84223.27,3.05,2023-09-14
E006248,Isha,Engineering,23,6.0,119961.0,5.69,2023-09-14
E006249,Isha,Sales,22,30.0,91991.63,5.68,2023-09-14
E006250,Tara,Engineering,61,11.0,68833.21,1.59,2023-09-15
E006251,Isha,Finance,59,23.0,108678.04,7.03,2023-09-15
E006252,Aarav,Operations,42,24.0,88415.95,9.08,2023-09-15
E006253,Aditya,Sales,30,24.0,50251.7,3.56,2023-09-16
E006254,Aarav,Operations,39,23.0,24670.85,7.97,2023-09-16
E006255,Tara,Sales,42,23.0,54890.0,2.27,2023-09-16
E006256,Nisha,Sales,32,2.0,71043.27,2.42,2023-09-17
E006257,Aarav,Sales,36,20.0,67776.61,3.28,2023-09-17
E006258,Nisha,HR,34,28.0,69298.2,7.26,2023-09-17
E006259,Nisha,Marketing,55,9.0,69240.67,2.44,2023-09-18
E006260,Nisha,Sales,34,22.0,76941.58,9.38,2023-09-18
E006261,Nisha,Marketing,25,34.0,56553.44,4.83,2023-09-18
E006262,,Engineering,60,13.0,52105.32,7.56,2023-09-19
E006263,Rohan,HR,55,7.0,62223.9,9.1,2023-09-19
E006264,Kabir,Operations,34,12.0,60318.56,1.24,2023-09-19
E006265,Kabir,Operations,55,3.0,88564.2,4.83,2023-09-20
E006266,Rohan,Sales,50,23.0,77088.44,2.85,2023-09-20
E006267,Rohan,Engineering,52,14.0,65812.68,2.56,2023-09-20
E006268,Rohan,Engineering,42,14.0,53425.26,7.33,2023-09-21
E006269,Rohan,Sales,41,33.0,56505.13,9.04,2023-09-21
E006270,Rohan,HR,27,14.0,103501.33,3.5,2023-09-21
E006271,Nisha,HR,30,25.0,45903.81,7.43,2023-09-22
E006272,Isha,Marketing,40,19.0,89469.6,3.69,2023-09-22
E006273,Diya,Operations,50,33.0,55725.7,1.42,2023-09-22
E006274,,Marketing,24,6.0,53142.35,7.29,2023-09-23
E006275,Isha,Marketing,41,29.0,91891.98,9.19,2023-09-23
E006276,Rohan,Sales,43,24.0,46738.48,9.96,2023-09-23
E006277,Tara,Engineering,36,22.0,121162.66,2.04,2023-09-24
E006278,Rohan,HR,49,32.0,96514.28,4.8,2023-09-24
E006279,Tara,HR,40,31.0,139528.47,8.93,2023-09-24
E006280,Nisha,Marketing,35,,42069.53,5.85,2023-09-25
E006281,Kabir,Finance,56,5.0,72043.91,5.37,2023-09-25
E006282,Diya,Finance,35,21.0,54390.8,6.33,2023-09-25
E006283,Aditya,Engineering,54,6.0,75519.74,9.45,2023-09-26
E006284,Tara,Marketing,23,4.0,25033.6,8.92,2023-09-26
E006285,Aditya,Engineering,34,2.0,85193.99,7.0,2023-09-26
E006286,Tara,Engineering,33,22.0,88992.54,1.97,2023-09-27
E006287,Rohan,Engineering,49,20.0,91913.13,8.31,2023-09-27
E006288,Aditya,Sales,34,27.0,60229.6,2.88,2023-09-27
E006289,Aditya,Finance,46,32.0,83607.34,9.21,2023-09-28
E006290,Kabir,Operations,32,5.0,21020.96,2.68,2023-09-28
E006291,Tara,Engineering,24,16.0,22091.72,6.55,2023-09-28
,Isha,Finance,46,20.0,93348.0,9.9,2023-09-29
E006293,Isha,Operations,34,,81642.9,3.33,2023-09-29
,Rohan,HR,29,27.0,101054.95,7.55,2023-09-29
E006295,Isha,HR,23,25.0,63095.16,5.96,2023-09-30
E006296,Kabir,Finance,56,20.0,70681.93,4.7,2023-09-30
E006297,Tara,Engineering,27,6.0,51696.77,5.58,2023-09-30
E006298,Rohan,Marketing,29,30.0,101214.58,6.46,2023-10-01
E006299,Kabir,Sales,21,16.0,64740.18,2.45,2023-10-01
E006300,Kabir,HR,41,27.0,66133.12,8.52,2023-10-01
E006301,Aarav,Sales,28,17.0,76156.81,7.77,2023-10-02
E006302,Nisha,Marketing,59,19.0,95605.47,3.19,2023-10-02
E006303,Isha,Operations,38,18.0,70586.29,4.2,2023-10-02
E006304,Tara,Operations,54,32.0,74746.98,3.89,2023-10-03
E006305,Rohan,Finance,57,22.0,147401.46,1.3,2023-10-03
E006306,Aditya,HR,42,11.0,31577.0,9.81,2023-10-03
E006307,Aarav,HR,22,2.0,64236.3,1.4,2023-10-04
E006308,Aditya,Operations,41,4.0,82983.8,5.93,2023-10-04
E006309,Tara,Marketing,47,24.0,96114.01,9.63,2023-10-04
E006310,,Operations,24,15.0,33848.96,8.97,2023-10-05
E006311,Aarav,Sales,36,2.0,114429.42,6.19,2023-10-05
E006312,Nisha,Marketing,59,29.0,52602.2,5.0,2023-10-05
E006313,Tara,Marketing,26,11.0,52122.57,3.58,2023-10-06
E006314,Nisha,Finance,24,17.0,93112.57,2.68,2023-10-06
E006315,Rohan,HR,33,16.0,98855.05,7.23,2023-10-06
E006316,Nisha,Marketing,48,31.0,69978.96,9.03,2023-10-07
E006317,Aditya,Sales,30,10.0,94382.83,5.78,2023-10-07
E006318,Kabir,Engineering,50,27.0,80608.98,8.81,2023-10-07
E006319,Kabir,Finance,59,28.0,48871.03,1.42,2023-10-08
E006320,Aarav,Finance,58,10.0,72561.2,2.13,2023-10-08
E006321,Isha,Marketing,46,0.0,39202.96,2.93,2023-10-08
E006322,Rohan,Engineering,24,3.0,100513.85,3.45,2023-10-09
E006323,Nisha,Engineering,34,14.0,78474.38,2.86,2023-10-09
E006324,Aarav,Operations,61,3.0,106979.43,6.9,2023-10-09
E006325,Diya,Operations,33,10.0,94360.56,4.33,2023-10-10
E006326,Kabir,Operations,30,25.0,111709.1,1.03,2023-10-10
E006327,Aarav,Marketing,32,29.0,91288.11,1.15,2023-10-10
E006328,Diya,Finance,24,0.0,70272.41,7.84,2023-10-11
E006329,Kabir,HR,52,28.0,28331.95,9.9,2023-10-11
E006330,Nisha,HR,23,10.0,73057.72,3.51,2023-10-11
E006331,Isha,Marketing,44,28.0,117448.65,7.22,2023-10-12
E006332,Rohan,Marketing,30,6.0,52590.39,2.34,2023-10-12
E006333,Rohan,Operations,50,31.0,75447.29,8.83,2023-10-12
E006334,Diya,Sales,28,9.0,41113.79,2.0,2023-10-13
E006335,Diya,Marketing,38,25.0,79228.44,2.5,2023-10-13
E006336,Rohan,Finance,40,31.0,69106.62,6.16,
E006337,Aditya,Operations,36,10.0,66691.16,8.59,2023-10-14
E006338,Kabir,Marketing,41,15.0,70407.19,3.62,2023-10-14
E006339,Isha,Operations,27,34.0,112156.15,7.51,
E006340,Isha,Marketing,27,24.0,53076.9,4.97,2023-10-15
E006341,Tara,Sales,56,26.0,55507.26,3.09,2023-10-15
E006342,Tara,HR,24,31.0,73859.47,8.19,2023-10-15
E006343,Aditya,Finance,27,33.0,90401.89,6.86,2023-10-16
E006344,Aarav,Finance,48,0.0,104344.5,3.07,2023-10-16
E006345,Tara,Marketing,38,32.0,75706.5,7.89,2023-10-16
E006346,Tara,Operations,37,18.0,33216.05,3.94,2023-10-17
E006347,Rohan,Marketing,44,24.0,71822.45,2.01,2023-10-17
E006348,Diya,Sales,24,34.0,59464.0,1.07,2023-10-17
E006349,Aditya,HR,27,0.0,67648.01,7.5,2023-10-18
E006350,Diya,Marketing,60,0.0,68869.02,1.94,2023-10-18
E006351,Kabir,Operations,53,18.0,61800.31,6.77,2023-10-18
E006352,Aarav,Marketing,50,0.0,78368.38,7.68,2023-10-19
E006353,Diya,Sales,30,27.0,60985.48,8.61,2023-10-19
E006354,Isha,Sales,28,8.0,48329.65,3.77,2023-10-19
E006355,Tara,HR,51,23.0,55969.81,6.62,2023-10-20
E006356,Nisha,Engineering,27,5.0,52817.46,8.33,2023-10-20
E006357,Aditya,Operations,29,18.0,81949.0,3.37,2023-10-20
E006358,Diya,Finance,25,23.0,96367.94,9.57,2023-10-21
E006359,Diya,Marketing,24,20.0,73887.03,2.8,2023-10-21
E006360,,Sales,47,4.0,54505.68,7.93,2023-10-21
,Nisha,Engineering,27,14.0,29865.48,1.79,2023-10-22
E006362,Aditya,Marketing,44,7.0,56947.34,9.72,2023-10-22
E006363,Isha,Operations,52,13.0,106702.8,7.07,2023-10-22
E006364,Tara,Marketing,56,15.0,75238.37,8.89,2023-10-23
E006365,Aditya,Engineering,45,6.0,93912.86,6.64,2023-10-23
E006366,Diya,HR,39,28.0,45644.79,5.14,2023-10-23
E006367,Diya,Finance,23,19.0,72281.34,4.69,2023-10-24
E006368,Aarav,Operations,37,4.0,59607.41,1.45,2023-10-24
E006369,Aarav,Finance,56,8.0,80650.35,1.06,2023-10-24
E006370,Aditya,Engineering,31,5.0,107747.84,8.58,
,Rohan,Sales,24,1.0,87509.87,5.91,2023-10-25
E006372,Aarav,HR,41,28.0,98815.84,3.15,2023-10-25
E006373,Aditya,Finance,38,9.0,54533.09,4.98,2023-10-26
E006374,Aarav,Engineering,49,29.0,61464.72,8.67,2023-10-26
E006375,Nisha,HR,40,30.0,45411.0,8.78,2023-10-26
E006376,Nisha,HR,47,8.0,64646.06,4.17,2023-10-27
E006377,Aarav,Marketing,46,30.0,93901.68,4.12,2023-10-27
E006378,Kabir,HR,46,17.0,28784.3,9.37,2023-10-27
E006379,Diya,Sales,48,13.0,107581.53,9.62,2023-10-28
E006380,Tara,HR,43,14.0,66241.98,6.49,2023-10-28
E006381,Nisha,Finance,49,19.0,34136.72,2.05,2023-10-28
E006382,Kabir,Sales,31,6.0,76665.76,7.02,2023-10-29
E006383,Aarav,HR,25,0.0,67891.17,3.22,2023-10-29
E006384,Nisha,Operations,38,18.0,101771.62,9.54,2023-10-29
E006385,Diya,Operations,42,13.0,41167.91,5.45,2023-10-30
E006386,Aarav,Marketing,58,19.0,21526.52,3.62,2023-10-30
E006387,Tara,Operations,42,1.0,35783.95,3.14,2023-10-30
E006388,Rohan,Marketing,47,6.0,57216.17,3.15,2023-10-31
E006389,Kabir,Finance,32,4.0,67566.16,9.92,2023-10-31
E006390,Kabir,Finance,47,5.0,66118.22,1.28,2023-10-31
E006391,Rohan,HR,51,13.0,52017.52,5.42,2023-11-01
E006392,Isha,Marketing,40,23.0,50351.1,1.24,2023-11-01
E006393,Kabir,HR,44,,92100.91,9.83,2023-11-01
E006394,Diya,Marketing,49,12.0,100948.53,3.99,2023-11-02
E006395,Rohan,Engineering,41,15.0,72632.89,2.33,2023-11-02
E006396,Diya,Sales,39,2.0,105694.2,2.29,2023-11-02
E006397,Tara,Marketing,52,2.0,63176.07,7.06,2023-11-03
E006398,Isha,Marketing,52,11.0,31968.86,8.45,2023-11-03
E006399,Aarav,HR,56,30.0,47595.09,6.5,2023-11-03
E006400,Kabir,Engineering,24,32.0,49617.7,6.79,2023-11-04
E006401,Nisha,Marketing,52,15.0,82397.92,6.72,2023-11-04
E006402,Diya,HR,58,4.0,64473.78,7.67,2023-11-04
E006403,Rohan,Operations,26,16.0,42856.76,6.07,2023-11-05
E006404,Diya,Finance,45,23.0,56779.72,8.55,2023-11-05
E006405,Rohan,Sales,26,3.0,63101.53,6.3,2023-11-05
E006406,Tara,HR,22,32.0,82213.05,2.38,2023-11-06
E006407,Aarav,Operations,58,27.0,83973.96,8.97,2023-11-06
E006408,Diya,Operations,22,25.0,97171.1,2.02,2023-11-06
E006409,Tara,Engineering,35,6.0,3000000.0,9.49,2023-11-07
E006410,Kabir,Marketing,49,15.0,126852.62,4.11,2023-11-07
E006411,Rohan,Finance,31,16.0,119097.16,9.02,2023-11-07
E006412,Aarav,Sales,25,10.0,76565.57,4.56,2023-11-08
E006413,Tara,Engineering,21,20.0,67306.49,4.55,2023-11-08
E006414,Aarav,Marketing,34,16.0,106309.1,2.73,2023-11-08
E006415,Kabir,Engineering,51,28.0,63402.41,6.56,2023-11-09
E006416,Kabir,Engineering,22,11.0,79850.01,6.54,2023-11-09
E006417,Nisha,Marketing,50,29.0,42276.82,1.73,2023-11-09
E006418,Aditya,Operations,50,3.0,56957.28,6.23,2023-11-10
E006419,Rohan,HR,57,2.0,88032.32,2.79,2023-11-10
E006420,Diya,HR,52,26.0,70457.37,7.82,2023-11-10
E006421,Diya,Sales,53,24.0,80299.03,8.53,2023-11-11
E006422,Rohan,Marketing,25,4.0,65831.38,4.62,2023-11-11
E006423,Rohan,Finance,41,11.0,46998.19,8.84,2023-11-11
E006424,Nisha,HR,42,,65506.33,4.06,2023-11-12
E006425,Isha,Sales,58,26.0,101596.63,4.62,2023-11-12
E006426,Aarav,Marketing,40,,72500.97,9.03,2023-11-12
E006427,Aarav,Marketing,30,30.0,62573.06,9.25,2023-11-13
E006428,Aarav,Sales,50,26.0,39122.41,5.39,2023-11-13
E006429,Nisha,Engineering,46,4.0,86603.69,9.12,2023-11-13
E006430,Aditya,Operations,34,12.0,79998.28,1.89,2023-11-14
E006431,Isha,Finance,24,8.0,48608.68,6.62,2023-11-14
E006432,Tara,Sales,57,21.0,66266.39,1.33,2023-11-14
E006433,Kabir,Sales,27,23.0,85883.81,1.05,2023-11-15
E006434,Diya,HR,49,15.0,45011.83,9.17,2023-11-15
E006435,Rohan,Sales,26,30.0,33996.02,2.34,2023-11-15
E006436,Nisha,Marketing,43,13.0,65351.41,2.07,2023-11-16
E006437,Aarav,Sales,57,2.0,61561.77,2.09,2023-11-16
E006438,Nisha,Engineering,34,6.0,62644.15,8.78,2023-11-16
E006439,Kabir,Engineering,59,13.0,50465.61,5.67,2023-11-17
E006440,Aditya,Marketing,57,17.0,71863.93,9.1,2023-11-17
E006441,Tara,Sales,51,13.0,60967.75,4.4,2023-11-17
E006442,Isha,Engineering,34,8.0,86030.67,7.41,2023-11-18
E006443,Isha,Engineering,46,24.0,3000000.0,9.51,2023-11-18
E006444,Kabir,Engineering,44,33.0,69778.77,1.37,2023-11-18
E006445,Isha,Operations,58,20.0,48255.48,4.07,2023-11-19
E006446,Rohan,Operations,49,23.0,68886.26,5.79,2023-11-19
E006447,Nisha,Sales,42,8.0,72074.48,4.01,2023-11-19
E006448,Aditya,Finance,38,14.0,77660.74,5.17,2023-11-20
E006449,Aarav,Sales,57,27.0,55019.1,8.58,2023-11-20
E006450,Tara,HR,50,24.0,73885.61,7.95,2023-11-20
E006451,Rohan,Sales,52,2.0,96625.27,9.24,2023-11-21
E006452,Rohan,Engineering,26,26.0,73802.64,5.57,2023-11-21
E006453,Tara,Finance,45,20.0,67988.19,2.32,2023-11-21
E006454,Aarav,Operations,61,16.0,58823.48,3.91,2023-11-22
E006455,Kabir,Marketing,60,29.0,74255.54,1.33,2023-11-22
E006456,Isha,Operations,38,30.0,19543.92,2.93,2023-11-22
E006457,Aditya,Finance,55,15.0,67135.05,5.82,2023-11-23
E006458,Aarav,Sales,48,28.0,79176.71,5.91,2023-11-23
E006459,Isha,Marketing,54,10.0,65472.71,4.0,2023-11-23
E006460,Nisha,Marketing,49,26.0,39529.61,1.59,2023-11-24
E006461,Rohan,Marketing,22,21.0,107321.69,5.51,2023-11-24
E006462,Kabir,Sales,41,15.0,31318.3,5.2,2023-11-24
E006463,Tara,HR,50,30.0,88878.37,5.93,2023-11-25
E006464,Rohan,Marketing,34,24.0,89627.32,8.53,2023-11-25
E006465,Tara,Marketing,45,33.0,87973.66,1.47,2023-11-25
E006466,Aditya,Sales,30,21.0,86515.1,2.66,
E006467,Diya,HR,48,11.0,83445.31,3.9,2023-11-26
,Nisha,Sales,36,24.0,101501.82,9.91,2023-11-26
E006469,Aditya,Finance,21,3.0,74309.17,4.17,2023-11-27
E006470,,Operations,28,15.0,55115.96,3.19,2023-11-27
E006471,Nisha,Engineering,39,30.0,111812.68,8.89,2023-11-27
E006472,Isha,Marketing,28,25.0,48871.5,8.0,2023-11-28
E006473,Diya,Finance,43,12.0,38723.57,2.95,2023-11-28
E006474,Nisha,Engineering,53,10.0,53809.21,1.13,2023-11-28
E006475,Diya,Engineering,36,4.0,77267.39,2.44,2023-11-29
E006476,Tara,HR,56,17.0,74479.62,1.54,2023-11-29
E006477,Kabir,Marketing,23,0.0,54403.38,7.99,2023-11-29
E006478,Aarav,Finance,35,19.0,93623.0,6.71,2023-11-30
E006479,Kabir,Engineering,48,6.0,66932.41,2.03,2023-11-30
E006480,Aditya,Sales,37,14.0,65694.02,2.77,2023-11-30
,Aditya,Sales,28,30.0,70557.52,8.79,2023-12-01
E006482,Rohan,HR,43,2.0,105789.84,7.93,2023-12-01
E006483,Kabir,Sales,42,27.0,89627.84,9.58,2023-12-01
E006484,Kabir,Engineering,41,34.0,69864.52,1.78,2023-12-02
E006485,Rohan,Engineering,60,12.0,81215.64,6.7,2023-12-02
E006486,Isha,Operations,46,14.0,63946.35,1.52,2023-12-02
E006487,Rohan,HR,38,27.0,54576.91,2.14,2023-12-03
E006488,Aarav,Marketing,41,25.0,51018.15,7.0,2023-12-03
E006489,Diya,Sales,39,13.0,77727.78,8.58,2023-12-03
E006490,Rohan,Operations,34,21.0,95341.02,5.16,2023-12-04
E006491,Tara,Finance,25,33.0,34828.77,7.54,2023-12-04
E006492,Tara,Engineering,44,9.0,75248.41,8.99,2023-12-04
E006493,Nisha,Engineering,35,31.0,30157.86,5.57,2023-12-05
E006494,Diya,Finance,36,3.0,75616.7,8.79,2023-12-05
E006495,Nisha,Engineering,25,0.0,87601.42,9.68,2023-12-05
E006496,Nisha,Marketing,54,16.0,47361.46,4.87,2023-12-06
E006497,Aarav,Sales,34,1.0,74826.32,2.85,2023-12-06
E006498,Aarav,HR,30,19.0,92754.83,3.6,2023-12-06
E006499,Isha,Engineering,55,21.0,33566.58,5.32,2023-12-07
E006500,Diya,HR,42,17.0,104646.74,8.92,2023-12-07
E006501,Nisha,Finance,61,6.0,52357.37,9.17,2023-12-07
E006502,Isha,Sales,53,27.0,82200.64,2.02,2023-12-08
E006503,Aarav,HR,53,18.0,59401.18,2.18,2023-12-08
E006504,Isha,Engineering,23,22.0,73327.14,9.09,2023-12-08
E006505,Isha,Engineering,31,10.0,61385.75,9.01,2023-12-09
E006506,Tara,Finance,58,31.0,59994.48,2.07,2023-12-09
E006507,Aditya,Operations,58,28.0,82446.9,9.44,2023-12-09
E006508,Nisha,Finance,31,9.0,57190.52,7.83,2023-12-10
E006509,Tara,Finance,46,9.0,75722.41,5.32,2023-12-10
E006510,Kabir,Operations,60,19.0,35364.74,9.88,2023-12-10
E006511,Rohan,Operations,56,12.0,77906.34,3.8,2023-12-11
E006512,Nisha,Sales,23,8.0,61418.09,7.2,2023-12-11
,Diya,Engineering,23,3.0,92703.36,1.48,2023-12-11
E006514,Tara,Marketing,39,25.0,32210.99,2.72,2023-12-12
E006515,Diya,HR,52,16.0,52606.98,1.41,2023-12-12
E006516,Isha,Operations,42,3.0,75538.99,3.31,2023-12-12
E006517,Isha,HR,50,22.0,54644.14,1.85,2023-12-13
E006518,Nisha,Operations,32,26.0,41361.14,7.98,2023-12-13
E006519,Kabir,Engineering,36,34.0,49617.23,9.0,2023-12-13
,Kabir,Marketing,55,8.0,54681.76,2.21,2023-12-14
E006521,Nisha,HR,30,1.0,32076.56,4.88,2023-12-14
E006522,Nisha,Sales,26,6.0,51441.56,3.9,2023-12-14
E006523,Nisha,Operations,39,17.0,138645.64,2.39,2023-12-15
E006524,Diya,Marketing,27,17.0,70269.75,3.26,2023-12-15
E006525,Aarav,Finance,37,16.0,73534.17,3.46,2023-12-15
E006526,Aditya,Sales,23,17.0,65113.29,7.16,2023-12-16
E006527,Kabir,Sales,58,12.0,97375.37,1.36,2023-12-16
E006528,Isha,Operations,29,4.0,68307.56,9.89,2023-12-16
E006529,Aarav,Marketing,37,17.0,55046.63,5.82,2023-12-17
E006530,Kabir,HR,47,17.0,65926.63,6.84,2023-12-17
E006531,Rohan,Engineering,22,0.0,96582.96,9.02,2023-12-17
E006532,Aditya,Sales,29,16.0,89498.79,8.3,2023-12-18
E006533,Rohan,Operations,61,5.0,19791.02,4.14,2023-12-18
E006534,Diya,Sales,27,5.0,68132.67,7.57,2023-12-18
E006535,Tara,Engineering,49,27.0,81856.09,9.16,2023-12-19
E006536,Nisha,Marketing,23,18.0,70193.89,2.86,2023-12-19
E006537,Aarav,Marketing,44,22.0,138271.63,2.32,2023-12-19
E006538,Aarav,Finance,32,3.0,82057.16,5.16,2023-12-20
E006539,Diya,HR,46,9.0,87625.18,2.87,2023-12-20
E006540,Diya,Finance,33,12.0,34722.57,6.96,2023-12-20
E006541,Diya,Engineering,35,8.0,33481.52,2.13,2023-12-21
E006542,Aarav,Finance,55,4.0,50126.48,3.06,2023-12-21
E006543,Rohan,Finance,29,33.0,37297.32,9.73,2023-12-21
E006544,Nisha,Finance,25,25.0,75181.44,2.48,2023-12-22
E006545,Tara,Marketing,56,15.0,48771.09,9.75,2023-12-22
E006546,Rohan,Finance,54,33.0,25865.09,2.56,2023-12-22
E006547,Nisha,Sales,44,4.0,93588.49,5.88,2023-12-23
E006548,Tara,Finance,38,32.0,71463.18,6.5,2023-12-23
E006549,Kabir,Operations,49,24.0,70982.64,3.26,2023-12-23
E006550,Aarav,HR,36,22.0,50852.64,1.28,2023-12-24
E006551,Diya,Engineering,39,12.0,76676.82,2.42,2023-12-24
E006552,Aarav,Operations,43,6.0,74626.28,9.31,2023-12-24
E006553,Diya,Operations,51,3.0,79920.75,4.65,2023-12-25
E006554,Aditya,Marketing,57,4.0,55097.41,6.14,2023-12-25
E006555,Diya,Marketing,53,17.0,56329.72,5.3,2023-12-25
E006556,Kabir,Operations,58,14.0,51459.55,9.34,2023-12-26
E006557,Diya,Engineering,50,14.0,44247.98,6.07,2023-12-26
E006558,Nisha,HR,57,27.0,116278.63,2.09,2023-12-26
E006559,Aarav,Engineering,35,32.0,-431.36,6.28,2023-12-27
E006560,Aditya,Marketing,50,4.0,35674.07,1.85,2023-12-27
E006561,Aditya,Marketing,37,19.0,68989.94,4.26,2023-12-27
E006562,Aditya,Engineering,44,34.0,44544.85,2.21,2023-12-28
E006563,Aarav,Engineering,50,34.0,68984.21,6.21,2023-12-28
E006564,Nisha,Engineering,50,9.0,29328.7,1.99,2023-12-28
E006565,Kabir,Sales,31,3.0,15349.49,7.31,2023-12-29
E006566,Rohan,Marketing,26,3.0,56390.42,5.68,2023-12-29
E006567,Aditya,HR,61,7.0,94222.5,2.1,2023-12-29
E006568,Kabir,Finance,24,34.0,73340.04,9.04,2023-12-30
E006569,Aarav,Engineering,31,18.0,87627.32,5.43,2023-12-30
E006570,Isha,Marketing,37,3.0,99905.72,2.88,2023-12-30
E006571,Diya,HR,41,20.0,85094.41,5.65,2023-12-31
E006572,Tara,Finance,35,17.0,46297.56,8.15,2023-12-31
E006573,Tara,Marketing,24,21.0,56482.35,3.41,2023-12-31
E006574,Diya,Sales,48,19.0,39310.48,3.05,2024-01-01
E006575,Diya,Operations,52,32.0,58265.8,1.26,2024-01-01
E006576,Diya,Finance,47,3.0,48340.31,5.21,2024-01-01
E006577,Isha,Engineering,23,9.0,74446.64,4.77,2024-01-02
E006578,,Engineering,22,12.0,41175.44,5.68,2024-01-02
E006579,Nisha,Operations,26,4.0,55866.47,8.58,2024-01-02
E006580,Diya,Marketing,53,12.0,93421.42,6.52,2024-01-03
E006581,Rohan,Engineering,28,3.0,93035.55,2.93,2024-01-03
E006582,Nisha,HR,38,25.0,81531.29,3.21,2024-01-03
E006583,Aditya,Sales,57,27.0,37389.04,2.75,2024-01-04
E006584,Aarav,Marketing,43,22.0,145793.63,5.4,2024-01-04
E006585,Kabir,HR,53,5.0,57155.43,1.29,2024-01-04
E006586,Kabir,Finance,55,4.0,76041.8,9.69,2024-01-05
E006587,Diya,Engineering,33,28.0,57960.51,6.27,2024-01-05
E006588,Kabir,HR,59,29.0,63636.65,7.85,2024-01-05
E006589,Rohan,Engineering,39,14.0,3638.46,5.9,2024-01-06
E006590,Diya,Finance,48,29.0,78720.57,3.64,2024-01-06
E006591,Tara,HR,59,3.0,41113.65,3.43,2024-01-06
,Diya,Finance,32,29.0,100262.8,7.5,2024-01-07
E006593,Diya,Sales,57,8.0,78774.74,1.4,2024-01-07
E006594,Rohan,HR,49,1.0,107155.62,6.84,2024-01-07
E006595,Diya,Sales,42,22.0,53143.29,8.05,2024-01-08
E006596,Diya,Finance,54,6.0,45431.17,7.72,2024-01-08
E006597,Rohan,Sales,51,0.0,93252.25,2.13,2024-01-08
E006598,Rohan,Engineering,33,8.0,80603.99,4.89,2024-01-09
E006599,Aarav,HR,49,20.0,85643.12,8.95,2024-01-09
E006600,Tara,Marketing,21,22.0,64289.25,8.48,2024-01-09
E006601,Diya,Finance,54,3.0,40787.91,5.9,2024-01-10
E006602,Kabir,Operations,39,16.0,46008.82,4.95,2024-01-10
E006603,Aditya,Marketing,22,22.0,89512.18,2.45,2024-01-10
E006604,Diya,Marketing,35,30.0,83304.38,8.08,2024-01-11
E006605,Aarav,Marketing,60,14.0,83638.4,1.95,2024-01-11
E006606,Aarav,Engineering,52,22.0,58396.1,1.03,2024-01-11
E006607,Rohan,Operations,42,26.0,38347.55,7.05,2024-01-12
E006608,Isha,Engineering,44,0.0,55514.82,1.09,2024-01-12
E006609,Aarav,Sales,54,24.0,49892.03,7.16,2024-01-12
E006610,Aditya,Marketing,27,24.0,110336.42,5.23,2024-01-13
E006611,Aarav,Sales,45,28.0,98212.86,5.18,2024-01-13
E006612,Diya,Marketing,29,1.0,55030.43,3.17,2024-01-13
E006613,Tara,Finance,30,12.0,122771.93,3.56,2024-01-14
E006614,Rohan,HR,46,22.0,80012.56,2.33,2024-01-14
E006615,Diya,HR,48,20.0,66645.55,5.02,2024-01-14
E006616,Isha,Sales,51,9.0,61357.11,3.89,2024-01-15
E006617,Tara,Sales,44,21.0,93320.42,4.67,2024-01-15
E006618,Aarav,Sales,46,7.0,55559.91,5.49,2024-01-15
E006619,Kabir,HR,31,11.0,98530.32,7.83,2024-01-16
E006620,Nisha,Operations,37,25.0,59582.59,3.6,
E006621,Tara,Operations,54,11.0,83656.21,9.67,2024-01-16
E006622,Kabir,Engineering,49,4.0,92450.75,6.96,2024-01-17
E006623,Aditya,Operations,23,3.0,50806.15,1.17,2024-01-17
E006624,Isha,Operations,59,10.0,81500.29,8.69,2024-01-17
E006625,Diya,Operations,58,13.0,101453.48,9.09,2024-01-18
E006626,Diya,Engineering,50,26.0,44294.95,7.26,2024-01-18
E006627,Rohan,Marketing,52,31.0,71602.91,3.79,2024-01-18
E006628,Isha,Engineering,56,19.0,108922.39,1.42,2024-01-19
,Aarav,Finance,31,26.0,81459.17,8.23,2024-01-19
E006630,Tara,HR,60,23.0,70970.83,5.46,2024-01-19
E006631,Nisha,Sales,52,27.0,92375.83,9.13,2024-01-20
E006632,Aarav,Sales,49,,113520.48,5.41,2024-01-20
E006633,Tara,Engineering,44,29.0,87609.08,3.73,2024-01-20
E006634,Kabir,Marketing,53,9.0,112306.61,8.53,2024-01-21
E006635,Aditya,Marketing,53,29.0,69867.53,7.79,2024-01-21
E006636,Kabir,Finance,25,3.0,100500.49,7.03,2024-01-21
E006637,Nisha,Marketing,34,30.0,53151.65,8.11,2024-01-22
E006638,Isha,HR,56,4.0,117214.76,1.9,2024-01-22
E006639,Diya,HR,45,32.0,74340.48,3.81,2024-01-22
E006640,Isha,Marketing,37,9.0,74735.6,9.67,2024-01-23
E006641,Isha,HR,30,21.0,106699.23,6.47,2024-01-23
E006642,Aditya,HR,41,27.0,74503.87,8.18,2024-01-23
E006643,,Finance,31,15.0,66961.94,2.69,2024-01-24
,Isha,Sales,34,23.0,57628.54,8.3,2024-01-24
E006645,Isha,Operations,28,2.0,81353.84,5.06,2024-01-24
E006646,Aarav,Marketing,28,10.0,65629.33,7.87,2024-01-25
E006647,Rohan,Marketing,21,27.0,64401.63,3.09,2024-01-25
E006648,Aditya,Finance,58,28.0,96698.85,5.38,2024-01-25
E006649,Kabir,Finance,49,31.0,91584.98,4.31,2024-01-26
E006650,Aarav,Engineering,60,24.0,45462.78,3.25,2024-01-26
E006651,Kabir,Finance,28,14.0,44988.76,9.42,2024-01-26
E006652,Isha,Engineering,48,0.0,22216.57,1.01,2024-01-27
E006653,Rohan,HR,34,27.0,34865.95,3.61,
E006654,Kabir,Engineering,25,0.0,121912.31,7.01,2024-01-27
E006655,Tara,HR,57,18.0,64492.88,6.92,2024-01-28
E006656,Aarav,Finance,37,28.0,87655.27,2.05,2024-01-28
E006657,Aditya,HR,61,15.0,71464.2,1.01,2024-01-28
E006658,Diya,Finance,31,6.0,92305.02,8.37,2024-01-29
E006659,Nisha,Sales,38,30.0,93279.57,8.48,2024-01-29
E006660,Diya,Finance,55,14.0,24927.37,7.46,2024-01-29
E006661,Aditya,Finance,49,18.0,69529.08,9.62,2024-01-30
E006662,Tara,Sales,44,32.0,73120.99,3.59,2024-01-30
E006663,Aditya,Marketing,35,8.0,84071.15,5.0,2024-01-30
,Diya,Engineering,31,34.0,57427.05,1.49,2024-01-31
E006665,Tara,Sales,60,8.0,78971.22,7.67,2024-01-31
E006666,,Operations,46,19.0,58687.81,4.42,2024-01-31
E006667,Isha,Finance,28,11.0,46909.51,5.2,2024-02-01
E006668,Tara,Engineering,47,29.0,62228.63,7.13,2024-02-01
E006669,Kabir,Finance,30,21.0,45688.17,9.81,2024-02-01
E006670,Tara,Marketing,46,8.0,94802.64,6.13,2024-02-02
E006671,Tara,HR,25,12.0,68922.68,5.95,2024-02-02
E006672,Isha,Engineering,45,13.0,48208.43,9.94,2024-02-02
E006673,Aditya,Marketing,54,19.0,69091.48,6.88,2024-02-03
E006674,Rohan,HR,29,,71335.82,9.95,2024-02-03
E006675,Tara,Sales,55,3.0,43934.89,9.73,2024-02-03
E006676,Kabir,Marketing,27,33.0,90400.94,5.74,2024-02-04
E006677,Aarav,Marketing,22,15.0,67015.77,6.73,2024-02-04
E006678,Aditya,Sales,33,15.0,81530.14,3.25,2024-02-04
E006679,Isha,Operations,59,29.0,61463.35,4.34,2024-02-05
E006680,Tara,Operations,22,12.0,49012.38,4.73,2024-02-05
E006681,Aarav,Finance,27,9.0,43739.1,4.55,2024-02-05
E006682,Kabir,Finance,28,20.0,90482.33,7.46,2024-02-06
E006683,Rohan,Operations,31,7.0,92494.93,9.7,2024-02-06
E006684,Nisha,Sales,60,26.0,53631.25,5.69,2024-02-06
E006685,Kabir,Engineering,61,26.0,52272.74,7.77,2024-02-07
E006686,Tara,Engineering,22,17.0,34212.44,7.14,2024-02-07
E006687,Isha,HR,41,9.0,91168.98,3.45,2024-02-07
E006688,Nisha,Finance,47,9.0,80357.41,7.97,2024-02-08
E006689,Isha,Sales,43,17.0,43931.56,7.77,2024-02-08
E006690,Kabir,Finance,37,33.0,118939.05,3.38,2024-02-08
E006691,Rohan,Marketing,28,17.0,81191.56,8.1,2024-02-09
E006692,Diya,Sales,28,29.0,59638.92,4.01,2024-02-09
E006693,Aditya,Operations,49,8.0,88917.34,6.03,2024-02-09
E006694,Aditya,HR,45,32.0,66517.41,8.52,2024-02-10
E006695,Tara,Marketing,42,23.0,36988.92,2.06,2024-02-10
E006696,Tara,Finance,39,29.0,48811.11,3.72,2024-02-10
E006697,Diya,Finance,26,10.0,73376.6,7.73,2024-02-11
E006698,Tara,Marketing,56,11.0,72524.51,8.87,2024-02-11
E006699,Tara,Engineering,38,7.0,63141.24,8.99,2024-02-11
E006700,Diya,Operations,42,8.0,94272.68,6.88,2024-02-12
E006701,Tara,Engineering,21,1.0,38527.96,4.14,2024-02-12
E006702,Aditya,Operations,27,29.0,66278.94,6.84,2024-02-12
E006703,Rohan,Finance,36,32.0,59974.45,2.41,2024-02-13
E006704,Diya,Sales,51,34.0,99897.52,2.52,2024-02-13
E006705,Nisha,Operations,48,3.0,56357.89,3.22,2024-02-13
E006706,Aditya,Operations,61,14.0,88373.17,3.56,2024-02-14
E006707,Aarav,Engineering,43,2.0,106623.52,4.02,2024-02-14
E006708,Aditya,HR,54,11.0,74423.42,9.42,2024-02-14
E006709,,Operations,38,12.0,90278.02,8.76,2024-02-15
E006710,Tara,Engineering,30,6.0,90076.33,2.53,2024-02-15
E006711,Tara,Operations,38,15.0,91869.69,1.75,2024-02-15
E006712,Aarav,Sales,32,27.0,45726.23,4.06,2024-02-16
E006713,Rohan,Engineering,58,23.0,72970.02,5.06,2024-02-16
E006714,Rohan,Finance,22,24.0,43282.74,3.74,2024-02-16
E006715,Isha,Engineering,32,18.0,96807.64,5.36,2024-02-17
E006716,Tara,Finance,39,31.0,27579.1,7.97,2024-02-17
E006717,Aditya,Operations,35,25.0,82849.68,9.45,2024-02-17
E006718,Rohan,HR,35,17.0,67144.89,2.21,2024-02-18
E006719,Nisha,Operations,59,18.0,61786.0,2.43,2024-02-18
E006720,Rohan,Marketing,53,25.0,25214.71,8.05,2024-02-18
E006721,Nisha,Marketing,52,34.0,68092.85,3.26,2024-02-19
E006722,Diya,Engineering,22,23.0,36039.63,8.23,2024-02-19
E006723,Diya,HR,54,20.0,60682.38,8.12,2024-02-19
E006724,Rohan,Operations,32,3.0,72579.12,5.71,2024-02-20
E006725,Diya,Finance,45,9.0,71394.45,7.54,2024-02-20
E006726,Nisha,Marketing,25,8.0,60633.78,9.5,2024-02-20
E006727,Aditya,Finance,40,22.0,40180.32,9.36,2024-02-21
E006728,Aditya,Finance,36,27.0,64882.4,2.96,2024-02-21
E006729,Diya,Marketing,33,23.0,109952.41,4.47,2024-02-21
E006730,Nisha,Sales,37,34.0,50713.99,1.51,2024-02-22
E006731,Aarav,Marketing,50,15.0,67723.04,1.81,2024-02-22
E006732,Aditya,Marketing,37,17.0,92876.82,8.83,2024-02-22
E006733,Aarav,Sales,28,19.0,76942.79,2.79,2024-02-23
E006734,Diya,Marketing,57,30.0,64534.57,6.61,2024-02-23
E006735,Tara,HR,34,6.0,21792.12,9.58,2024-02-23
E006736,Nisha,Sales,40,24.0,52971.62,5.6,2024-02-24
E006737,Aditya,Operations,49,15.0,71470.86,2.42,2024-02-24
E006738,Isha,Engineering,46,1.0,68467.14,2.75,2024-02-24
E006739,Kabir,Sales,22,16.0,82577.4,8.41,2024-02-25
E006740,Rohan,Engineering,29,20.0,21859.35,4.4,2024-02-25
E006741,Aditya,Marketing,28,32.0,30453.87,6.15,2024-02-25
E006742,Aditya,Sales,30,22.0,76388.35,3.83,2024-02-26
,Aditya,Finance,50,24.0,33114.24,1.39,2024-02-26
E006744,Isha,Engineering,53,8.0,43388.83,5.47,2024-02-26
E006745,Aditya,Marketing,39,19.0,59671.74,9.05,2024-02-27
E006746,Nisha,Operations,23,9.0,69118.42,8.04,2024-02-27
E006747,Aarav,Sales,51,32.0,77730.21,5.14,2024-02-27
E006748,Rohan,Engineering,58,34.0,138742.44,5.85,2024-02-28
E006749,Aditya,Marketing,61,31.0,80797.39,7.75,2024-02-28
E006750,Nisha,Engineering,60,1.0,69375.09,3.61,2024-02-28
E006751,Aditya,Finance,38,28.0,60658.67,8.14,2024-02-29
E006752,Kabir,Marketing,22,11.0,98559.78,3.9,2024-02-29
E006753,Isha,HR,47,12.0,28335.67,5.38,2024-02-29
E006754,Isha,Operations,31,26.0,52350.23,6.9,2024-03-01
E006755,Aditya,Operations,61,6.0,57324.96,4.58,2024-03-01
E006756,Aarav,Marketing,21,6.0,68879.02,4.81,2024-03-01
E006757,Aditya,Finance,33,32.0,67634.78,6.88,2024-03-02
E006758,Nisha,HR,37,11.0,62083.77,8.76,2024-03-02
E006759,Kabir,Marketing,30,34.0,71542.77,4.74,2024-03-02
E006760,Kabir,Marketing,53,28.0,86128.3,5.49,2024-03-03
E006761,Isha,Engineering,39,21.0,31487.01,4.47,2024-03-03
E006762,Nisha,Operations,29,32.0,94664.98,2.59,2024-03-03
E006763,Diya,Sales,45,2.0,26425.53,9.27,2024-03-04
E006764,Tara,Finance,38,19.0,41214.07,9.6,2024-03-04
E006765,Aditya,Engineering,54,28.0,69315.35,9.98,2024-03-04
E006766,Diya,Operations,26,32.0,57480.22,1.68,2024-03-05
E006767,Kabir,Finance,45,22.0,81198.66,7.12,2024-03-05
E006768,Aditya,Marketing,27,8.0,101125.3,4.3,2024-03-05
E006769,Isha,HR,29,22.0,30695.02,2.17,2024-03-06
E006770,Kabir,Finance,31,20.0,58769.28,3.85,2024-03-06
E006771,Rohan,Engineering,55,7.0,9964.43,6.93,2024-03-06
E006772,Kabir,Finance,36,3.0,68283.93,6.74,2024-03-07
E006773,Aditya,Finance,37,17.0,77887.57,1.67,2024-03-07
E006774,Isha,Engineering,25,26.0,53144.09,5.36,2024-03-07
E006775,Nisha,HR,29,4.0,79431.07,7.63,2024-03-08
E006776,Nisha,Marketing,25,25.0,77446.99,6.36,2024-03-08
E006777,Aarav,Engineering,23,6.0,55695.76,4.26,2024-03-08
E006778,Isha,HR,26,32.0,79775.35,7.85,2024-03-09
E006779,Rohan,Finance,60,13.0,42513.17,3.26,2024-03-09
E006780,Kabir,Sales,49,30.0,60820.52,9.2,2024-03-09
E006781,Aditya,Operations,22,18.0,78552.84,9.55,2024-03-10
E006782,Diya,Marketing,43,31.0,75651.07,7.72,2024-03-10
E006783,Aarav,Finance,34,-3.0,69948.86,7.89,2024-03-10
E006784,Rohan,HR,56,31.0,75080.53,8.67,2024-03-11
E006785,Isha,Engineering,28,15.0,61337.95,4.41,2024-03-11
E006786,Kabir,HR,46,23.0,70885.16,3.51,2024-03-11
E006787,Rohan,Sales,30,12.0,52043.84,4.33,2024-03-12
E006788,Isha,Finance,58,31.0,81480.37,7.35,2024-03-12
E006789,Rohan,HR,53,11.0,90820.22,9.34,2024-03-12
E006790,Kabir,Sales,46,15.0,58052.2,7.83,2024-03-13
E006791,Rohan,Engineering,22,8.0,68919.43,1.79,2024-03-13
E006792,Aarav,HR,54,18.0,50288.89,9.18,2024-03-13
E006793,Nisha,Engineering,52,24.0,91337.86,2.43,2024-03-14
,Kabir,HR,39,33.0,98278.71,5.12,2024-03-14
E006795,Diya,Marketing,44,29.0,86934.84,1.09,2024-03-14
E006796,Isha,Operations,48,5.0,100447.83,3.36,2024-03-15
E006797,Tara,Engineering,27,23.0,104980.48,3.69,2024-03-15
,,Operations,59,14.0,90043.18,4.48,2024-03-15
E006799,Aditya,Marketing,22,0.0,122057.35,8.99,2024-03-16
E006800,,Finance,22,18.0,80448.53,1.75,2024-03-16
,Diya,Marketing,53,23.0,43553.49,9.41,2024-03-16
E006802,Aditya,Finance,21,6.0,75893.9,9.61,2024-03-17
E006803,Aarav,Engineering,37,14.0,82939.99,7.63,2024-03-17
E006804,Tara,Finance,35,10.0,33677.1,2.32,2024-03-17
E006805,Tara,Engineering,21,6.0,119156.54,4.3,2024-03-18
E006806,Rohan,Sales,48,0.0,84773.32,9.46,2024-03-18
E006807,Kabir,Finance,48,16.0,63974.57,2.09,2024-03-18
E006808,Tara,HR,29,33.0,89676.62,5.08,2024-03-19
E006809,Rohan,Finance,40,23.0,75419.33,4.97,2024-03-19
E006810,Tara,Operations,42,2.0,82212.37,2.56,2024-03-19
E006811,Aditya,Sales,33,9.0,92031.63,3.44,2024-03-20
E006812,Aarav,Finance,43,33.0,89046.74,2.02,2024-03-20
E006813,Aditya,Finance,56,2.0,94792.14,7.43,2024-03-20
E006814,Aditya,Sales,37,31.0,84377.56,1.32,2024-03-21
E006815,Nisha,Operations,45,26.0,76352.63,4.85,2024-03-21
E006816,Rohan,Marketing,39,15.0,54264.87,6.57,2024-03-21
E006817,Nisha,Finance,55,14.0,78979.87,1.55,2024-03-22
E006818,Isha,Marketing,41,9.0,57468.83,9.09,2024-03-22
E006819,Kabir,HR,38,20.0,66282.86,7.58,2024-03-22
E006820,Diya,Finance,59,30.0,83180.48,8.96,2024-03-23
E006821,Aarav,Operations,47,,62990.32,9.24,2024-03-23
E006822,Tara,Operations,51,11.0,50793.42,5.58,2024-03-23
E006823,Kabir,Engineering,56,7.0,97013.56,7.02,2024-03-24
E006824,Isha,Finance,44,0.0,90797.85,4.89,2024-03-24
E006825,Kabir,Operations,54,14.0,39779.72,9.72,2024-03-24
E006826,Aditya,Marketing,52,,63139.55,4.69,2024-03-25
E006827,Aditya,Finance,57,3.0,58520.57,8.0,2024-03-25
E006828,Diya,Engineering,61,30.0,41070.22,8.0,2024-03-25
E006829,Tara,Engineering,50,20.0,56507.57,8.79,2024-03-26
E006830,Rohan,Operations,35,26.0,61340.83,9.15,2024-03-26
E006831,Diya,Sales,23,,54099.92,2.41,2024-03-26
E006832,Kabir,Operations,59,26.0,52976.15,4.48,2024-03-27
E006833,Tara,Operations,28,8.0,86455.17,1.16,2024-03-27
E006834,Aditya,Engineering,59,9.0,42312.2,9.93,2024-03-27
E006835,Diya,Engineering,51,22.0,76934.32,7.05,2024-03-28
E006836,Nisha,Engineering,30,4.0,91014.15,5.37,2024-03-28
E006837,Aditya,HR,52,22.0,73320.36,1.3,2024-03-28
E006838,Nisha,HR,60,16.0,72435.67,3.95,2024-03-29
E006839,Tara,Finance,57,5.0,50243.38,2.88,2024-03-29
E006840,Diya,Finance,52,14.0,82660.11,7.72,2024-03-29
E006841,Rohan,Operations,47,7.0,27919.72,1.13,2024-03-30
E006842,Rohan,Finance,45,8.0,81562.0,9.71,2024-03-30
E006843,Diya,Engineering,41,12.0,78506.78,2.76,2024-03-30
E006844,Isha,Engineering,35,24.0,57857.79,1.33,2024-03-31
E006845,Diya,Marketing,43,2.0,47543.45,4.43,2024-03-31
E006846,Nisha,Finance,57,22.0,40312.7,8.16,2024-03-31
E006847,Kabir,Engineering,51,19.0,120611.38,2.56,2024-04-01
E006848,Aditya,Finance,46,13.0,39261.56,6.09,2024-04-01
E006849,Isha,Finance,25,5.0,47822.03,6.13,2024-04-01
E006850,Kabir,Marketing,49,20.0,50500.34,8.75,2024-04-02
E006851,Tara,Marketing,57,19.0,83547.96,5.33,2024-04-02
E006852,Kabir,Finance,44,21.0,67594.13,8.05,2024-04-02
E006853,Kabir,Marketing,55,13.0,69671.2,7.75,2024-04-03
E006854,Aarav,Sales,61,26.0,69980.26,8.49,2024-04-03
E006855,Diya,HR,31,3.0,57030.71,9.98,2024-04-03
,Aditya,HR,40,15.0,110764.14,1.57,2024-04-04
E006857,Nisha,Engineering,29,1.0,119783.21,9.59,2024-04-04
E006858,Tara,HR,33,24.0,120254.76,7.49,2024-04-04
E006859,Aditya,Sales,56,21.0,52198.72,2.96,2024-04-05
E006860,Nisha,HR,26,14.0,56080.43,8.66,2024-04-05
E006861,Aarav,Operations,23,6.0,50996.43,8.97,2024-04-05
E006862,Rohan,Engineering,41,31.0,75317.41,1.69,2024-04-06
E006863,Diya,Engineering,25,31.0,78529.18,9.01,2024-04-06
E006864,Isha,Engineering,32,16.0,32332.1,2.22,2024-04-06
E006865,Kabir,Marketing,54,34.0,66047.66,2.12,2024-04-07
E006866,Aditya,Finance,26,31.0,91173.03,7.13,2024-04-07
E006867,Aditya,Finance,61,4.0,96770.84,1.14,2024-04-07
E006868,Rohan,Marketing,53,29.0,54019.48,7.6,2024-04-08
E006869,Diya,Operations,26,3.0,49836.93,8.68,2024-04-08
E006870,Isha,Marketing,58,20.0,71381.65,6.61,2024-04-08
E006871,,Operations,61,28.0,61591.95,7.96,2024-04-09
E006872,Diya,Marketing,57,22.0,95886.44,3.71,2024-04-09
E006873,Diya,HR,38,1.0,94557.61,5.3,2024-04-09
E006874,Diya,Finance,43,18.0,104872.68,3.76,2024-04-10
E006875,Aarav,HR,23,23.0,43677.47,3.74,2024-04-10
E006876,Aarav,Marketing,28,14.0,51341.75,4.87,2024-04-10
E006877,,Sales,21,28.0,70590.18,9.66,2024-04-11
E006878,Rohan,Marketing,32,26.0,20984.97,4.34,2024-04-11
E006879,Tara,Engineering,41,30.0,86284.09,7.1,2024-04-11
E006880,Aditya,HR,41,3.0,77523.53,3.34,2024-04-12
E006881,Diya,Engineering,60,7.0,105898.97,5.34,2024-04-12
E006882,Nisha,Finance,23,20.0,92309.81,9.25,2024-04-12
E006883,Aditya,Marketing,38,21.0,86645.53,1.66,2024-04-13
E006884,Nisha,Finance,35,20.0,69598.27,4.88,2024-04-13
E006885,Nisha,HR,54,9.0,83194.75,8.79,2024-04-13
E006886,Aarav,Sales,49,26.0,118849.82,8.05,2024-04-14
E006887,Tara,HR,34,2.0,77858.14,2.9,
E006888,Isha,Finance,61,2.0,56502.51,1.5,2024-04-14
E006889,Aditya,Marketing,51,17.0,73169.01,9.16,2024-04-15
E006890,Isha,Engineering,21,19.0,95979.21,3.79,2024-04-15
E006891,Rohan,Sales,25,18.0,90143.9,3.98,2024-04-15
E006892,Aarav,Engineering,34,2.0,89219.28,9.4,2024-04-16
E006893,Diya,Sales,56,11.0,77381.96,8.15,2024-04-16
E006894,Nisha,Operations,54,12.0,78254.44,4.1,2024-04-16
E006895,Diya,Operations,61,13.0,103159.07,7.88,2024-04-17
E006896,Rohan,Sales,60,13.0,63700.43,5.91,2024-04-17
E006897,Isha,Marketing,48,18.0,56875.54,5.22,2024-04-17
E006898,Kabir,Finance,22,14.0,56833.7,7.51,2024-04-18
E006899,Isha,HR,49,25.0,80255.23,8.23,2024-04-18
E006900,Aarav,Sales,31,12.0,48060.34,5.15,2024-04-18
E006901,Aarav,HR,46,5.0,70141.19,5.35,2024-04-19
E006902,Nisha,Operations,25,17.0,52588.53,8.93,2024-04-19
E006903,Nisha,Sales,36,28.0,76788.8,5.61,2024-04-19
E006904,Kabir,Sales,57,0.0,26356.2,1.14,2024-04-20
E006905,Kabir,Sales,44,23.0,58996.31,5.95,2024-04-20
E006906,Aditya,HR,49,34.0,84200.27,8.4,2024-04-20
E006907,Aarav,Sales,21,4.0,99418.47,1.51,2024-04-21
E006908,Rohan,Sales,54,4.0,79461.85,7.91,2024-04-21
E006909,Aditya,Sales,45,2.0,34461.74,3.73,2024-04-21
E006910,Rohan,Operations,31,3.0,47402.2,3.31,2024-04-22
E006911,Tara,Sales,32,31.0,81745.1,3.67,2024-04-22
E006912,,Engineering,57,30.0,74361.98,2.36,2024-04-22
,Tara,HR,58,0.0,101488.25,4.42,2024-04-23
E006914,Diya,Marketing,50,14.0,117465.75,2.27,2024-04-23
E006915,Tara,HR,45,24.0,78941.46,8.14,2024-04-23
E006916,Diya,Operations,45,32.0,48437.76,1.26,2024-04-24
E006917,Tara,Engineering,42,0.0,103076.96,6.31,2024-04-24
E006918,Aarav,Finance,31,9.0,39410.48,3.7,2024-04-24
E006919,Rohan,Sales,53,32.0,58695.21,7.65,2024-04-25
E006920,Diya,Marketing,37,21.0,73692.58,9.66,2024-04-25
E006921,Aarav,Engineering,54,16.0,70289.33,3.99,2024-04-25
E006922,Kabir,Sales,39,9.0,78179.49,7.83,2024-04-26
E006923,Aditya,Marketing,33,0.0,79075.38,3.55,2024-04-26
E006924,Isha,HR,40,29.0,64935.2,8.4,2024-04-26
E006925,Aditya,Sales,60,5.0,57913.91,5.2,2024-04-27
E006926,Isha,Engineering,35,31.0,42823.02,9.37,2024-04-27
E006927,Tara,Sales,21,1.0,115960.48,5.45,2024-04-27
E006928,Diya,Marketing,56,32.0,56539.05,3.18,2024-04-28
E006929,Aditya,Marketing,51,33.0,52961.35,7.82,2024-04-28
E006930,Aarav,HR,26,5.0,43846.85,6.72,2024-04-28
E006931,Isha,Finance,49,24.0,35412.89,5.13,2024-04-29
E006932,Diya,Marketing,22,15.0,86804.08,3.13,2024-04-29
E006933,,Sales,41,32.0,100014.42,5.49,2024-04-29
E006934,Rohan,Operations,60,15.0,68958.71,3.44,2024-04-30
E006935,Isha,Engineering,43,,83276.72,2.62,2024-04-30
E006936,Aditya,Sales,54,31.0,67225.14,9.11,2024-04-30
E006937,Rohan,Finance,21,10.0,62766.47,9.58,2024-05-01
E006938,Aarav,Engineering,56,30.0,53224.64,6.48,2024-05-01
E006939,Nisha,Marketing,32,29.0,36692.44,3.52,2024-05-01
E006940,Aarav,Engineering,43,30.0,52441.62,8.09,2024-05-02
E006941,Nisha,HR,55,25.0,95199.11,2.59,2024-05-02
E006942,Tara,Engineering,54,5.0,72827.97,9.96,2024-05-02
E006943,Nisha,Marketing,25,12.0,44817.77,9.15,2024-05-03
E006944,Rohan,Engineering,61,19.0,56701.67,8.57,2024-05-03
E006945,Nisha,Marketing,28,32.0,61018.72,8.08,2024-05-03
E006946,Nisha,Engineering,51,8.0,83807.04,6.94,2024-05-04
E006947,Diya,HR,21,22.0,77542.46,5.21,2024-05-04
E006948,Isha,Engineering,57,7.0,37751.8,6.12,2024-05-04
E006949,Aditya,Engineering,31,12.0,81155.29,9.41,2024-05-05
E006950,Isha,Operations,42,13.0,71451.73,3.76,2024-05-05
E006951,Diya,Sales,28,2.0,88801.86,6.24,
E006952,Isha,HR,28,16.0,114227.2,1.6,2024-05-06
E006953,Aditya,Sales,56,4.0,67783.83,3.29,2024-05-06
E006954,Aarav,Marketing,27,2.0,112147.82,8.55,2024-05-06
E006955,Isha,Finance,58,20.0,88083.47,7.98,2024-05-07
E006956,Tara,HR,32,4.0,26234.73,6.15,2024-05-07
E006957,Kabir,Engineering,60,20.0,123828.93,3.32,2024-05-07
E006958,,Operations,57,27.0,79076.22,9.12,2024-05-08
E006959,Aditya,Finance,32,32.0,69302.49,9.8,2024-05-08
,Isha,Engineering,60,9.0,61685.04,3.54,2024-05-08
E006961,Aarav,Engineering,54,30.0,97218.72,1.23,2024-05-09
E006962,Aarav,Engineering,57,29.0,72594.17,2.03,2024-05-09
E006963,Isha,Finance,44,1.0,91651.36,4.16,2024-05-09
E006964,Tara,Finance,45,5.0,50149.59,9.72,2024-05-10
E006965,Tara,Sales,39,30.0,102052.89,7.95,2024-05-10
E006966,Nisha,Sales,34,25.0,70724.71,3.01,2024-05-10
E006967,Aditya,Operations,38,10.0,24973.33,1.82,2024-05-11
E006968,Aarav,Sales,54,13.0,71924.64,9.95,2024-05-11
E006969,Aditya,Finance,38,13.0,18882.46,3.73,2024-05-11
E006970,,Finance,59,12.0,75450.57,2.83,2024-05-12
E006971,Rohan,Sales,26,15.0,88555.07,4.22,2024-05-12
E006972,Kabir,Operations,36,34.0,59568.12,5.3,2024-05-12
E006973,Rohan,Marketing,51,2.0,63122.38,2.83,2024-05-13
E006974,Kabir,Engineering,59,12.0,59025.8,9.52,2024-05-13
E006975,Isha,Sales,25,6.0,50509.55,9.83,2024-05-13
E006976,Isha,Finance,39,14.0,108362.16,5.94,2024-05-14
E006977,Nisha,HR,60,23.0,70036.58,2.92,2024-05-14
E006978,Rohan,Engineering,51,32.0,29115.19,1.69,2024-05-14
E006979,Isha,Marketing,47,22.0,85700.93,3.88,2024-05-15
E006980,Nisha,Marketing,58,10.0,38657.99,2.99,2024-05-15
E006981,Nisha,Marketing,33,6.0,77205.14,8.54,2024-05-15
E006982,Nisha,Finance,37,33.0,70497.76,6.09,2024-05-16
E006983,Aditya,Operations,21,23.0,66144.0,9.15,2024-05-16
E006984,Aarav,Operations,56,14.0,57767.23,8.54,2024-05-16
E006985,Isha,Engineering,57,21.0,88661.95,3.99,2024-05-17
E006986,Aditya,Marketing,37,9.0,40444.56,2.91,2024-05-17
E006987,Kabir,Marketing,61,17.0,62251.73,6.05,2024-05-17
E006988,Kabir,Engineering,43,4.0,93880.14,8.73,2024-05-18
E006989,Isha,Sales,50,19.0,46756.97,3.13,2024-05-18
E006990,Nisha,Sales,54,16.0,97456.37,3.44,2024-05-18
,Diya,Marketing,58,6.0,35696.82,5.7,2024-05-19
E006992,Isha,Finance,57,11.0,54925.78,9.9,2024-05-19
E006993,Diya,HR,28,24.0,55147.02,5.96,2024-05-19
E006994,Kabir,HR,57,16.0,84974.14,4.22,2024-05-20
E006995,Aarav,Finance,45,18.0,19855.5,6.59,2024-05-20
E006996,Diya,HR,60,30.0,24222.73,4.9,2024-05-20
E006997,Aditya,Sales,56,33.0,96875.34,7.0,2024-05-21
E006998,Aditya,Operations,53,34.0,43254.49,9.04,2024-05-21
E006999,Isha,Finance,45,32.0,33848.38,8.32,
E007000,Rohan,HR,61,15.0,57750.84,9.1,2024-05-22
E007001,Diya,Marketing,21,19.0,24971.49,9.93,2024-05-22
E007002,Rohan,HR,53,11.0,23893.79,9.56,2024-05-22
E007003,Tara,Marketing,33,18.0,102543.47,5.42,2024-05-23
E007004,Nisha,Engineering,47,32.0,108186.24,3.18,2024-05-23
E007005,Tara,HR,21,19.0,87410.3,5.19,2024-05-23
E007006,Kabir,Marketing,51,0.0,99668.96,2.06,2024-05-24
E007007,Aarav,Finance,53,1.0,3000000.0,6.55,2024-05-24
E007008,Isha,HR,50,14.0,111793.01,7.33,2024-05-24
E007009,Aarav,Marketing,46,22.0,31166.13,8.88,2024-05-25
E007010,Nisha,Marketing,21,14.0,35162.47,4.24,2024-05-25
E007011,Diya,Sales,52,30.0,124295.36,4.68,2024-05-25
E007012,Aditya,Operations,23,22.0,76085.67,9.53,2024-05-26
E007013,Kabir,Finance,51,20.0,100001.37,2.36,2024-05-26
E007014,Rohan,Marketing,29,30.0,113249.56,9.67,2024-05-26
E007015,Aditya,Sales,53,24.0,73808.83,6.81,2024-05-27
E007016,Rohan,HR,40,20.0,29992.68,7.12,2024-05-27
E007017,Nisha,HR,35,6.0,83871.78,7.86,2024-05-27
E007018,Isha,HR,52,24.0,83192.97,7.5,2024-05-28
E007019,Isha,Finance,52,12.0,79179.47,6.93,2024-05-28
E007020,Rohan,Operations,49,30.0,55265.76,2.73,2024-05-28
E007021,Aditya,Sales,35,18.0,66057.94,9.23,2024-05-29
E007022,Aditya,Marketing,31,3.0,41000.54,5.96,2024-05-29
E007023,Isha,Finance,58,1.0,80176.13,4.05,2024-05-29
E007024,Isha,Engineering,54,31.0,66783.58,3.49,2024-05-30
E007025,Aditya,Sales,37,19.0,99965.83,3.9,2024-05-30
E007026,Aarav,HR,55,34.0,22231.17,1.86,2024-05-30
E007027,Tara,Engineering,53,21.0,39435.04,3.72,2024-05-31
E007028,Aarav,Sales,58,16.0,97329.78,2.89,2024-05-31
E007029,Tara,Sales,23,24.0,42242.78,9.91,2024-05-31
E007030,Diya,Engineering,39,6.0,72205.63,1.9,2024-06-01
E007031,Rohan,Sales,58,4.0,107166.62,8.34,2024-06-01
E007032,Rohan,Marketing,43,27.0,67193.95,9.14,2024-06-01
E007033,Tara,Sales,28,3.0,98321.91,2.25,2024-06-02
E007034,Kabir,Sales,55,16.0,68851.32,2.51,2024-06-02
E007035,,Sales,33,4.0,89376.86,1.47,2024-06-02
E007036,Rohan,HR,61,1.0,112478.79,9.87,2024-06-03
E007037,Tara,Marketing,49,19.0,59268.22,6.03,2024-06-03
E007038,Isha,Engineering,38,7.0,56791.7,2.59,2024-06-03
E007039,Isha,HR,53,15.0,56748.85,3.53,2024-06-04
E007040,Kabir,Engineering,61,33.0,76504.16,4.15,2024-06-04
E007041,Aditya,HR,40,6.0,49464.32,7.11,2024-06-04
E007042,Nisha,HR,58,10.0,64420.53,7.53,2024-06-05
E007043,Tara,Finance,43,10.0,109718.17,1.54,2024-06-05
E007044,Kabir,Sales,22,27.0,88087.41,2.3,2024-06-05
E007045,Rohan,Finance,35,16.0,68545.74,4.27,2024-06-06
E007046,Tara,HR,29,11.0,65378.33,4.14,
E007047,Tara,Engineering,38,,61682.46,5.55,2024-06-06
E007048,Rohan,Finance,29,4.0,71244.26,9.5,2024-06-07
E007049,Kabir,Finance,50,33.0,16175.85,8.81,2024-06-07
E007050,Isha,Marketing,22,14.0,70765.86,3.55,2024-06-07
E007051,Aditya,Engineering,43,28.0,113908.8,9.27,2024-06-08
E007052,Kabir,Sales,41,14.0,78891.58,3.28,2024-06-08
E007053,Aarav,Operations,59,4.0,109070.5,4.93,2024-06-08
E007054,Diya,Sales,24,19.0,78652.69,1.6,2024-06-09
E007055,Diya,Marketing,22,11.0,32434.37,8.83,2024-06-09
E007056,Kabir,Engineering,31,10.0,68939.91,2.93,2024-06-09
E007057,Tara,HR,34,5.0,78116.92,3.11,2024-06-10
E007058,Diya,Engineering,32,22.0,79824.39,9.9,2024-06-10
E007059,Rohan,Finance,25,2.0,35520.11,2.46,2024-06-10
E007060,Diya,Operations,45,25.0,70248.49,7.29,2024-06-11
E007061,Diya,Operations,28,17.0,77812.94,7.74,2024-06-11
E007062,Aarav,Marketing,60,12.0,73197.14,9.07,2024-06-11
E007063,Aditya,Engineering,40,16.0,93314.46,9.95,2024-06-12
E007064,Rohan,Sales,23,19.0,49318.2,7.58,
E007065,Tara,Operations,35,18.0,66500.36,9.35,2024-06-12
E007066,Tara,Finance,44,33.0,86136.94,7.18,2024-06-13
E007067,Isha,Operations,47,30.0,54520.64,8.11,2024-06-13
E007068,Diya,Engineering,59,,60406.81,3.58,2024-06-13
E007069,Diya,Operations,32,26.0,99182.85,4.6,2024-06-14
E007070,Isha,Engineering,61,33.0,65722.66,1.8,2024-06-14
E007071,Diya,Operations,48,32.0,54374.57,4.6,2024-06-14
E007072,Isha,Operations,31,9.0,88004.37,1.84,2024-06-15
E007073,Aarav,HR,50,23.0,102146.37,9.22,2024-06-15
E007074,Rohan,Finance,31,17.0,89907.69,7.89,2024-06-15
E007075,Aditya,Operations,53,24.0,69514.0,6.78,2024-06-16
E007076,Aditya,Finance,30,28.0,77142.46,8.31,2024-06-16
E007077,Aarav,Engineering,51,15.0,51735.03,9.06,2024-06-16
E007078,Isha,Engineering,28,6.0,53614.25,4.72,2024-06-17
E007079,Nisha,Operations,27,6.0,35397.3,4.63,2024-06-17
E007080,Isha,HR,42,9.0,66922.91,3.37,2024-06-17
E007081,,Marketing,28,1.0,51150.15,3.98,2024-06-18
E007082,Aditya,HR,31,17.0,59493.05,2.13,2024-06-18
E007083,Kabir,Marketing,42,30.0,67692.61,7.63,2024-06-18
E007084,Tara,Marketing,40,4.0,67948.67,9.9,2024-06-19
E007085,Kabir,Finance,48,17.0,77147.66,1.07,2024-06-19
E007086,Isha,Marketing,26,28.0,44264.41,8.18,2024-06-19
E007087,Nisha,Engineering,50,28.0,74171.26,9.5,2024-06-20
E007088,Kabir,HR,55,7.0,69975.5,8.67,2024-06-20
E007089,Isha,Finance,33,16.0,72931.25,8.03,2024-06-20
E007090,Rohan,Marketing,31,16.0,29013.57,2.83,2024-06-21
E007091,Tara,Operations,49,29.0,122480.48,2.36,2024-06-21
E007092,Diya,Sales,53,11.0,50514.6,7.74,2024-06-21
E007093,Nisha,Finance,55,16.0,57097.75,2.3,2024-06-22
E007094,Aarav,Sales,25,22.0,25990.88,4.0,2024-06-22
E007095,Aarav,Sales,50,11.0,81343.92,1.79,2024-06-22
E007096,Aditya,Sales,40,22.0,96321.99,9.1,2024-06-23
E007097,Nisha,Marketing,24,20.0,30001.31,3.81,
E007098,Aditya,Marketing,56,10.0,64271.91,5.01,2024-06-23
E007099,Isha,Sales,33,6.0,73275.59,1.28,2024-06-24
E007100,Aditya,Engineering,23,8.0,80890.33,4.5,2024-06-24
E007101,Aarav,HR,57,23.0,122036.65,5.7,2024-06-24
E007102,Aditya,Marketing,39,1.0,108350.56,9.16,2024-06-25
E007103,Tara,HR,35,1.0,62465.66,6.5,2024-06-25
E007104,Rohan,Finance,47,17.0,24910.04,7.44,2024-06-25
E007105,Aarav,Sales,43,0.0,62240.62,5.18,2024-06-26
E007106,Tara,Operations,52,16.0,65082.75,3.61,2024-06-26
E007107,Diya,Sales,57,28.0,51694.13,8.36,2024-06-26
E007108,,Finance,46,32.0,51447.83,4.66,2024-06-27
E007109,Aditya,Marketing,24,4.0,36718.32,2.54,2024-06-27
E007110,,HR,35,17.0,69939.18,8.58,2024-06-27
E007111,Kabir,Sales,37,10.0,70548.84,7.51,2024-06-28
E007112,Nisha,Sales,33,12.0,34125.13,7.93,2024-06-28
E007113,Isha,Finance,39,12.0,65677.35,3.44,2024-06-28
E007114,Aarav,Finance,53,8.0,130079.91,3.13,2024-06-29
E007115,Aarav,Finance,52,27.0,53797.94,1.86,2024-06-29
E007116,Rohan,Engineering,27,13.0,86712.11,7.89,2024-06-29
E007117,Tara,Operations,40,20.0,74295.89,7.81,2024-06-30
E007118,Rohan,Sales,24,15.0,89756.08,4.73,2024-06-30
E007119,Rohan,HR,41,4.0,78327.9,3.54,2024-06-30
E007120,Kabir,Marketing,32,9.0,37891.96,7.04,2024-07-01
E007121,Aditya,Engineering,47,14.0,99276.73,7.88,2024-07-01
E007122,Kabir,Operations,49,7.0,69689.08,2.5,2024-07-01
E007123,Nisha,Finance,47,,18285.86,2.64,2024-07-02
E007124,Aditya,HR,49,30.0,100637.11,3.83,2024-07-02
E007125,Nisha,Operations,32,16.0,150679.22,4.17,2024-07-02
E007126,Nisha,Marketing,43,8.0,104970.49,6.03,2024-07-03
E007127,Nisha,Operations,38,29.0,46141.25,4.1,2024-07-03
E007128,Nisha,Finance,30,21.0,57902.93,1.16,2024-07-03
E007129,Aditya,HR,41,14.0,100787.2,8.78,2024-07-04
E007130,Aarav,Marketing,32,34.0,60859.19,8.63,2024-07-04
E007131,Aditya,Finance,58,23.0,103245.83,5.87,2024-07-04
E007132,Rohan,Finance,44,25.0,62577.32,6.25,2024-07-05
E007133,Nisha,Operations,29,19.0,99009.31,9.75,2024-07-05
E007134,Aarav,Operations,23,21.0,115143.21,1.37,2024-07-05
E007135,Kabir,Finance,51,1.0,74660.0,5.18,2024-07-06
E007136,,Sales,59,0.0,49959.24,9.06,2024-07-06
E007137,Aarav,Finance,50,13.0,42341.14,9.13,2024-07-06
E007138,Diya,HR,59,32.0,79179.15,2.71,2024-07-07
E007139,Aditya,Finance,27,32.0,75511.63,8.3,2024-07-07
E007140,Aarav,Operations,23,0.0,102336.52,2.98,2024-07-07
E007141,Rohan,Marketing,22,3.0,67063.51,1.4,2024-07-08
E007142,Aditya,HR,58,17.0,89852.05,5.6,2024-07-08
E007143,Tara,Operations,22,22.0,72566.96,9.07,2024-07-08
E007144,Aarav,Operations,37,33.0,34284.02,1.01,2024-07-09
E007145,Nisha,HR,37,34.0,60794.72,4.31,2024-07-09
E007146,Tara,Sales,41,32.0,39668.64,2.07,2024-07-09
E007147,Isha,Engineering,24,16.0,65335.21,1.26,2024-07-10
E007148,Aditya,Operations,41,11.0,56071.03,9.82,2024-07-10
E007149,Aarav,Marketing,53,12.0,28434.0,3.91,2024-07-10
E007150,Aarav,Operations,49,,58535.46,1.77,2024-07-11
E007151,Nisha,Engineering,57,34.0,76395.51,15.0,2024-07-11
E007152,Rohan,Operations,61,24.0,47185.27,2.78,2024-07-11
E007153,Kabir,HR,24,23.0,66745.24,5.39,2024-07-12
E007154,Isha,Finance,43,5.0,81177.43,8.7,2024-07-12
E007155,Aarav,Operations,57,1.0,51148.08,2.42,2024-07-12
E007156,Aarav,Operations,43,33.0,85883.9,3.65,2024-07-13
E007157,Tara,HR,31,9.0,62312.18,7.72,2024-07-13
E007158,Aarav,Sales,59,10.0,25472.79,1.51,2024-07-13
E007159,Rohan,Engineering,35,12.0,57740.12,7.69,2024-07-14
E007160,Nisha,Finance,47,9.0,89490.53,7.6,2024-07-14
E007161,Aarav,Sales,39,4.0,57825.51,2.52,
E007162,Nisha,Marketing,27,,97343.9,5.49,2024-07-15
E007163,Nisha,Operations,47,27.0,55337.5,3.88,2024-07-15
E007164,Rohan,Marketing,59,28.0,64053.94,5.37,2024-07-15
E007165,Aarav,Marketing,36,14.0,55232.32,9.61,2024-07-16
E007166,Rohan,Finance,24,16.0,63904.83,8.95,2024-07-16
E007167,Aarav,Operations,38,33.0,62082.62,7.13,2024-07-16
E007168,Rohan,Operations,60,34.0,56818.89,9.09,2024-07-17
E007169,Isha,Engineering,33,4.0,29939.5,7.78,2024-07-17
E007170,Diya,Finance,56,29.0,65150.65,8.52,2024-07-17
E007171,Kabir,Marketing,24,22.0,36845.82,5.94,2024-07-18
E007172,Nisha,Sales,28,13.0,35238.79,6.35,2024-07-18
E007173,Rohan,Engineering,58,6.0,78712.91,6.97,2024-07-18
E007174,Aarav,Sales,26,26.0,84598.45,3.83,2024-07-19
E007175,Diya,HR,45,30.0,66718.76,6.77,
E007176,Aarav,Sales,44,3.0,65465.1,7.43,2024-07-19
E007177,Diya,Sales,59,23.0,70635.77,4.5,2024-07-20
E007178,Isha,Engineering,59,28.0,51485.77,2.2,2024-07-20
E007179,Aarav,Marketing,27,34.0,84492.12,3.36,2024-07-20
E007180,Rohan,Finance,40,27.0,69768.59,4.16,2024-07-21
E007181,Rohan,Operations,47,3.0,93226.64,8.85,2024-07-21
E007182,Kabir,Finance,48,11.0,2404.95,3.22,2024-07-21
E007183,Kabir,Operations,57,21.0,78617.58,6.14,2024-07-22
E007184,Rohan,HR,28,13.0,118186.54,3.75,2024-07-22
E007185,Isha,Marketing,55,24.0,73138.62,7.75,2024-07-22
E007186,Nisha,Marketing,22,4.0,19518.95,9.78,2024-07-23
E007187,Diya,Operations,46,3.0,35811.52,3.7,2024-07-23
E007188,Nisha,Engineering,37,16.0,75880.76,8.72,2024-07-23
E007189,Isha,Operations,55,16.0,59234.45,6.86,2024-07-24
E007190,,Sales,27,4.0,32462.22,4.66,2024-07-24
E007191,Aarav,Marketing,48,9.0,26489.75,3.26,2024-07-24
E007192,Aditya,Finance,22,12.0,90951.03,1.12,2024-07-25
E007193,Nisha,Finance,46,23.0,38239.48,7.88,2024-07-25
E007194,Aarav,HR,21,20.0,36283.74,8.65,2024-07-25
E007195,Tara,Sales,50,8.0,76673.34,7.15,2024-07-26
E007196,Aarav,HR,38,24.0,64157.57,5.07,2024-07-26
E007197,Tara,Engineering,27,-1.0,76373.62,5.04,
E007198,Aarav,Sales,36,19.0,43444.48,3.2,2024-07-27
E007199,Diya,Finance,27,2.0,92520.91,8.94,2024-07-27
E007200,Diya,Engineering,49,,94461.62,7.55,2024-07-27
E007201,Rohan,Operations,39,,62586.21,7.7,2024-07-28
E007202,Kabir,Marketing,47,33.0,57452.09,8.06,2024-07-28
E007203,Isha,Engineering,55,30.0,86558.05,8.11,2024-07-28
E007204,Diya,Finance,46,15.0,92590.64,1.28,
E007205,Diya,Operations,59,19.0,71237.7,3.61,2024-07-29
E007206,Nisha,Finance,46,34.0,65650.18,8.72,2024-07-29
E007207,Aditya,Sales,35,23.0,97388.98,5.03,2024-07-30
E007208,Tara,Engineering,29,29.0,117560.9,5.01,2024-07-30
,Rohan,Sales,27,21.0,85714.42,7.98,2024-07-30
E007210,Rohan,Finance,55,28.0,83048.03,8.42,2024-07-31
E007211,Diya,Marketing,57,22.0,66433.34,8.77,2024-07-31
E007212,Aarav,Finance,21,29.0,62026.3,4.52,2024-07-31
E007213,Rohan,Sales,39,22.0,94949.71,3.94,2024-08-01
E007214,Diya,Finance,34,10.0,70895.87,8.75,2024-08-01
E007215,Tara,Operations,48,13.0,109052.19,2.99,2024-08-01
E007216,Tara,HR,26,3.0,82794.12,6.91,2024-08-02
E007217,Nisha,Marketing,54,7.0,105966.17,7.28,2024-08-02
E007218,Nisha,Sales,51,16.0,22987.95,6.74,2024-08-02
E007219,Aditya,Marketing,57,29.0,73876.62,2.51,2024-08-03
E007220,Isha,Engineering,41,5.0,17164.58,6.88,2024-08-03
E007221,Diya,Marketing,30,16.0,105902.38,1.67,2024-08-03
E007222,Nisha,Finance,28,22.0,91582.81,7.94,2024-08-04
E007223,Aarav,Sales,36,13.0,62833.15,3.51,2024-08-04
E007224,Kabir,Marketing,29,23.0,98351.65,5.74,2024-08-04
E007225,Kabir,Sales,26,10.0,35745.62,5.33,2024-08-05
E007226,Rohan,Engineering,38,5.0,11721.19,9.14,2024-08-05
E007227,Diya,Sales,53,6.0,61250.78,5.83,2024-08-05
E007228,Aarav,Sales,30,25.0,86704.9,8.5,2024-08-06
E007229,Diya,Operations,48,8.0,51758.44,6.26,2024-08-06
,Rohan,Marketing,31,5.0,25975.4,8.86,2024-08-06
E007231,Tara,Marketing,52,6.0,66959.76,7.32,2024-08-07
E007232,Kabir,Engineering,57,14.0,84589.79,3.05,2024-08-07
E007233,Rohan,Operations,40,33.0,93114.33,1.97,2024-08-07
E007234,Kabir,Engineering,36,1.0,73912.5,1.77,2024-08-08
E007235,Diya,Operations,24,19.0,40747.42,6.71,2024-08-08
E007236,Kabir,Sales,27,3.0,51132.15,4.79,2024-08-08
E007237,Nisha,Sales,40,32.0,67850.95,1.14,2024-08-09
E007238,Diya,Finance,35,,103761.47,5.82,2024-08-09
E007239,Aditya,HR,33,6.0,51234.53,8.98,2024-08-09
E007240,Rohan,Sales,58,8.0,39341.19,1.35,2024-08-10
E007241,Rohan,Finance,58,34.0,88876.99,7.9,2024-08-10
E007242,Isha,Operations,34,34.0,53936.07,9.85,2024-08-10
E007243,Aarav,Engineering,52,2.0,85266.56,7.12,2024-08-11
E007244,Aarav,HR,40,22.0,100462.5,3.61,2024-08-11
E007245,Aditya,Operations,40,7.0,30077.75,8.81,2024-08-11
E007246,Tara,Engineering,25,23.0,88674.77,2.94,2024-08-12
E007247,Isha,HR,57,23.0,48835.38,2.73,2024-08-12
E007248,Aarav,Operations,23,8.0,40194.04,5.99,2024-08-12
E007249,Nisha,Engineering,24,28.0,75797.36,2.69,2024-08-13
E007250,Diya,Operations,37,6.0,67001.11,4.05,2024-08-13
E007251,Aditya,Engineering,53,12.0,29222.71,9.54,2024-08-13
E007252,Nisha,Engineering,22,29.0,81171.14,2.05,2024-08-14
E007253,Tara,Sales,21,18.0,77028.1,5.32,2024-08-14
E007254,Kabir,HR,59,12.0,75343.19,7.41,2024-08-14
E007255,Diya,Sales,46,19.0,69804.58,9.84,2024-08-15
E007256,Kabir,Marketing,22,34.0,72235.26,5.27,2024-08-15
E007257,Aditya,Finance,24,8.0,89436.92,3.61,2024-08-15
E007258,Isha,Sales,40,12.0,74931.21,1.44,2024-08-16
E007259,Nisha,Marketing,26,14.0,42356.6,8.62,2024-08-16
E007260,Aditya,Finance,35,3.0,68830.21,7.71,2024-08-16
E007261,Diya,Operations,34,33.0,81305.9,8.92,2024-08-17
E007262,Aarav,Marketing,23,34.0,59706.19,1.63,2024-08-17
E007263,Tara,Operations,41,24.0,110897.01,7.12,2024-08-17
E007264,Nisha,Finance,40,31.0,81693.9,2.78,2024-08-18
E007265,Aarav,Sales,42,32.0,78243.38,5.87,2024-08-18
E007266,Kabir,Sales,30,10.0,84856.57,3.16,2024-08-18
E007267,Tara,Marketing,51,4.0,66589.73,2.74,2024-08-19
E007268,Isha,Sales,47,2.0,86345.46,9.91,2024-08-19
E007269,Aarav,Operations,56,29.0,81800.18,2.15,2024-08-19
E007270,Diya,Operations,21,19.0,71276.17,6.68,2024-08-20
E007271,Nisha,Engineering,57,17.0,74999.6,9.61,2024-08-20
E007272,Diya,HR,52,29.0,68851.0,2.31,2024-08-20
E007273,Tara,Operations,47,29.0,89583.97,1.01,2024-08-21
E007274,Isha,Marketing,26,28.0,49317.27,1.41,2024-08-21
E007275,Isha,Finance,59,3.0,62094.78,8.46,2024-08-21
E007276,Kabir,Operations,46,9.0,25095.64,7.94,2024-08-22
E007277,Aarav,Sales,42,17.0,93540.47,7.63,2024-08-22
E007278,Nisha,Marketing,60,13.0,96710.41,7.51,2024-08-22
E007279,Aditya,Operations,48,5.0,52762.18,4.12,2024-08-23
E007280,Rohan,Sales,46,5.0,31174.15,1.45,2024-08-23
E007281,Diya,Engineering,27,8.0,85441.23,5.45,2024-08-23
E007282,Tara,Operations,42,31.0,77713.2,9.13,2024-08-24
E007283,Isha,HR,61,29.0,88965.84,2.64,2024-08-24
E007284,Kabir,Operations,40,2.0,89193.55,6.4,2024-08-24
E007285,Aditya,Finance,57,33.0,43303.43,3.91,2024-08-25
E007286,Aditya,Marketing,43,,84219.27,7.65,2024-08-25
E007287,Rohan,HR,33,15.0,75141.22,3.93,2024-08-25
E007288,Aditya,Sales,39,15.0,101257.47,4.56,2024-08-26
E007289,Tara,HR,34,15.0,46536.39,2.18,2024-08-26
E007290,Kabir,Engineering,44,7.0,101450.55,1.34,2024-08-26
E007291,Aarav,Engineering,46,31.0,72904.07,7.47,2024-08-27
E007292,Tara,Marketing,48,5.0,80835.86,2.99,2024-08-27
E007293,Rohan,Engineering,44,17.0,25350.62,1.28,2024-08-27
E007294,Aarav,Finance,25,31.0,56984.83,7.81,2024-08-28
E007295,Nisha,Engineering,25,25.0,99975.05,2.56,2024-08-28
E007296,Kabir,Engineering,61,3.0,61289.82,7.92,2024-08-28
E007297,Aditya,Marketing,30,22.0,95545.1,4.15,2024-08-29
E007298,Tara,Engineering,50,18.0,38837.13,6.44,2024-08-29
E007299,Diya,HR,52,16.0,81827.82,0.0,2024-08-29
E007300,Diya,Sales,50,15.0,49914.74,4.22,2024-08-30
E007301,Rohan,Marketing,47,21.0,114619.98,1.41,2024-08-30
E007302,Diya,Finance,40,0.0,113400.53,3.67,2024-08-30
E007303,Tara,Marketing,21,33.0,96353.67,9.79,2024-08-31
E007304,Kabir,Eng,31,6.0,107308.25,4.9,2024-08-31
E007305,Nisha,Finance,41,14.0,85400.43,4.1,2024-08-31
E007306,Diya,Finance,23,13.0,145617.87,3.08,2024-09-01
E007307,Kabir,Finance,24,11.0,69657.06,3.47,2024-09-01
E007308,Aarav,Finance,43,13.0,79174.33,3.89,
E007309,Aditya,Engineering,50,29.0,75068.69,9.25,2024-09-02
E007310,Isha,Sales,27,22.0,55904.02,3.39,2024-09-02
E007311,Aarav,Sales,33,20.0,33186.0,5.97,2024-09-02
E007312,Rohan,Operations,23,30.0,62796.87,4.19,2024-09-03
E007313,Nisha,Marketing,58,8.0,68622.54,3.39,2024-09-03
E007314,Rohan,Operations,59,29.0,88686.26,5.77,2024-09-03
E007315,Aditya,Finance,46,28.0,72027.82,5.81,2024-09-04
E007316,Aditya,Finance,59,13.0,135258.7,8.92,2024-09-04
E007317,Isha,Marketing,51,30.0,31823.84,5.35,2024-09-04
E007318,Aditya,Engineering,44,31.0,72885.7,3.32,2024-09-05
E007319,Nisha,Marketing,45,5.0,62998.04,3.51,2024-09-05
E007320,Diya,Sales,37,33.0,100114.12,2.54,2024-09-05
E007321,Tara,Operations,35,4.0,109250.95,9.93,2024-09-06
E007322,Aarav,Engineering,36,34.0,57766.53,8.69,2024-09-06
E007323,Aarav,Operations,59,34.0,94062.15,2.65,2024-09-06
E007324,Rohan,Marketing,34,21.0,74380.32,2.25,
E007325,Aditya,Sales,45,24.0,77907.86,5.56,2024-09-07
E007326,Nisha,HR,42,26.0,75002.04,6.68,2024-09-07
E007327,Nisha,Operations,29,31.0,78899.47,5.86,2024-09-08
E007328,Nisha,Engineering,31,4.0,48014.95,4.8,2024-09-08
E007329,Tara,Operations,49,18.0,79178.49,4.69,2024-09-08
E007330,Isha,Sales,33,18.0,64075.18,7.36,2024-09-09
E007331,Diya,Marketing,29,5.0,78675.87,3.75,2024-09-09
E007332,Isha,Engineering,52,2.0,86297.22,5.63,2024-09-09
E007333,Diya,Engineering,28,12.0,97347.42,7.57,2024-09-10
E007334,Isha,Finance,54,5.0,104750.14,2.01,2024-09-10
E007335,Kabir,Finance,28,23.0,68516.84,9.52,2024-09-10
E007336,Aditya,HR,54,22.0,52881.66,9.94,2024-09-11
E007337,Rohan,Engineering,21,20.0,64817.17,6.59,2024-09-11
E007338,Aditya,Marketing,24,14.0,105479.2,7.06,2024-09-11
E007339,Diya,Sales,48,30.0,71615.2,3.68,2024-09-12
,Aditya,Operations,59,7.0,49239.43,7.97,2024-09-12
E007341,Rohan,Sales,24,13.0,73258.45,8.76,2024-09-12
E007342,Nisha,Finance,23,16.0,57224.16,9.39,2024-09-13
E007343,Diya,Sales,57,0.0,57856.32,3.09,2024-09-13
E007344,,HR,39,27.0,52990.15,4.8,2024-09-13
E007345,Isha,Marketing,51,4.0,83170.19,4.66,2024-09-14
E007346,Isha,Operations,21,30.0,68401.43,2.44,2024-09-14
E007347,Aarav,Engineering,47,10.0,95221.72,8.42,2024-09-14
E007348,Nisha,Sales,22,32.0,36844.33,2.99,
,Rohan,Sales,26,,70254.36,9.12,2024-09-15
E007350,Aarav,Finance,37,14.0,55871.5,3.05,2024-09-15
E007351,Tara,HR,48,0.0,115984.9,8.14,2024-09-16
E007352,Diya,Operations,48,0.0,115502.78,6.59,2024-09-16
E007353,Aarav,HR,47,17.0,26612.24,3.01,2024-09-16
E007354,Aditya,Operations,59,11.0,127068.6,8.9,2024-09-17
E007355,Aditya,HR,38,2.0,59596.69,6.82,2024-09-17
E007356,Aditya,Finance,22,26.0,66871.82,3.79,2024-09-17
E007357,Tara,Engineering,58,27.0,31562.09,8.52,
E007358,Nisha,Engineering,28,14.0,85268.53,8.79,2024-09-18
E007359,Diya,Sales,33,33.0,26941.65,3.82,2024-09-18
E007360,Aditya,Sales,46,24.0,71064.58,8.5,2024-09-19
E007361,Rohan,Marketing,28,25.0,77063.95,4.74,2024-09-19
E007362,Kabir,HR,59,24.0,77686.54,7.58,2024-09-19
E007363,Nisha,Engineering,50,16.0,107375.85,9.8,2024-09-20
E007364,Kabir,Finance,55,3.0,69014.71,8.97,2024-09-20
E007365,Nisha,Operations,50,5.0,78411.32,7.08,2024-09-20
E007366,Isha,Operations,29,16.0,52378.68,5.07,2024-09-21
E007367,Diya,Engineering,53,14.0,71807.82,6.48,2024-09-21
E007368,Diya,Operations,34,14.0,104925.93,6.0,2024-09-21
,Nisha,Operations,37,31.0,92867.21,2.37,2024-09-22
E007370,Isha,Marketing,42,13.0,109580.79,6.19,2024-09-22
E007371,Tara,Sales,55,18.0,96345.58,5.15,2024-09-22
E007372,Tara,Finance,33,30.0,64999.77,5.1,2024-09-23
E007373,Kabir,HR,24,20.0,111414.02,7.65,2024-09-23
E007374,Rohan,Finance,21,23.0,80927.76,2.08,
E007375,Nisha,Engineering,59,7.0,83138.25,6.78,2024-09-24
E007376,Aarav,Operations,30,24.0,50387.19,9.18,2024-09-24
E007377,Aarav,Operations,57,18.0,0.0,4.65,2024-09-24
E007378,Kabir,Engineering,53,11.0,40503.72,5.08,2024-09-25
E007379,Aarav,Marketing,30,27.0,10604.73,9.91,2024-09-25
E007380,Nisha,Engineering,47,10.0,53455.49,1.15,2024-09-25
E007381,Diya,Operations,25,7.0,89703.39,7.63,2024-09-26
E007382,Nisha,Engineering,59,5.0,74121.58,5.5,2024-09-26
E007383,Diya,Sales,26,18.0,42491.9,5.98,2024-09-26
E007384,Diya,HR,22,0.0,56278.89,1.44,2024-09-27
E007385,Rohan,Marketing,58,31.0,89766.09,6.36,2024-09-27
E007386,,HR,61,30.0,33876.15,7.15,2024-09-27
E007387,Rohan,Sales,30,19.0,50611.25,7.95,2024-09-28
E007388,Rohan,Sales,25,6.0,106375.44,3.84,2024-09-28
E007389,Nisha,Marketing,35,6.0,53770.35,7.49,2024-09-28
E007390,Tara,HR,22,12.0,94044.44,8.3,2024-09-29
E007391,Isha,Finance,56,30.0,33600.97,9.67,2024-09-29
E007392,Nisha,Marketing,31,11.0,70316.12,7.6,2024-09-29
E007393,Aarav,Sales,30,15.0,80350.77,7.89,2024-09-30
E007394,Kabir,Sales,21,8.0,37990.58,5.8,2024-09-30
E007395,Nisha,HR,58,21.0,78855.08,5.22,2024-09-30
E007396,Tara,Marketing,28,24.0,69808.45,3.96,2024-10-01
E007397,Aarav,Engineering,24,25.0,69801.46,1.89,2024-10-01
E007398,Kabir,Finance,32,28.0,94824.02,9.18,2024-10-01
E007399,Aditya,Sales,22,12.0,63466.57,1.25,2024-10-02
E007400,Aarav,Operations,48,7.0,43661.02,1.54,
E007401,Tara,HR,46,7.0,114657.45,1.22,2024-10-02
E007402,Isha,Finance,40,13.0,106877.48,1.72,2024-10-03
E007403,Diya,Sales,39,12.0,69800.67,1.26,2024-10-03
E007404,Aditya,HR,59,3.0,91352.88,2.42,2024-10-03
E007405,Aditya,Sales,54,33.0,66393.68,6.71,2024-10-04
E007406,Aditya,Engineering,30,12.0,67342.52,8.25,2024-10-04
E007407,Kabir,Sales,27,19.0,69473.62,1.36,2024-10-04
E007408,Diya,Operations,44,24.0,80713.97,9.02,2024-10-05
E007409,Nisha,Engineering,24,20.0,66337.29,4.75,2024-10-05
E007410,Diya,HR,46,18.0,99824.62,4.42,2024-10-05
E007411,Diya,Sales,46,18.0,52362.89,5.44,2024-10-06
E007412,Aditya,Marketing,52,32.0,79589.92,5.07,2024-10-06
E007413,Rohan,Engineering,58,13.0,85384.52,5.42,2024-10-06
E007414,Kabir,Marketing,39,30.0,78398.02,1.89,2024-10-07
E007415,Kabir,HR,45,7.0,80361.37,7.56,2024-10-07
E007416,Aarav,HR,57,4.0,41636.92,4.39,2024-10-07
E007417,Aditya,Operations,55,23.0,70776.32,4.3,2024-10-08
E007418,Diya,Sales,21,17.0,89513.82,3.17,2024-10-08
E007419,Rohan,HR,48,6.0,38437.6,5.57,2024-10-08
E007420,Aarav,Sales,28,14.0,58895.37,3.52,2024-10-09
E007421,Tara,Finance,26,20.0,97762.62,1.33,2024-10-09
E007422,Rohan,HR,49,21.0,44933.07,1.07,2024-10-09
E007423,Tara,Operations,43,26.0,75597.18,4.28,2024-10-10
E007424,Isha,Marketing,59,26.0,81512.1,6.55,2024-10-10
E007425,Aditya,Finance,25,17.0,52865.72,7.26,2024-10-10
E007426,Tara,Sales,55,22.0,90541.03,1.6,2024-10-11
E007427,Aarav,Marketing,48,22.0,137026.59,3.69,2024-10-11
E007428,Tara,Sales,58,15.0,71339.29,5.05,2024-10-11
E007429,Diya,HR,34,19.0,89590.93,3.76,2024-10-12
E007430,Isha,Sales,38,3.0,76901.71,2.82,2024-10-12
E007431,Aditya,Operations,57,22.0,65745.77,2.45,
E007432,Tara,Sales,61,28.0,68201.18,9.24,2024-10-13
E007433,Tara,Marketing,24,0.0,25043.74,4.37,2024-10-13
E007434,Diya,Engineering,40,24.0,103186.44,4.62,2024-10-13
E007435,Rohan,Finance,53,6.0,83151.53,8.16,2024-10-14
E007436,Nisha,Operations,25,32.0,106514.6,7.14,2024-10-14
E007437,Aditya,Engineering,44,32.0,82074.07,6.12,2024-10-14
E007438,Diya,Marketing,53,17.0,69624.28,4.37,2024-10-15
E007439,Kabir,Marketing,25,19.0,80949.63,6.79,2024-10-15
E007440,Nisha,Marketing,38,17.0,34178.01,9.87,2024-10-15
E007441,Kabir,Marketing,32,24.0,105360.0,9.77,2024-10-16
E007442,Rohan,HR,21,2.0,77070.9,8.01,2024-10-16
E007443,Nisha,Finance,30,13.0,59778.47,4.38,2024-10-16
E007444,Aditya,Sales,25,21.0,80956.23,2.13,2024-10-17
E007445,Tara,Sales,30,27.0,74722.03,3.81,2024-10-17
E007446,Tara,Operations,53,25.0,57393.04,6.58,2024-10-17
E007447,Kabir,Sales,50,1.0,75242.94,7.15,2024-10-18
E007448,Isha,Finance,52,6.0,82802.34,1.04,2024-10-18
E007449,Aditya,HR,26,23.0,88651.15,8.04,2024-10-18
E007450,Aditya,Sales,46,23.0,64933.45,8.83,2024-10-19
E007451,Rohan,Engineering,22,13.0,50630.29,1.64,2024-10-19
E007452,Diya,Engineering,22,3.0,84055.36,7.86,2024-10-19
E007453,Rohan,Sales,35,32.0,68173.75,3.58,2024-10-20
E007454,Rohan,Marketing,30,22.0,48862.42,9.08,2024-10-20
E007455,Tara,Sales,28,23.0,80976.73,1.75,2024-10-20
E007456,Tara,Marketing,23,11.0,86579.41,2.12,2024-10-21
E007457,Kabir,Operations,47,15.0,39244.82,3.75,2024-10-21
E007458,Aarav,Marketing,36,20.0,38983.22,3.13,2024-10-21
E007459,Rohan,Engineering,45,27.0,99415.87,6.32,2024-10-22
E007460,Kabir,Finance,48,2.0,79282.41,9.03,2024-10-22
E007461,Tara,Sales,28,19.0,1581.24,8.51,2024-10-22
E007462,,Engineering,29,4.0,70427.34,6.25,2024-10-23
E007463,,HR,61,5.0,106398.16,5.58,2024-10-23
E007464,Tara,Sales,56,19.0,77112.62,7.87,2024-10-23
E007465,Tara,Marketing,41,33.0,54248.08,1.41,2024-10-24
E007466,Diya,HR,32,1.0,106458.67,8.98,2024-10-24
E007467,Nisha,Finance,39,23.0,136020.55,7.27,2024-10-24
E007468,Nisha,Finance,61,3.0,68574.12,4.61,2024-10-25
E007469,Rohan,Marketing,30,22.0,36921.98,6.69,2024-10-25
E007470,Isha,HR,57,23.0,90933.36,9.84,2024-10-25
E007471,Diya,HR,43,3.0,44361.58,9.55,2024-10-26
E007472,Nisha,Sales,30,12.0,78938.68,5.5,2024-10-26
E007473,Aarav,Finance,33,33.0,83863.02,2.0,2024-10-26
E007474,Rohan,HR,34,16.0,67329.29,8.3,2024-10-27
E007475,Nisha,Engineering,45,11.0,86196.35,3.94,2024-10-27
E007476,Isha,Marketing,37,32.0,34482.64,7.06,2024-10-27
E007477,Aditya,HR,46,22.0,89329.48,5.29,2024-10-28
E007478,Aditya,Marketing,46,22.0,33048.72,3.7,2024-10-28
E007479,Aditya,Marketing,57,20.0,56149.86,1.5,2024-10-28
E007480,Aarav,Marketing,30,15.0,48767.07,3.3,2024-10-29
E007481,Aarav,Sales,60,7.0,40935.65,8.46,2024-10-29
E007482,Aditya,HR,61,26.0,89152.16,1.74,2024-10-29
E007483,Isha,Finance,32,0.0,113174.32,5.77,2024-10-30
E007484,Rohan,Marketing,50,34.0,114138.69,5.26,2024-10-30
E007485,Kabir,Operations,55,32.0,90104.84,4.02,2024-10-30
E007486,Kabir,HR,30,21.0,40146.49,4.63,2024-10-31
E007487,Aditya,HR,40,2.0,100538.82,7.92,2024-10-31
E007488,Kabir,Operations,49,29.0,74209.61,4.96,2024-10-31
E007489,Isha,Sales,54,11.0,137446.77,3.73,2024-11-01
E007490,Diya,Marketing,53,,67380.47,1.21,2024-11-01
E007491,Aditya,Finance,44,15.0,51940.07,5.12,2024-11-01
E007492,Aarav,Operations,46,1.0,71883.75,6.34,2024-11-02
E007493,Aditya,HR,39,11.0,71324.38,2.6,2024-11-02
E007494,Isha,Operations,30,21.0,54475.93,9.6,2024-11-02
E007495,Tara,Operations,34,27.0,29967.25,9.86,2024-11-03
E007496,Tara,Finance,51,15.0,125490.59,8.46,2024-11-03
E007497,Diya,Operations,43,28.0,53317.88,6.23,2024-11-03
E007498,Isha,Marketing,43,28.0,30303.79,6.64,2024-11-04
E007499,Rohan,Sales,43,31.0,71504.29,6.99,2024-11-04
E007500,Nisha,Sales,24,31.0,28693.76,4.11,2024-11-04
E007501,Aditya,Finance,37,16.0,66709.09,3.74,2024-11-05
E007502,Nisha,Marketing,38,6.0,73245.73,2.42,2024-11-05
E007503,Tara,Marketing,41,0.0,44109.74,1.69,2024-11-05
E007504,Tara,Marketing,22,24.0,53079.32,4.34,2024-11-06
E007505,Tara,Engineering,32,2.0,83279.61,1.18,2024-11-06
E007506,Aditya,HR,59,23.0,42483.32,9.86,2024-11-06
E007507,Aarav,Engineering,31,14.0,43372.7,5.9,2024-11-07
E007508,Isha,HR,47,24.0,90489.2,4.07,2024-11-07
,Tara,HR,52,14.0,45058.11,7.24,2024-11-07
E007510,Rohan,Sales,53,5.0,41478.92,8.32,2024-11-08
E007511,Kabir,Operations,32,31.0,85037.62,2.33,2024-11-08
E007512,Aditya,Finance,51,12.0,64669.73,4.44,2024-11-08
E007513,Diya,Engineering,37,10.0,80086.05,3.09,2024-11-09
E007514,Diya,Operations,48,26.0,71195.52,3.58,2024-11-09
E007515,Aarav,Operations,47,31.0,73326.78,4.97,2024-11-09
E007516,Kabir,Engineering,59,28.0,55605.84,9.52,2024-11-10
E007517,Tara,Sales,49,5.0,66263.06,8.12,2024-11-10
E007518,Aarav,Marketing,57,29.0,95400.44,8.94,2024-11-10
E007519,Kabir,Finance,36,3.0,63901.34,6.69,2024-11-11
E007520,Diya,HR,47,9.0,38579.43,2.4,2024-11-11
E007521,Isha,HR,43,1.0,36024.85,4.69,2024-11-11
E007522,Rohan,HR,40,25.0,56592.04,2.97,2024-11-12
E007523,Nisha,HR,58,3.0,124766.1,3.47,2024-11-12
E007524,,Operations,56,2.0,76682.82,7.94,2024-11-12
E007525,Aarav,Engineering,55,20.0,40218.74,8.34,2024-11-13
E007526,Aarav,Marketing,23,24.0,61854.39,8.26,2024-11-13
E007527,Isha,Finance,54,12.0,33922.9,2.39,2024-11-13
E007528,Rohan,Marketing,47,9.0,54047.08,3.45,2024-11-14
E007529,Rohan,Finance,54,9.0,47425.25,7.81,2024-11-14
,Rohan,Sales,43,28.0,53994.96,1.38,2024-11-14
E007531,Isha,HR,56,27.0,72885.59,1.43,2024-11-15
E007532,Tara,HR,31,29.0,83257.94,3.93,2024-11-15
E007533,Aditya,HR,50,,111806.06,6.47,2024-11-15
E007534,Kabir,Marketing,22,10.0,74659.93,4.21,2024-11-16
E007535,Kabir,Engineering,57,12.0,57712.8,5.12,2024-11-16
E007536,Isha,Finance,41,28.0,18782.55,2.12,2024-11-16
E007537,Nisha,Sales,27,27.0,44470.22,1.13,2024-11-17
E007538,Diya,Finance,58,12.0,82473.51,4.14,2024-11-17
E007539,,HR,58,33.0,62392.52,3.23,2024-11-17
E007540,Isha,Finance,28,15.0,46462.77,6.33,2024-11-18
E007541,Isha,HR,46,21.0,85356.33,2.36,2024-11-18
E007542,Rohan,Sales,45,32.0,70596.05,7.96,2024-11-18
E007543,Nisha,Operations,40,15.0,41140.17,4.42,2024-11-19
E007544,Tara,Finance,53,30.0,105974.59,7.99,2024-11-19
E007545,Tara,Sales,44,12.0,69521.51,7.77,2024-11-19
E007546,,Sales,33,29.0,54904.45,9.05,2024-11-20
E007547,Rohan,HR,37,25.0,76316.77,7.77,2024-11-20
E007548,Kabir,Marketing,45,20.0,88009.12,6.25,2024-11-20
E007549,Kabir,Engineering,47,10.0,78346.25,6.89,2024-11-21
E007550,Diya,Sales,61,8.0,107993.87,2.97,2024-11-21
E007551,Tara,Marketing,44,34.0,51610.35,8.46,2024-11-21
E007552,Diya,Engineering,22,20.0,57909.34,3.83,2024-11-22
E007553,Aditya,Sales,47,18.0,105989.68,2.49,2024-11-22
E007554,Tara,Sales,49,14.0,49619.95,3.16,2024-11-22
E007555,Rohan,Marketing,47,16.0,51505.49,3.23,2024-11-23
E007556,Rohan,Sales,52,19.0,32201.23,5.43,2024-11-23
E007557,Diya,Marketing,22,16.0,48699.58,9.57,2024-11-23
E007558,Kabir,Engineering,50,12.0,40316.65,3.39,2024-11-24
E007559,Aditya,Sales,57,1.0,45895.96,9.34,2024-11-24
E007560,Rohan,Operations,34,30.0,75574.75,5.32,2024-11-24
E007561,Rohan,Sales,31,21.0,44173.19,1.91,2024-11-25
E007562,Aarav,HR,39,5.0,55691.91,6.55,2024-11-25
E007563,Rohan,Finance,29,4.0,41360.65,9.73,2024-11-25
E007564,Nisha,Marketing,33,30.0,56002.58,7.95,2024-11-26
E007565,Nisha,HR,29,29.0,84606.91,7.76,2024-11-26
E007566,Aditya,Marketing,26,24.0,83622.81,3.9,2024-11-26
E007567,Isha,Operations,53,11.0,50720.07,7.34,2024-11-27
E007568,Kabir,Engineering,58,13.0,97902.15,3.41,2024-11-27
E007569,Tara,Sales,41,14.0,114052.6,4.04,2024-11-27
E007570,Nisha,HR,54,31.0,93063.95,7.57,2024-11-28
E007571,Nisha,Marketing,21,17.0,33367.01,8.75,2024-11-28
E007572,Isha,Operations,44,4.0,49726.81,7.67,2024-11-28
E007573,Nisha,Sales,38,23.0,93318.55,2.52,2024-11-29
E007574,Aarav,Operations,43,9.0,91720.21,9.85,2024-11-29
,Rohan,Engineering,29,22.0,62220.46,6.29,2024-11-29
E007576,Aditya,Finance,56,12.0,123684.7,2.26,2024-11-30
E007577,Aditya,Sales,50,12.0,92426.98,3.58,2024-11-30
E007578,Kabir,Operations,55,31.0,39000.11,7.76,2024-11-30
E007579,Aarav,Operations,29,12.0,100722.1,6.92,2024-12-01
E007580,Diya,Sales,58,33.0,59456.52,9.43,2024-12-01
E007581,Kabir,Sales,54,24.0,86791.69,9.67,2024-12-01
E007582,Aditya,Engineering,39,0.0,84012.24,1.36,2024-12-02
E007583,Nisha,HR,61,1.0,50562.09,6.75,2024-12-02
,Kabir,Sales,21,25.0,90385.18,2.72,2024-12-02
E007585,Aarav,Engineering,54,8.0,86401.03,6.56,2024-12-03
E007586,Kabir,Sales,26,27.0,66263.14,7.91,2024-12-03
E007587,Aarav,Sales,38,30.0,98412.43,4.82,2024-12-03
E007588,Aditya,Marketing,22,6.0,88317.35,2.21,2024-12-04
E007589,Aditya,Operations,49,27.0,126626.64,3.92,2024-12-04
E007590,Kabir,Marketing,41,26.0,102848.18,3.22,2024-12-04
E007591,Aditya,Finance,23,28.0,61738.3,3.73,2024-12-05
E007592,Aarav,Marketing,21,9.0,79412.04,8.65,2024-12-05
E007593,Diya,Marketing,55,8.0,67779.45,4.92,2024-12-05
E007594,Rohan,HR,24,20.0,102882.32,6.2,2024-12-06
E007595,Kabir,Engineering,25,28.0,104466.16,5.0,2024-12-06
E007596,Isha,Sales,46,10.0,21113.31,7.3,2024-12-06
E007597,Aarav,Operations,48,15.0,70518.15,3.57,2024-12-07
E007598,,Sales,32,22.0,99631.6,8.59,2024-12-07
E007599,Rohan,Sales,51,21.0,85864.23,4.57,2024-12-07
E007600,Tara,HR,26,22.0,56452.09,5.63,2024-12-08
E007601,Aditya,Operations,57,26.0,69223.6,4.67,2024-12-08
E007602,Aarav,Finance,30,1.0,75573.18,4.5,2024-12-08
E007603,Isha,Finance,49,3.0,88582.14,4.66,2024-12-09
E007604,Tara,HR,23,31.0,77608.4,8.36,2024-12-09
E007605,Aarav,Engineering,54,32.0,91932.02,9.32,
E007606,Isha,HR,54,7.0,76455.25,9.16,2024-12-10
E007607,Isha,HR,46,16.0,92182.09,7.5,2024-12-10
E007608,Rohan,Finance,35,1.0,89409.47,1.96,2024-12-10
E007609,Nisha,Engineering,53,25.0,41227.16,1.56,2024-12-11
E007610,Diya,Engineering,46,9.0,80676.44,4.17,2024-12-11
E007611,Aarav,Operations,48,33.0,100078.12,5.72,2024-12-11
E007612,Aditya,Finance,23,8.0,18684.98,8.76,2024-12-12
E007613,Isha,Finance,37,29.0,40615.03,9.09,2024-12-12
E007614,Isha,Marketing,56,11.0,80030.77,7.69,2024-12-12
,Aarav,Marketing,54,7.0,86141.92,9.3,2024-12-13
E007616,Aarav,Engineering,57,32.0,61701.24,4.33,2024-12-13
E007617,Tara,Sales,47,16.0,93319.21,3.08,2024-12-13
E007618,Aditya,Operations,31,9.0,94947.21,8.53,2024-12-14
E007619,Rohan,Operations,45,23.0,56529.93,2.31,2024-12-14
E007620,Isha,Finance,31,10.0,58814.88,1.11,2024-12-14
E007621,Tara,HR,55,33.0,59320.04,5.52,2024-12-15
E007622,Nisha,Sales,40,33.0,67219.5,7.22,2024-12-15
E007623,Aarav,Sales,60,30.0,57017.3,9.81,2024-12-15
E007624,Tara,Operations,53,15.0,83699.92,2.45,2024-12-16
E007625,Rohan,Marketing,41,26.0,94458.83,1.34,2024-12-16
E007626,Aarav,Operations,54,32.0,70384.57,5.92,2024-12-16
E007627,Kabir,Marketing,50,27.0,48187.8,9.5,2024-12-17
E007628,Aarav,Marketing,34,6.0,71169.03,6.97,2024-12-17
E007629,Aditya,Operations,35,17.0,-7969.08,11.0,2024-12-17
E007630,Kabir,Sales,27,12.0,73579.0,9.04,2024-12-18
E007631,Kabir,HR,27,19.0,43882.19,5.61,2024-12-18
E007632,Tara,Engineering,47,6.0,46561.59,2.62,2024-12-18
E007633,Aarav,Operations,58,9.0,73297.17,3.19,2024-12-19
E007634,Tara,HR,59,10.0,82193.76,8.28,2024-12-19
E007635,Isha,Operations,33,34.0,56925.24,3.62,2024-12-19
E007636,Rohan,Sales,39,0.0,89180.33,9.64,2024-12-20
E007637,Aarav,Marketing,41,27.0,98902.36,9.98,2024-12-20
E007638,Rohan,Engineering,57,1.0,65270.67,6.4,2024-12-20
E007639,Tara,Engineering,37,2.0,56149.68,3.45,2024-12-21
E007640,Diya,Marketing,35,3.0,72872.76,3.66,2024-12-21
E007641,Isha,HR,60,22.0,36632.72,9.58,2024-12-21
E007642,Tara,Marketing,56,15.0,44892.86,4.99,2024-12-22
E007643,Tara,Finance,22,24.0,67955.22,9.71,2024-12-22
E007644,Tara,Marketing,41,2.0,58831.09,5.16,2024-12-22
E007645,Isha,Marketing,61,5.0,68437.79,3.85,2024-12-23
E007646,Tara,Engineering,45,31.0,83697.18,1.42,2024-12-23
E007647,Aditya,Sales,35,29.0,14604.85,4.24,2024-12-23
E007648,Kabir,HR,38,19.0,52736.99,9.03,2024-12-24
E007649,Aarav,Sales,48,5.0,64816.31,1.39,2024-12-24
E007650,Kabir,Sales,45,4.0,35791.48,8.97,2024-12-24
E007651,Aarav,Sales,58,20.0,95539.04,8.22,2024-12-25
E007652,Diya,Engineering,26,6.0,125687.39,7.65,2024-12-25
E007653,Rohan,HR,45,25.0,77468.69,2.63,2024-12-25
E007654,Kabir,Sales,37,29.0,39348.09,1.67,2024-12-26
E007655,Aarav,Operations,44,9.0,104787.49,8.43,2024-12-26
E007656,Rohan,Operations,44,1.0,85805.62,3.53,2024-12-26
E007657,Tara,Sales,25,24.0,57024.84,4.97,2024-12-27
E007658,Aarav,Sales,49,,23425.62,1.77,2024-12-27
E007659,Isha,Sales,37,11.0,36495.17,6.23,2024-12-27
E007660,Aditya,Marketing,60,4.0,73761.38,3.03,2024-12-28
E007661,Isha,Marketing,49,1.0,46960.33,7.91,2024-12-28
E007662,Kabir,HR,32,1.0,48248.24,6.74,2024-12-28
E007663,Diya,Sales,29,21.0,85995.12,9.42,2024-12-29
E007664,Isha,Finance,57,23.0,78496.27,5.34,2024-12-29
E007665,Tara,Sales,39,33.0,92331.0,1.52,2024-12-29
E007666,Nisha,Operations,60,8.0,100770.05,3.09,2024-12-30
E007667,Rohan,Finance,51,34.0,70773.72,5.19,2024-12-30
E007668,Nisha,Finance,42,11.0,80820.42,7.26,
E007669,Diya,HR,36,17.0,74127.98,8.55,2024-12-31
E007670,Tara,Finance,44,11.0,41506.58,5.08,2024-12-31
E007671,Aditya,Sales,35,6.0,76645.97,3.05,2024-12-31
E007672,Tara,Operations,51,25.0,78300.74,9.86,2025-01-01
E007673,Rohan,Engineering,38,3.0,87548.46,3.03,2025-01-01
E007674,Nisha,Finance,49,16.0,99542.4,2.46,2025-01-01
E007675,Nisha,Engineering,55,32.0,66744.95,1.24,2025-01-02
E007676,Aditya,HR,40,33.0,58984.46,1.61,
E007677,Aarav,Engineering,23,22.0,54328.34,2.7,2025-01-02
E007678,,Sales,51,22.0,101932.96,7.94,2025-01-03
E007679,Aditya,Sales,60,23.0,77119.39,9.3,
E007680,Rohan,Operations,59,21.0,48101.04,5.82,2025-01-03
E007681,Diya,Marketing,38,,46697.56,9.47,2025-01-04
E007682,Kabir,HR,47,12.0,77919.96,4.38,2025-01-04
E007683,Aditya,Sales,50,7.0,60689.18,2.11,2025-01-04
E007684,Kabir,Finance,50,31.0,55185.65,1.26,2025-01-05
E007685,Rohan,HR,55,22.0,52938.55,1.69,2025-01-05
E007686,Tara,Engineering,55,8.0,49580.28,6.67,2025-01-05
E007687,Diya,Finance,55,2.0,99534.83,1.09,2025-01-06
E007688,Tara,Sales,39,19.0,62698.03,6.63,2025-01-06
E007689,Kabir,Engineering,25,20.0,89400.78,6.21,2025-01-06
E007690,Kabir,Operations,34,34.0,89035.46,7.51,2025-01-07
E007691,Aarav,Operations,35,29.0,26285.99,5.09,2025-01-07
E007692,Diya,Finance,58,8.0,70384.88,9.52,2025-01-07
E007693,Aditya,Finance,23,8.0,57772.72,7.61,2025-01-08
E007694,Nisha,Finance,45,14.0,80526.66,2.3,2025-01-08
E007695,Nisha,Operations,35,32.0,79842.01,4.68,2025-01-08
E007696,Rohan,Finance,47,8.0,86819.14,8.41,2025-01-09
E007697,Isha,Operations,35,33.0,69056.64,1.41,2025-01-09
E007698,Diya,Finance,36,27.0,67762.09,1.19,2025-01-09
E007699,Isha,Operations,51,21.0,81016.34,8.48,2025-01-10
E007700,Nisha,Sales,34,17.0,114927.93,9.24,2025-01-10
E007701,Nisha,Marketing,24,1.0,56582.08,7.52,2025-01-10
E007702,,Marketing,27,26.0,84767.69,2.76,2025-01-11
E007703,Tara,Operations,49,31.0,94989.3,4.2,2025-01-11
E007704,Diya,HR,36,16.0,54437.85,3.23,2025-01-11
E007705,Rohan,HR,43,13.0,94891.94,2.37,2025-01-12
E007706,Nisha,HR,39,18.0,47264.45,5.86,2025-01-12
E007707,Rohan,Finance,40,14.0,103930.18,9.46,2025-01-12
E007708,Nisha,Marketing,61,9.0,23985.27,3.1,2025-01-13
E007709,Rohan,Sales,40,9.0,80314.41,4.2,2025-01-13
E007710,Kabir,HR,33,13.0,117959.39,9.46,2025-01-13
E007711,Isha,Marketing,33,10.0,45722.58,2.13,2025-01-14
E007712,Kabir,Marketing,61,30.0,89013.01,2.58,2025-01-14
E007713,Kabir,Finance,39,18.0,119240.79,2.72,2025-01-14
E007714,Kabir,HR,54,18.0,20497.78,7.07,2025-01-15
E007715,Nisha,HR,43,19.0,77709.91,7.69,2025-01-15
E007716,Nisha,Sales,40,7.0,45632.52,6.48,2025-01-15
E007717,Nisha,Operations,30,15.0,63887.62,1.29,2025-01-16
E007718,Aditya,Marketing,29,1.0,42720.61,3.61,2025-01-16
E007719,Nisha,Engineering,31,33.0,99806.08,4.6,2025-01-16
E007720,Isha,Operations,24,17.0,86350.29,1.8,2025-01-17
E007721,Kabir,Sales,57,26.0,73793.6,2.47,2025-01-17
E007722,Diya,Engineering,57,24.0,70935.91,5.4,2025-01-17
E007723,Rohan,Engineering,31,28.0,69127.11,8.18,2025-01-18
E007724,Tara,Finance,35,14.0,95454.97,3.68,2025-01-18
E007725,Isha,Engineering,21,14.0,111465.81,5.63,2025-01-18
E007726,Diya,Sales,29,1.0,94303.07,4.34,2025-01-19
E007727,Aarav,Engineering,21,1.0,107952.34,3.66,2025-01-19
E007728,Rohan,HR,47,18.0,46370.23,3.41,2025-01-19
E007729,Aarav,Sales,42,34.0,70486.58,7.25,2025-01-20
E007730,Diya,Engineering,25,27.0,52047.78,5.24,2025-01-20
E007731,Isha,HR,23,34.0,96563.57,4.04,2025-01-20
E007732,Rohan,Operations,58,11.0,112867.96,9.86,2025-01-21
E007733,Aditya,Finance,33,25.0,63972.07,4.53,2025-01-21
E007734,Nisha,HR,51,,58865.5,5.52,2025-01-21
E007735,Diya,HR,39,34.0,61594.15,3.38,2025-01-22
E007736,Aarav,Operations,52,18.0,21823.76,8.31,2025-01-22
E007737,Tara,Engineering,58,30.0,82098.07,4.58,2025-01-22
E007738,Diya,Finance,61,11.0,65756.4,9.53,2025-01-23
E007739,Nisha,HR,27,34.0,90217.63,4.29,2025-01-23
E007740,Isha,Finance,48,15.0,41528.21,1.36,2025-01-23
E007741,Isha,Marketing,57,15.0,83447.26,4.57,2025-01-24
E007742,Kabir,Engineering,47,25.0,78372.27,6.14,2025-01-24
E007743,Aditya,Marketing,27,15.0,23101.73,9.39,2025-01-24
E007744,Kabir,Marketing,59,3.0,41092.29,2.58,2025-01-25
E007745,Tara,Sales,40,29.0,50525.3,5.38,2025-01-25
E007746,Tara,Operations,46,16.0,84030.99,4.23,2025-01-25
E007747,Nisha,Engineering,39,21.0,82947.71,4.42,2025-01-26
E007748,Diya,HR,49,23.0,105959.96,5.03,2025-01-26
E007749,Aarav,HR,41,22.0,42010.46,3.35,2025-01-26
E007750,Aarav,Engineering,23,19.0,98167.11,5.44,2025-01-27
E007751,Tara,Engineering,33,30.0,62513.75,2.74,2025-01-27
E007752,Isha,Marketing,48,17.0,84994.93,6.9,2025-01-27
E007753,Aarav,Sales,35,12.0,112826.05,7.55,2025-01-28
E007754,Isha,Engineering,41,5.0,33371.4,5.85,2025-01-28
E007755,Nisha,Finance,27,,91248.67,5.68,2025-01-28
E007756,Aditya,HR,29,34.0,61467.37,1.5,2025-01-29
E007757,Aditya,Engineering,48,17.0,120542.39,4.89,2025-01-29
E007758,Aarav,HR,55,4.0,101602.22,1.53,2025-01-29
E007759,Isha,Marketing,39,5.0,133177.89,3.4,2025-01-30
E007760,Diya,Engineering,37,7.0,28284.92,3.07,2025-01-30
E007761,Nisha,Finance,45,2.0,38010.88,8.6,
E007762,Nisha,Operations,39,7.0,24651.24,9.97,2025-01-31
E007763,Kabir,Marketing,59,2.0,77543.25,5.98,2025-01-31
E007764,Isha,Sales,43,23.0,127667.44,1.24,2025-01-31
E007765,Kabir,HR,28,,52691.24,6.48,2025-02-01
E007766,Aditya,Marketing,55,20.0,52344.19,2.47,2025-02-01
E007767,Kabir,Finance,58,11.0,67536.92,4.66,2025-02-01
E007768,Nisha,Sales,31,26.0,52997.29,5.71,2025-02-02
E007769,Aarav,Finance,50,25.0,64522.92,1.34,2025-02-02
E007770,Diya,Engineering,46,13.0,97177.13,5.0,2025-02-02
E007771,Aditya,Sales,24,8.0,84817.82,3.18,2025-02-03
,Diya,Sales,57,2.0,112710.76,5.23,2025-02-03
E007773,Kabir,Operations,60,33.0,54100.45,9.59,2025-02-03
E007774,Rohan,HR,44,12.0,88622.1,3.3,2025-02-04
E007775,Diya,Finance,45,28.0,73623.99,8.28,2025-02-04
E007776,Tara,Marketing,29,1.0,49741.12,7.74,2025-02-04
E007777,Kabir,Sales,46,8.0,81751.03,9.17,2025-02-05
E007778,Isha,Marketing,44,7.0,74787.63,2.1,2025-02-05
E007779,Isha,Marketing,37,3.0,89153.99,5.68,2025-02-05
E007780,Diya,Operations,41,27.0,81353.53,5.37,2025-02-06
E007781,Aarav,Marketing,51,25.0,74588.99,8.36,2025-02-06
E007782,Diya,Engineering,52,18.0,80380.41,2.53,2025-02-06
E007783,Tara,HR,48,0.0,49811.27,1.28,2025-02-07
E007784,Tara,Sales,52,8.0,58276.89,4.75,2025-02-07
E007785,Kabir,HR,54,24.0,43806.03,8.58,2025-02-07
E007786,Tara,Engineering,47,60.0,37017.34,1.12,
E007787,Isha,Sales,23,19.0,54454.83,2.32,2025-02-08
E007788,Aditya,Operations,36,15.0,67959.78,1.34,2025-02-08
E007789,Nisha,Sales,35,25.0,35176.53,5.36,2025-02-09
E007790,Tara,Sales,51,20.0,96378.43,6.36,2025-02-09
E007791,Tara,Finance,50,29.0,69906.95,4.71,2025-02-09
E007792,Tara,Marketing,29,31.0,106922.26,3.21,2025-02-10
E007793,Kabir,Operations,45,30.0,73272.84,3.71,2025-02-10
E007794,Diya,Sales,24,19.0,74994.68,1.59,2025-02-10
E007795,Nisha,Operations,33,5.0,27980.18,7.72,2025-02-11
E007796,Rohan,HR,24,26.0,50004.93,3.12,2025-02-11
E007797,,Marketing,41,21.0,71442.18,9.34,2025-02-11
E007798,Rohan,HR,52,3.0,68750.67,9.12,2025-02-12
E007799,Tara,Finance,48,30.0,42055.06,5.85,2025-02-12
E007800,Rohan,Finance,30,12.0,92265.51,5.83,2025-02-12
E007801,Aarav,HR,53,3.0,69377.92,4.7,2025-02-13
E007802,Isha,Finance,27,4.0,49836.95,7.13,2025-02-13
E007803,Isha,HR,52,21.0,48449.85,6.91,2025-02-13
E007804,Nisha,Sales,33,2.0,72377.8,8.24,2025-02-14
E007805,Diya,Finance,57,27.0,63273.07,4.87,2025-02-14
E007806,Aditya,Engineering,53,34.0,60690.98,8.37,2025-02-14
E007807,Nisha,Operations,61,3.0,51318.18,5.54,2025-02-15
E007808,Nisha,Sales,59,15.0,67942.51,1.47,2025-02-15
E007809,Isha,Finance,25,28.0,99163.03,7.75,2025-02-15
E007810,Nisha,Sales,44,4.0,64725.37,8.53,2025-02-16
E007811,Kabir,Operations,33,17.0,65095.23,7.07,2025-02-16
E007812,Kabir,Operations,60,15.0,25388.83,2.73,2025-02-16
E007813,Isha,Sales,23,22.0,9909.24,3.35,2025-02-17
,Isha,Sales,30,2.0,77443.12,6.13,2025-02-17
E007815,Aarav,Sales,55,15.0,87720.63,7.54,2025-02-17
E007816,Isha,Marketing,24,11.0,0.0,8.08,2025-02-18
E007817,Rohan,Marketing,61,27.0,78693.66,3.66,2025-02-18
E007818,Tara,Engineering,43,15.0,74085.22,9.88,2025-02-18
E007819,Aditya,Finance,59,5.0,111761.21,4.53,2025-02-19
E007820,Tara,Marketing,24,1.0,65897.12,6.45,2025-02-19
E007821,Tara,HR,40,13.0,87186.68,8.57,2025-02-19
E007822,Tara,Engineering,37,18.0,39871.87,1.29,2025-02-20
E007823,Isha,Marketing,61,27.0,57625.73,8.53,2025-02-20
E007824,Isha,Marketing,35,18.0,50751.91,8.12,2025-02-20
E007825,Tara,Operations,59,12.0,73130.16,4.07,2025-02-21
E007826,Diya,Sales,40,17.0,74125.56,4.24,2025-02-21
E007827,Aarav,Operations,28,30.0,59508.08,6.45,2025-02-21
E007828,Diya,HR,23,10.0,109672.82,1.54,2025-02-22
E007829,Aditya,Engineering,40,14.0,35564.67,9.49,2025-02-22
E007830,Rohan,Sales,55,21.0,67725.96,4.08,2025-02-22
E007831,Aarav,Sales,40,16.0,82933.76,4.88,2025-02-23
E007832,Kabir,Finance,30,28.0,90287.42,6.52,2025-02-23
E007833,Aditya,Operations,38,23.0,70891.96,5.51,2025-02-23
E007834,Kabir,Operations,37,0.0,89354.54,7.95,2025-02-24
E007835,Tara,Engineering,27,1.0,65921.29,9.5,2025-02-24
E007836,Aarav,Finance,27,14.0,73832.48,2.33,2025-02-24
E007837,Isha,HR,39,14.0,80450.06,4.98,2025-02-25
E007838,Tara,Engineering,29,10.0,64436.49,4.67,2025-02-25
E007839,Tara,Operations,21,26.0,76521.2,6.77,2025-02-25
E007840,Kabir,HR,39,8.0,48524.46,3.5,2025-02-26
E007841,Kabir,Operations,34,22.0,58691.16,4.97,2025-02-26
E007842,Tara,Finance,54,26.0,57421.8,6.53,2025-02-26
E007843,Kabir,Finance,23,4.0,50138.78,7.1,2025-02-27
E007844,Kabir,Sales,60,19.0,72758.54,5.75,2025-02-27
E007845,Aarav,Engineering,47,25.0,71750.36,7.73,2025-02-27
E007846,Tara,Sales,42,1.0,50584.62,1.71,2025-02-28
E007847,Rohan,Sales,41,3.0,66877.51,1.43,2025-02-28
E007848,Isha,Marketing,49,24.0,38193.86,8.18,2025-02-28
E007849,Nisha,Sales,36,18.0,37889.82,4.35,2025-03-01
E007850,Isha,Sales,46,9.0,122756.75,7.07,2025-03-01
E007851,Aarav,Marketing,46,28.0,51602.79,7.7,2025-03-01
E007852,Tara,HR,27,,62954.58,2.5,2025-03-02
E007853,Isha,Sales,49,2.0,95935.23,2.0,2025-03-02
E007854,Aarav,Operations,41,4.0,75934.11,3.3,2025-03-02
E007855,Rohan,Marketing,45,5.0,55942.45,1.37,2025-03-03
E007856,Aarav,Finance,33,10.0,75388.2,7.64,2025-03-03
E007857,Kabir,Engineering,61,4.0,90667.32,3.62,2025-03-03
E007858,Isha,Engineering,27,12.0,37240.36,7.24,2025-03-04
E007859,Rohan,Sales,54,17.0,59549.23,8.14,2025-03-04
E007860,Nisha,Engineering,50,31.0,63440.48,2.85,2025-03-04
E007861,Tara,Operations,29,0.0,135478.03,8.63,2025-03-05
E007862,Nisha,Marketing,58,6.0,47217.69,6.71,2025-03-05
E007863,Rohan,Sales,22,34.0,82670.03,4.65,2025-03-05
E007864,Kabir,Engineering,52,30.0,103778.83,3.91,2025-03-06
E007865,Kabir,Engineering,58,16.0,79747.54,4.34,2025-03-06
E007866,Aarav,Finance,46,11.0,73002.27,3.09,2025-03-06
E007867,Diya,Sales,61,16.0,110066.77,9.55,
E007868,Aditya,HR,54,10.0,43217.42,8.91,2025-03-07
E007869,Aarav,Finance,30,28.0,59871.69,9.23,2025-03-07
E007870,Kabir,Operations,38,32.0,50598.89,5.99,2025-03-08
E007871,,Operations,45,12.0,60303.63,7.85,2025-03-08
E007872,Rohan,Sales,55,28.0,71608.84,1.2,2025-03-08
E007873,Isha,Finance,51,11.0,80952.63,4.1,2025-03-09
E007874,Aarav,Operations,47,18.0,103551.71,3.14,2025-03-09
E007875,Isha,HR,47,13.0,40162.58,1.41,2025-03-09
E007876,Nisha,Sales,27,10.0,83304.4,3.86,2025-03-10
E007877,Aditya,Engineering,35,27.0,73237.41,8.79,2025-03-10
,Diya,Sales,51,12.0,42461.11,9.62,2025-03-10
E007879,Aarav,Finance,45,5.0,31242.19,6.36,2025-03-11
E007880,Kabir,Finance,58,11.0,117306.61,6.6,2025-03-11
E007881,Aditya,Finance,41,16.0,91623.25,1.04,2025-03-11
E007882,Aarav,Finance,50,19.0,81690.74,7.84,2025-03-12
E007883,Diya,Marketing,46,1.0,62037.01,4.72,2025-03-12
E007884,Nisha,HR,43,23.0,85305.68,2.75,2025-03-12
E007885,Aditya,Finance,45,28.0,84679.88,1.32,2025-03-13
E007886,Diya,Marketing,31,30.0,65319.04,3.13,2025-03-13
E007887,Isha,Operations,21,14.0,124833.19,6.8,2025-03-13
E007888,Kabir,Sales,42,,82395.37,6.93,2025-03-14
,Aditya,Marketing,46,11.0,36736.72,6.93,2025-03-14
E007890,Diya,HR,22,8.0,90344.38,7.29,2025-03-14
E007891,Tara,HR,54,2.0,47561.67,2.06,2025-03-15
E007892,Tara,Operations,37,18.0,56862.81,4.79,2025-03-15
,Aditya,Operations,58,34.0,111467.13,7.56,2025-03-15
E007894,Tara,Marketing,47,4.0,52694.75,3.83,2025-03-16
E007895,Rohan,Operations,34,17.0,51530.18,2.15,2025-03-16
E007896,Tara,Sales,26,14.0,80927.72,4.22,2025-03-16
E007897,Isha,Marketing,33,30.0,37917.01,2.13,2025-03-17
E007898,Kabir,Operations,25,26.0,49130.52,6.09,2025-03-17
E007899,Tara,Marketing,21,3.0,94979.54,2.62,2025-03-17
E007900,Rohan,Engineering,35,15.0,88819.87,4.71,2025-03-18
E007901,Aditya,HR,50,28.0,46206.26,6.96,2025-03-18
E007902,Rohan,Engineering,26,9.0,80154.37,2.55,2025-03-18
E007903,Aditya,Sales,29,25.0,66179.67,4.1,2025-03-19
E007904,Tara,HR,59,5.0,86991.51,5.04,2025-03-19
E007905,Nisha,Operations,50,21.0,52272.96,9.64,2025-03-19
E007906,Aditya,Engineering,24,,62583.6,6.74,2025-03-20
E007907,,Engineering,26,24.0,63464.52,3.52,2025-03-20
E007908,Isha,Marketing,22,1.0,96532.44,8.79,2025-03-20
E007909,Aditya,HR,33,18.0,77642.83,2.72,2025-03-21
E007910,Aditya,Finance,39,16.0,81933.72,8.53,2025-03-21
E007911,Kabir,Operations,21,6.0,93660.66,4.31,2025-03-21
E007912,Rohan,Engineering,57,25.0,71434.99,4.31,2025-03-22
E007913,Nisha,Engineering,40,30.0,70012.65,5.54,2025-03-22
E007914,Kabir,HR,25,3.0,84561.74,9.85,2025-03-22
E007915,Diya,Sales,36,20.0,60903.91,3.46,2025-03-23
E007916,Aarav,HR,34,,115765.82,1.38,2025-03-23
E007917,Kabir,Engineering,34,0.0,67764.7,4.28,2025-03-23
E007918,Diya,Sales,32,34.0,74967.46,4.14,2025-03-24
E007919,Nisha,Engineering,46,34.0,51392.22,7.57,2025-03-24
E007920,Nisha,Sales,28,15.0,55758.75,8.37,2025-03-24
E007921,Rohan,Sales,58,6.0,65502.84,4.62,2025-03-25
E007922,Rohan,Marketing,55,9.0,73335.94,9.03,2025-03-25
E007923,Kabir,Engineering,25,12.0,27333.98,7.34,2025-03-25
E007924,Isha,Engineering,21,5.0,99237.57,6.38,2025-03-26
E007925,Diya,Engineering,51,30.0,79952.52,7.26,2025-03-26
E007926,Rohan,Operations,25,33.0,66444.62,9.61,2025-03-26
E007927,Diya,Finance,50,29.0,43764.75,2.34,2025-03-27
E007928,Rohan,Operations,34,9.0,34287.84,7.9,2025-03-27
,Rohan,Engineering,45,30.0,103711.65,6.67,2025-03-27
E007930,Diya,Finance,27,22.0,55899.68,8.08,2025-03-28
E007931,Diya,Sales,37,18.0,86521.9,9.07,2025-03-28
E007932,Rohan,Engineering,46,23.0,77787.18,7.51,2025-03-28
E007933,Isha,HR,37,24.0,66293.99,2.27,2025-03-29
E007934,Tara,Operations,56,34.0,55393.91,5.43,2025-03-29
E007935,Isha,Marketing,50,9.0,84237.77,3.02,2025-03-29
E007936,,Finance,37,17.0,40322.04,1.59,2025-03-30
E007937,Nisha,Sales,55,9.0,88310.53,1.15,2025-03-30
E007938,Aditya,Sales,59,17.0,106050.86,4.07,2025-03-30
E007939,,Operations,39,13.0,35318.89,6.6,2025-03-31
E007940,Aditya,Marketing,55,,78901.61,6.23,2025-03-31
E007941,Nisha,Marketing,54,34.0,42019.11,6.13,2025-03-31
E007942,Nisha,Marketing,54,27.0,81164.07,9.95,2025-04-01
E007943,Tara,Finance,50,23.0,77697.9,5.03,2025-04-01
E007944,Rohan,Marketing,28,0.0,71353.85,6.07,2025-04-01
E007945,Nisha,Sales,38,20.0,35511.24,6.45,2025-04-02
E007946,Rohan,Operations,37,25.0,112912.21,8.87,2025-04-02
E007947,Rohan,Engineering,23,6.0,79476.2,9.53,2025-04-02
E007948,Aarav,Operations,50,6.0,38328.24,6.06,2025-04-03
E007949,Aditya,Operations,29,9.0,43699.09,6.93,2025-04-03
E007950,Nisha,HR,47,13.0,70707.27,4.3,2025-04-03
E007951,Isha,Sales,58,20.0,125639.07,5.31,2025-04-04
E007952,Rohan,Operations,57,23.0,98442.35,8.22,2025-04-04
E007953,Kabir,Engineering,50,19.0,85857.25,2.91,2025-04-04
E007954,Aditya,Sales,51,23.0,63363.65,6.35,2025-04-05
E007955,Rohan,Sales,46,24.0,74194.55,1.52,2025-04-05
E007956,Aditya,Sales,52,16.0,40180.3,-2.0,2025-04-05
E007957,Nisha,Finance,46,3.0,47750.56,2.93,2025-04-06
E007958,Kabir,HR,55,12.0,82330.71,7.34,2025-04-06
,Rohan,Operations,50,28.0,61421.11,7.0,2025-04-06
E007960,Isha,Engineering,52,24.0,38714.07,8.97,
E007961,Nisha,HR,25,1.0,65424.81,5.12,2025-04-07
E007962,Rohan,Marketing,40,24.0,60223.2,6.73,2025-04-07
E007963,Isha,HR,29,32.0,69719.34,8.04,2025-04-08
E007964,Nisha,HR,58,32.0,80781.8,3.17,2025-04-08
E007965,Isha,Finance,44,4.0,105051.81,9.17,2025-04-08
E007966,Tara,HR,52,13.0,60091.03,3.53,2025-04-09
E007967,Rohan,HR,29,2.0,82653.66,1.08,2025-04-09
E007968,Nisha,Finance,43,10.0,105746.16,2.12,2025-04-09
E007969,Nisha,Marketing,31,22.0,90797.44,5.96,2025-04-10
E007970,Kabir,Operations,59,25.0,79149.82,3.65,2025-04-10
E007971,Rohan,Engineering,31,4.0,84479.47,3.88,2025-04-10
E007972,Diya,Operations,30,25.0,91097.88,1.71,2025-04-11
E007973,Diya,HR,36,2.0,93237.38,7.4,2025-04-11
E007974,,Operations,41,2.0,4806.95,5.39,2025-04-11
E007975,Nisha,Marketing,43,2.0,36288.47,6.81,2025-04-12
E007976,Nisha,Finance,32,32.0,62025.03,3.75,2025-04-12
E007977,Diya,Operations,29,22.0,92276.0,6.92,2025-04-12
E007978,Nisha,Sales,38,21.0,68993.46,9.37,2025-04-13
E007979,Rohan,Engineering,23,2.0,67852.65,6.93,2025-04-13
E007980,Diya,Operations,21,23.0,80621.9,5.21,2025-04-13
E007981,Nisha,Marketing,45,24.0,73277.52,6.51,2025-04-14
E007982,Isha,HR,42,0.0,99433.36,8.56,2025-04-14
E007983,Rohan,HR,56,29.0,86480.22,9.01,2025-04-14
E007984,Aarav,Sales,58,2.0,102260.54,2.72,2025-04-15
E007985,Kabir,Engineering,52,18.0,19393.16,5.46,2025-04-15
E007986,Diya,Finance,23,9.0,93222.17,9.07,2025-04-15
E007987,Isha,Finance,29,7.0,56115.98,3.93,2025-04-16
E007988,Diya,HR,34,21.0,67717.3,4.35,2025-04-16
E007989,Isha,Engineering,41,17.0,23029.52,2.26,
E007990,Aarav,Operations,27,14.0,46711.99,6.72,2025-04-17
E007991,Nisha,Marketing,37,33.0,66528.95,6.85,2025-04-17
E007992,,Operations,44,9.0,85148.54,9.23,2025-04-17
E007993,Isha,Marketing,24,12.0,94329.02,9.05,2025-04-18
E007994,Rohan,Marketing,42,23.0,59646.54,8.59,2025-04-18
E007995,Aarav,Finance,21,13.0,118029.45,5.06,2025-04-18
E007996,Nisha,Sales,42,5.0,57268.04,2.94,2025-04-19
E007997,Tara,Eng,50,32.0,16939.59,7.81,2025-04-19
E007998,Aditya,Marketing,56,1.0,110093.06,3.2,2025-04-19
E007999,Diya,HR,27,30.0,51692.29,8.07,2025-04-20
E008000,Kabir,Engineering,31,7.0,76808.79,6.51,2025-04-20
E008001,Rohan,Sales,48,34.0,105890.24,1.35,2025-04-20
E008002,Nisha,Sales,34,17.0,93590.44,6.1,2025-04-21
E008003,Rohan,Sales,55,13.0,154396.78,8.31,2025-04-21
E008004,Rohan,Operations,26,31.0,57509.64,7.82,2025-04-21
E008005,Nisha,engineering,21,16.0,89431.01,1.6,2025-04-22
E008006,Diya,Operations,40,28.0,62406.12,7.2,2025-04-22
E008007,Isha,Engineering,59,28.0,81491.64,4.45,2025-04-22
E008008,Nisha,Marketing,23,18.0,70764.71,9.47,2025-04-23
E008009,Isha,HR,35,10.0,52147.49,7.74,2025-04-23
E008010,Rohan,Operations,48,28.0,96252.33,8.78,2025-04-23
E008011,Aditya,HR,43,1.0,67703.31,7.74,2025-04-24
E008012,Tara,Sales,28,15.0,55922.99,4.35,2025-04-24
E008013,Tara,Marketing,58,4.0,55423.29,6.02,2025-04-24
E008014,Kabir,Finance,24,,74859.76,3.91,2025-04-25
E008015,Isha,Marketing,42,11.0,92245.14,1.24,2025-04-25
E008016,Aarav,Operations,55,30.0,54984.57,8.94,2025-04-25
E008017,Isha,Finance,59,11.0,17993.06,3.62,2025-04-26
E008018,Kabir,Engineering,39,33.0,54929.91,1.87,2025-04-26
E008019,Aditya,Engineering,30,11.0,27040.05,5.48,2025-04-26
E008020,Tara,Sales,29,25.0,37201.1,5.26,2025-04-27
E008021,Aditya,Marketing,43,4.0,90879.91,5.66,2025-04-27
E008022,Isha,Marketing,38,22.0,68998.54,7.24,2025-04-27
E008023,Diya,Operations,34,4.0,51816.25,3.9,2025-04-28
E008024,Isha,Marketing,36,12.0,72367.95,8.74,2025-04-28
E008025,Isha,Finance,28,30.0,35881.25,4.07,2025-04-28
E008026,Aarav,Marketing,45,6.0,42615.28,2.62,2025-04-29
E008027,Aarav,Operations,39,27.0,101632.71,2.47,2025-04-29
E008028,Isha,Engineering,22,33.0,29730.56,5.91,2025-04-29
E008029,Isha,Finance,29,17.0,55020.01,3.31,2025-04-30
E008030,Isha,HR,42,5.0,56062.2,7.45,2025-04-30
E008031,Aditya,Engineering,42,12.0,9928.7,5.58,2025-04-30
E008032,Nisha,HR,43,5.0,98584.34,8.93,2025-05-01
E008033,Tara,Sales,36,20.0,122326.39,9.6,2025-05-01
E008034,Tara,HR,36,31.0,65208.37,5.53,2025-05-01
E008035,Rohan,Sales,48,10.0,78329.19,3.25,2025-05-02
E008036,Aarav,Engineering,48,5.0,75175.71,7.99,2025-05-02
E008037,Kabir,Finance,47,28.0,115271.0,7.01,2025-05-02
E008038,Diya,Marketing,24,3.0,68596.92,4.51,2025-05-03
E008039,Kabir,Engineering,53,18.0,60665.55,8.53,2025-05-03
E008040,Aarav,HR,50,20.0,40529.94,2.97,2025-05-03
E008041,Kabir,Operations,46,17.0,52019.86,6.13,2025-05-04
E008042,Rohan,Marketing,40,23.0,107183.21,7.79,2025-05-04
E008043,Aarav,Sales,23,25.0,58143.63,5.77,
E008044,Diya,Finance,43,23.0,85984.15,2.66,2025-05-05
E008045,Aditya,Operations,47,25.0,21322.28,6.54,2025-05-05
E008046,Aditya,Finance,40,18.0,49414.07,6.53,2025-05-05
E008047,Diya,Engineering,43,30.0,60408.71,3.89,2025-05-06
E008048,Kabir,Finance,32,5.0,107656.07,3.15,2025-05-06
E008049,Aarav,Marketing,55,19.0,61395.19,6.44,2025-05-06
E008050,Aarav,HR,46,13.0,104931.25,5.24,2025-05-07
E008051,Kabir,Sales,36,,72347.4,7.43,2025-05-07
E008052,Aditya,Operations,50,24.0,64847.9,5.81,2025-05-07
E008053,Tara,Marketing,30,34.0,47089.4,4.45,2025-05-08
E008054,Aarav,Marketing,45,,64126.56,6.3,2025-05-08
E008055,Isha,HR,39,25.0,24688.78,6.72,2025-05-08
E008056,Kabir,HR,56,5.0,65601.39,7.04,2025-05-09
E008057,Kabir,Engineering,44,1.0,57930.09,1.55,2025-05-09
E008058,Kabir,Operations,22,10.0,73005.32,7.59,2025-05-09
E008059,Aditya,Engineering,54,22.0,50427.85,3.02,2025-05-10
E008060,Nisha,Sales,38,3.0,92958.74,6.15,2025-05-10
E008061,Diya,Finance,58,12.0,79158.41,2.39,2025-05-10
E008062,Diya,Finance,46,8.0,72993.11,5.29,2025-05-11
E008063,Isha,Finance,48,23.0,32146.49,1.02,2025-05-11
E008064,Tara,Sales,57,15.0,69973.77,7.53,2025-05-11
E008065,Diya,Finance,24,28.0,120322.42,5.96,2025-05-12
E008066,Aarav,Marketing,43,20.0,72684.21,4.11,2025-05-12
E008067,Tara,HR,25,16.0,106049.08,9.35,2025-05-12
E008068,Tara,HR,51,24.0,85304.64,6.29,2025-05-13
E008069,Kabir,Finance,24,33.0,51979.97,4.65,2025-05-13
E008070,Rohan,Marketing,61,23.0,74376.15,4.3,2025-05-13
E008071,Aarav,Marketing,54,3.0,59726.88,5.03,2025-05-14
E008072,Nisha,HR,61,4.0,113019.51,1.61,2025-05-14
E008073,Aditya,Sales,37,30.0,70267.6,7.76,2025-05-14
E008074,Nisha,Sales,37,17.0,63217.21,9.71,2025-05-15
E008075,Aditya,Engineering,56,21.0,-1114.93,6.9,2025-05-15
E008076,Rohan,Marketing,38,4.0,84503.73,6.37,2025-05-15
E008077,Rohan,Engineering,24,6.0,59795.13,7.51,2025-05-16
E008078,Aditya,Marketing,26,10.0,61359.77,8.72,2025-05-16
E008079,Aarav,HR,57,21.0,51096.73,7.38,2025-05-16
E008080,Rohan,Engineering,54,25.0,101487.9,9.17,2025-05-17
E008081,Kabir,Finance,26,17.0,82552.0,3.79,2025-05-17
E008082,Kabir,Engineering,60,13.0,58919.81,3.21,2025-05-17
E008083,Nisha,HR,24,10.0,59910.53,9.01,2025-05-18
E008084,Tara,Engineering,41,34.0,76579.91,3.0,2025-05-18
E008085,Isha,HR,61,9.0,66969.51,6.43,2025-05-18
E008086,Kabir,Marketing,22,31.0,24817.16,4.26,2025-05-19
E008087,Nisha,Sales,61,1.0,128040.28,1.59,2025-05-19
E008088,Nisha,Marketing,33,11.0,47586.37,5.79,2025-05-19
E008089,Tara,Engineering,21,11.0,26388.08,7.11,2025-05-20
E008090,Tara,HR,41,23.0,97796.44,9.28,2025-05-20
E008091,Nisha,HR,21,24.0,68676.29,9.25,2025-05-20
E008092,Isha,Operations,52,13.0,90131.94,4.22,2025-05-21
E008093,Aarav,Engineering,27,1.0,61816.38,1.47,2025-05-21
E008094,Nisha,Operations,54,22.0,134563.4,3.37,2025-05-21
E008095,Kabir,Sales,42,9.0,61296.95,2.12,2025-05-22
E008096,Aarav,HR,56,5.0,74406.02,7.65,2025-05-22
E008097,Nisha,HR,31,20.0,77741.89,9.15,2025-05-22
E008098,Nisha,Marketing,31,0.0,141441.62,2.53,2025-05-23
E008099,Kabir,Engineering,51,30.0,40704.96,4.7,2025-05-23
E008100,Aditya,Marketing,27,23.0,51022.85,6.27,2025-05-23
E008101,Rohan,HR,31,4.0,115665.69,9.11,2025-05-24
E008102,Rohan,Finance,56,9.0,53784.23,7.01,2025-05-24
E008103,Kabir,HR,29,13.0,51390.14,5.76,2025-05-24
E008104,Aarav,Operations,53,6.0,105614.87,3.01,
E008105,Isha,Engineering,53,28.0,85712.71,4.03,2025-05-25
E008106,Diya,Marketing,52,16.0,62086.29,7.39,2025-05-25
E008107,Isha,Operations,22,2.0,55420.94,8.44,2025-05-26
E008108,Diya,Engineering,30,26.0,913.07,2.89,2025-05-26
E008109,Diya,Marketing,49,10.0,88542.95,1.68,2025-05-26
E008110,Aditya,HR,44,5.0,43715.83,8.56,2025-05-27
E008111,Diya,HR,51,16.0,36443.74,4.9,2025-05-27
E008112,Kabir,Finance,42,9.0,42329.51,8.52,2025-05-27
E008113,Aditya,Finance,26,18.0,35769.57,8.04,2025-05-28
E008114,Diya,Marketing,22,5.0,51702.29,7.48,2025-05-28
E008115,Rohan,Sales,58,7.0,76078.84,3.3,2025-05-28
E008116,Diya,Marketing,59,1.0,59246.09,1.65,2025-05-29
E008117,Tara,HR,53,20.0,90805.14,7.97,2025-05-29
E008118,Rohan,Sales,51,13.0,72136.41,8.66,2025-05-29
E008119,Isha,Sales,61,30.0,141787.22,6.36,2025-05-30
E008120,Isha,Engineering,47,16.0,50858.24,5.53,2025-05-30
E008121,Tara,Sales,47,21.0,73197.77,6.36,2025-05-30
E008122,Isha,Operations,47,10.0,32213.69,-2.0,2025-05-31
E008123,Kabir,Finance,58,12.0,34366.85,7.99,2025-05-31
E008124,Aarav,Operations,44,27.0,86219.7,3.85,2025-05-31
E008125,Nisha,Marketing,53,8.0,89061.76,1.63,2025-06-01
E008126,Kabir,Engineering,59,10.0,8153.45,2.53,2025-06-01
E008127,Aditya,Marketing,30,17.0,71930.72,8.67,2025-06-01
E008128,Aditya,HR,32,15.0,88812.64,3.92,2025-06-02
E008129,Aarav,Sales,50,21.0,126065.15,5.02,2025-06-02
E008130,Diya,Finance,42,6.0,54647.13,8.37,2025-06-02
E008131,Aditya,Operations,55,31.0,81966.34,7.64,2025-06-03
E008132,Isha,Engineering,36,16.0,91479.54,1.81,2025-06-03
E008133,Aarav,Finance,23,22.0,49924.75,4.48,2025-06-03
E008134,Aditya,Engineering,38,2.0,75890.61,9.9,2025-06-04
E008135,Isha,Finance,43,17.0,58796.69,3.66,2025-06-04
E008136,Nisha,Operations,26,26.0,53417.84,8.64,2025-06-04
E008137,Tara,Engineering,49,20.0,72379.99,8.98,2025-06-05
E008138,Nisha,Sales,23,27.0,59547.48,8.27,2025-06-05
E008139,Tara,Engineering,28,28.0,108284.26,4.21,2025-06-05
E008140,Aditya,Marketing,39,1.0,75744.99,7.07,2025-06-06
E008141,Kabir,Engineering,61,13.0,89823.41,5.37,2025-06-06
E008142,Isha,Marketing,30,21.0,97930.48,4.05,2025-06-06
E008143,Rohan,HR,54,4.0,53283.13,6.07,2025-06-07
E008144,Diya,Sales,39,10.0,36640.5,5.65,2025-06-07
E008145,Isha,HR,31,13.0,100672.2,1.42,2025-06-07
E008146,Rohan,Sales,33,12.0,52829.77,4.65,2025-06-08
E008147,Aarav,Operations,52,29.0,59510.37,8.88,2025-06-08
E008148,Rohan,Marketing,31,24.0,40885.45,3.62,2025-06-08
E008149,Tara,Marketing,30,2.0,71749.72,2.08,2025-06-09
E008150,Rohan,Engineering,22,12.0,102311.57,2.13,2025-06-09
E008151,Kabir,Sales,31,22.0,83537.98,9.06,2025-06-09
E008152,Rohan,Operations,26,20.0,34987.84,2.59,2025-06-10
E008153,Kabir,Engineering,53,4.0,107750.16,5.67,2025-06-10
E008154,Aarav,Engineering,53,29.0,63378.8,1.68,2025-06-10
E008155,Isha,Engineering,58,17.0,82983.5,9.25,2025-06-11
E008156,Rohan,HR,29,18.0,78759.45,1.98,2025-06-11
E008157,Rohan,HR,27,26.0,86185.35,0.0,2025-06-11
E008158,Aarav,Sales,24,30.0,112805.73,5.28,2025-06-12
E008159,Kabir,Finance,37,4.0,87106.46,6.1,2025-06-12
E008160,Tara,Sales,57,14.0,60713.07,4.13,2025-06-12
E008161,Nisha,Engineering,27,5.0,83177.16,1.3,2025-06-13
E008162,Kabir,Sales,26,16.0,81008.9,-2.0,
E008163,Diya,Marketing,28,11.0,82876.31,7.67,2025-06-13
E008164,Aarav,Finance,44,28.0,82455.11,5.37,2025-06-14
E008165,Kabir,Engineering,57,7.0,67750.72,6.16,2025-06-14
E008166,Rohan,HR,30,34.0,67873.41,3.08,2025-06-14
E008167,Isha,Finance,58,30.0,80746.1,2.99,2025-06-15
E008168,Kabir,HR,57,27.0,113195.88,9.7,2025-06-15
E008169,Tara,Engineering,27,25.0,52445.72,1.54,2025-06-15
E008170,Isha,Marketing,59,13.0,89158.14,6.32,2025-06-16
E008171,Rohan,Finance,59,17.0,14712.67,3.46,2025-06-16
E008172,Rohan,Engineering,51,29.0,57613.04,2.37,2025-06-16
E008173,Kabir,Engineering,41,18.0,59049.11,1.51,2025-06-17
E008174,Aditya,Operations,41,11.0,33763.47,4.23,2025-06-17
E008175,Diya,Engineering,28,4.0,52950.87,1.06,2025-06-17
E008176,Diya,HR,47,27.0,101735.61,1.33,2025-06-18
E008177,Aditya,Operations,57,8.0,47524.15,6.0,2025-06-18
E008178,Kabir,Finance,35,24.0,113010.74,6.98,2025-06-18
E008179,Tara,Engineering,27,10.0,87776.12,9.5,2025-06-19
E008180,Nisha,HR,60,6.0,54834.02,1.45,2025-06-19
E008181,Kabir,HR,33,32.0,91356.52,7.08,2025-06-19
E008182,Tara,HR,22,29.0,82030.64,8.71,2025-06-20
E008183,Aditya,Marketing,55,30.0,110674.01,5.81,2025-06-20
E008184,Aarav,Finance,28,34.0,45233.68,7.24,2025-06-20
E008185,Aarav,Engineering,24,30.0,96139.99,4.85,2025-06-21
E008186,Kabir,Marketing,39,13.0,92417.91,6.38,2025-06-21
E008187,Diya,Operations,55,6.0,98514.21,6.88,2025-06-21
E008188,Aarav,Marketing,43,24.0,70583.38,2.1,2025-06-22
E008189,Isha,Marketing,28,22.0,59898.34,6.94,2025-06-22
E008190,Aarav,Engineering,58,14.0,97817.41,3.63,2025-06-22
E008191,Rohan,Marketing,55,7.0,23656.14,9.52,2025-06-23
E008192,Isha,Engineering,60,24.0,102006.44,8.15,2025-06-23
E008193,Diya,Marketing,23,31.0,53356.64,6.85,2025-06-23
E008194,Aditya,Marketing,47,18.0,68228.58,6.82,2025-06-24
E008195,Diya,Engineering,37,16.0,79470.92,2.09,2025-06-24
E008196,Aarav,HR,48,,65214.79,8.81,2025-06-24
E008197,Isha,Operations,57,5.0,83133.6,2.05,2025-06-25
E008198,Kabir,Finance,27,6.0,86971.66,8.53,2025-06-25
E008199,Aditya,Marketing,25,30.0,76759.0,6.9,2025-06-25
E008200,Nisha,Engineering,56,2.0,59210.28,6.87,2025-06-26
E008201,Aarav,HR,40,11.0,56257.48,8.23,2025-06-26
E008202,Aditya,Operations,53,33.0,77440.74,3.4,2025-06-26
E008203,Diya,Operations,59,11.0,15695.83,1.14,2025-06-27
E008204,Diya,HR,24,22.0,128849.51,2.54,2025-06-27
E008205,,HR,46,22.0,87284.18,6.49,2025-06-27
E008206,Aarav,Engineering,28,18.0,49734.51,7.02,2025-06-28
E008207,Isha,Operations,35,26.0,64510.78,9.32,2025-06-28
E008208,Aditya,Marketing,52,10.0,61813.77,7.76,2025-06-28
E008209,Aditya,Engineering,34,11.0,128914.53,7.72,2025-06-29
E008210,Nisha,Engineering,31,22.0,35315.4,4.95,2025-06-29
E008211,Diya,Sales,41,11.0,42481.39,2.44,2025-06-29
E008212,Isha,Engineering,39,13.0,70148.7,6.63,2025-06-30
E008213,Diya,Finance,30,27.0,77912.77,2.67,2025-06-30
E008214,Kabir,Operations,44,3.0,72817.68,9.13,2025-06-30
E008215,Rohan,Finance,49,,85016.98,9.87,2025-07-01
E008216,Aditya,Finance,53,16.0,73925.93,8.69,2025-07-01
E008217,Rohan,Engineering,56,1.0,64437.36,5.53,2025-07-01
E008218,Kabir,Marketing,50,20.0,91775.07,2.84,2025-07-02
E008219,Rohan,Sales,58,18.0,38251.81,9.4,2025-07-02
E008220,Diya,Marketing,53,6.0,94280.74,3.16,2025-07-02
E008221,Aditya,Sales,51,23.0,15117.31,2.05,2025-07-03
E008222,Kabir,Engineering,31,8.0,113598.57,5.63,2025-07-03
E008223,Isha,Sales,61,19.0,52720.69,8.69,2025-07-03
E008224,Tara,Sales,54,32.0,90394.97,8.1,
E008225,Tara,Sales,53,20.0,38845.06,1.77,2025-07-04
E008226,Rohan,Sales,23,11.0,66860.62,6.4,2025-07-04
E008227,Tara,Operations,59,24.0,40223.18,2.13,2025-07-05
E008228,Rohan,Engineering,61,23.0,50017.09,2.35,2025-07-05
E008229,Diya,Sales,47,1.0,43889.71,8.02,2025-07-05
E008230,Tara,Sales,37,27.0,72086.44,3.06,2025-07-06
E008231,Aditya,Operations,25,21.0,116527.55,9.78,2025-07-06
E008232,Tara,Marketing,36,18.0,75240.88,9.37,2025-07-06
E008233,Rohan,Marketing,53,31.0,59099.48,9.98,2025-07-07
E008234,Isha,Sales,42,11.0,92173.05,8.02,2025-07-07
E008235,Kabir,Sales,29,8.0,52425.78,3.36,2025-07-07
E008236,Diya,HR,44,28.0,26856.49,9.25,2025-07-08
E008237,Isha,Engineering,40,0.0,39365.88,1.5,2025-07-08
E008238,Isha,Finance,48,25.0,93817.62,2.91,2025-07-08
E008239,Rohan,HR,21,32.0,80846.37,7.94,2025-07-09
E008240,Tara,Marketing,56,6.0,107254.77,5.51,2025-07-09
E008241,Nisha,Finance,53,6.0,81457.36,7.78,2025-07-09
E008242,Isha,Sales,38,25.0,72429.45,4.81,2025-07-10
E008243,Diya,Finance,58,17.0,61718.99,8.07,2025-07-10
E008244,Diya,Engineering,60,25.0,85159.57,2.67,2025-07-10
E008245,Nisha,Marketing,51,2.0,54408.88,1.48,2025-07-11
E008246,Tara,Sales,59,16.0,112244.8,9.0,2025-07-11
E008247,Aditya,Sales,39,23.0,34617.18,6.14,2025-07-11
E008248,Kabir,Sales,59,26.0,64220.35,6.26,2025-07-12
E008249,Aarav,HR,37,16.0,68926.89,7.94,2025-07-12
E008250,Aarav,HR,55,22.0,74216.64,3.97,2025-07-12
E008251,Aditya,Operations,22,6.0,51218.82,4.96,2025-07-13
E008252,Rohan,Finance,22,8.0,95015.5,2.86,2025-07-13
E008253,Tara,Engineering,42,23.0,59095.97,5.41,2025-07-13
E008254,Rohan,Marketing,50,26.0,43485.15,9.78,2025-07-14
E008255,Aarav,Sales,50,2.0,32616.56,8.15,2025-07-14
E008256,Aditya,Marketing,58,27.0,55755.47,4.69,2025-07-14
E008257,Kabir,Engineering,37,28.0,49416.53,2.58,2025-07-15
E008258,Diya,Engineering,38,8.0,74834.74,9.6,2025-07-15
E008259,Isha,HR,23,16.0,67064.71,9.76,
E008260,Nisha,Engineering,40,11.0,80145.77,6.67,2025-07-16
E008261,Diya,Finance,35,27.0,97684.25,4.2,2025-07-16
E008262,Rohan,Marketing,44,25.0,90581.31,5.19,2025-07-16
E008263,Aditya,HR,23,15.0,54355.32,9.89,2025-07-17
E008264,Rohan,Engineering,55,18.0,32981.3,9.93,2025-07-17
E008265,Kabir,Sales,39,28.0,71518.76,4.01,2025-07-17
E008266,Diya,Operations,46,7.0,81098.14,8.28,2025-07-18
E008267,Rohan,HR,61,2.0,75772.97,8.78,2025-07-18
E008268,Aditya,Operations,36,30.0,63663.81,4.63,2025-07-18
E008269,Aarav,Marketing,50,9.0,121918.8,8.22,2025-07-19
E008270,Rohan,Operations,59,30.0,81881.22,9.1,2025-07-19
E008271,Rohan,Sales,24,22.0,98271.69,8.13,2025-07-19
E008272,Tara,HR,23,,27844.64,1.35,2025-07-20
E008273,Kabir,Sales,42,3.0,79196.68,7.81,2025-07-20
E008274,Tara,Finance,58,34.0,81860.21,2.01,2025-07-20
E008275,Aarav,HR,41,15.0,89053.48,9.6,2025-07-21
E008276,Kabir,Engineering,53,22.0,78365.53,7.72,2025-07-21
E008277,Kabir,HR,60,23.0,69523.46,3.65,2025-07-21
E008278,Kabir,Finance,25,14.0,60678.9,2.09,2025-07-22
E008279,Kabir,Marketing,27,25.0,101509.37,4.38,2025-07-22
E008280,Rohan,Operations,60,5.0,89559.52,1.91,2025-07-22
E008281,Aditya,Sales,57,32.0,91420.55,9.85,2025-07-23
E008282,Aditya,Engineering,39,33.0,40883.03,8.2,2025-07-23
E008283,Aditya,HR,32,0.0,87114.38,4.52,2025-07-23
E008284,Aarav,HR,22,18.0,92752.04,6.59,2025-07-24
E008285,Isha,HR,31,16.0,88053.37,6.4,2025-07-24
E008286,Aditya,Sales,22,28.0,70045.14,7.9,2025-07-24
E008287,Nisha,Engineering,44,28.0,74618.68,7.52,2025-07-25
E008288,Aditya,Engineering,26,15.0,45358.28,8.18,2025-07-25
E008289,Nisha,Marketing,52,24.0,100222.11,1.09,2025-07-25
E008290,,Engineering,28,2.0,115731.34,5.52,
E008291,Isha,Engineering,59,19.0,85725.74,8.47,2025-07-26
E008292,Nisha,Engineering,41,26.0,54798.91,3.4,2025-07-26
E008293,Diya,HR,56,28.0,59289.41,8.88,2025-07-27
E008294,Aditya,HR,26,5.0,48473.82,2.19,2025-07-27
E008295,Aarav,Operations,55,20.0,96060.95,7.73,2025-07-27
E008296,Aarav,Marketing,38,8.0,50915.74,5.89,2025-07-28
E008297,Tara,Sales,33,31.0,87647.47,5.34,2025-07-28
E008298,Kabir,HR,37,34.0,76528.35,5.85,2025-07-28
E008299,Kabir,Engineering,39,2.0,99936.73,4.97,2025-07-29
E008300,Aditya,Engineering,49,31.0,105963.61,6.51,2025-07-29
E008301,Rohan,Marketing,26,7.0,82559.97,1.2,2025-07-29
E008302,Tara,Marketing,37,,40948.3,7.36,2025-07-30
E008303,Nisha,Finance,35,16.0,87513.81,7.18,2025-07-30
E008304,Diya,Operations,25,1.0,32334.29,3.3,2025-07-30
E008305,Diya,Sales,44,15.0,63067.2,4.77,2025-07-31
E008306,Kabir,Marketing,24,4.0,102451.68,8.59,2025-07-31
E008307,Kabir,HR,43,26.0,78052.78,8.81,2025-07-31
E008308,Aarav,Operations,45,8.0,36865.69,4.14,2025-08-01
E008309,Aarav,Marketing,51,8.0,78063.48,6.44,2025-08-01
E008310,Kabir,HR,29,29.0,98656.13,4.88,2025-08-01
E008311,Isha,Operations,31,1.0,68252.39,8.1,2025-08-02
E008312,Rohan,Operations,24,32.0,107487.34,4.88,2025-08-02
E008313,Isha,Operations,22,30.0,77590.38,1.71,2025-08-02
E008314,Aditya,Marketing,56,19.0,81539.85,1.07,2025-08-03
E008315,Kabir,Engineering,48,14.0,96802.48,2.08,2025-08-03
E008316,Rohan,Sales,23,20.0,48564.03,6.78,2025-08-03
E008317,Kabir,Marketing,57,24.0,67885.18,7.59,2025-08-04
E008318,Nisha,HR,24,4.0,90918.08,4.4,2025-08-04
E008319,Aarav,Sales,26,19.0,29158.96,9.26,
E008320,Aditya,Finance,43,3.0,95392.27,8.73,2025-08-05
E008321,Isha,Operations,38,30.0,87210.46,8.57,2025-08-05
E008322,Aarav,Marketing,60,3.0,80983.94,4.38,2025-08-05
E008323,Isha,Operations,42,11.0,103354.1,1.17,2025-08-06
E008324,Diya,Operations,46,,61825.16,5.94,2025-08-06
E008325,Rohan,Finance,25,27.0,42964.64,2.5,2025-08-06
E008326,Rohan,Finance,51,14.0,111816.71,4.78,2025-08-07
E008327,Nisha,Operations,46,0.0,41165.91,6.88,2025-08-07
E008328,Aditya,Engineering,40,7.0,99916.51,7.37,2025-08-07
E008329,Diya,Finance,48,22.0,72995.24,1.12,2025-08-08
E008330,Isha,Marketing,58,26.0,89617.55,7.45,2025-08-08
E008331,Aditya,Operations,38,27.0,40785.19,2.77,2025-08-08
E008332,Diya,Engineering,30,23.0,52842.06,3.69,2025-08-09
E008333,Isha,HR,42,22.0,87915.32,4.56,2025-08-09
E008334,Diya,Operations,31,33.0,82098.44,4.62,2025-08-09
E008335,Rohan,Engineering,55,28.0,50151.57,8.63,2025-08-10
E008336,Rohan,Operations,29,27.0,69597.54,7.74,2025-08-10
E008337,Isha,Marketing,39,17.0,40218.93,6.25,2025-08-10
E008338,Nisha,Operations,34,27.0,49908.97,7.61,2025-08-11
E008339,Aditya,Marketing,24,7.0,53414.94,5.06,2025-08-11
E008340,Tara,Engineering,24,22.0,31402.27,1.46,2025-08-11
E008341,Isha,HR,53,7.0,66750.07,8.35,2025-08-12
E008342,Diya,Operations,44,1.0,59634.78,3.98,2025-08-12
E008343,Isha,Operations,34,,102376.89,7.52,2025-08-12
E008344,Aditya,HR,57,24.0,40316.8,5.29,2025-08-13
E008345,Nisha,Marketing,35,18.0,73589.1,4.12,2025-08-13
E008346,,Marketing,44,25.0,73445.68,7.22,2025-08-13
E008347,Aditya,Operations,21,21.0,32683.59,3.97,2025-08-14
E008348,Nisha,HR,51,0.0,-1685.44,5.6,2025-08-14
E008349,Tara,HR,43,3.0,51689.35,7.24,2025-08-14
E008350,,Finance,45,28.0,105769.76,5.89,2025-08-15
E008351,Tara,Sales,57,29.0,84954.83,2.93,2025-08-15
E008352,Isha,Sales,31,5.0,61815.08,8.81,2025-08-15
E008353,Rohan,Finance,35,3.0,57099.3,8.83,2025-08-16
E008354,Nisha,Operations,59,23.0,81793.71,7.45,2025-08-16
E008355,Kabir,HR,55,27.0,67819.99,8.37,2025-08-16
E008356,Isha,Marketing,42,12.0,107486.36,5.64,2025-08-17
E008357,Tara,Marketing,34,22.0,71442.16,4.51,2025-08-17
E008358,Aditya,Finance,50,34.0,74314.85,5.34,2025-08-17
E008359,Kabir,Marketing,40,24.0,59891.55,6.29,2025-08-18
E008360,Nisha,Sales,49,25.0,41643.93,4.75,2025-08-18
E008361,Aarav,Engineering,58,23.0,90334.64,3.22,2025-08-18
E008362,Aditya,HR,36,27.0,67313.24,1.15,2025-08-19
E008363,Aarav,Sales,56,17.0,82815.26,2.77,2025-08-19
E008364,Aditya,HR,53,10.0,65390.99,2.25,2025-08-19
E008365,Diya,Operations,43,29.0,44919.03,7.92,2025-08-20
E008366,Kabir,Engineering,53,14.0,70322.68,6.68,2025-08-20
E008367,Aarav,HR,61,33.0,75392.91,8.3,2025-08-20
E008368,Nisha,Finance,45,19.0,38533.87,3.44,2025-08-21
E008369,Nisha,Marketing,47,18.0,72891.58,3.82,2025-08-21
E008370,Tara,Finance,23,15.0,49467.44,6.68,2025-08-21
E008371,Kabir,Engineering,32,,7032.6,5.0,2025-08-22
E008372,Nisha,Finance,56,32.0,71372.68,1.07,2025-08-22
E008373,Nisha,Finance,48,8.0,66782.67,7.49,2025-08-22
E008374,Tara,HR,49,22.0,63473.75,7.81,2025-08-23
E008375,Aditya,Marketing,41,7.0,67466.8,4.52,2025-08-23
E008376,Aarav,Sales,37,26.0,-10000.0,5.33,2025-08-23
E008377,Isha,Engineering,34,13.0,115524.76,7.19,2025-08-24
E008378,Rohan,Finance,24,25.0,55656.82,1.92,2025-08-24
E008379,Rohan,Operations,27,9.0,27362.59,3.64,2025-08-24
E008380,Kabir,HR,50,33.0,64489.59,2.3,2025-08-25
E008381,Tara,Sales,37,30.0,41743.69,5.94,2025-08-25
E008382,Tara,Finance,25,3.0,65143.85,7.03,2025-08-25
E008383,Aarav,Engineering,56,20.0,25741.34,2.51,2025-08-26
E008384,Rohan,Sales,52,11.0,104674.36,1.25,2025-08-26
E008385,Tara,Finance,50,22.0,52943.07,5.64,2025-08-26
E008386,Diya,HR,49,4.0,65829.01,8.79,2025-08-27
E008387,Aarav,Marketing,38,2.0,46355.42,2.18,2025-08-27
E008388,,Marketing,31,7.0,37941.12,7.79,2025-08-27
E008389,Kabir,Finance,29,18.0,82194.51,8.68,2025-08-28
E008390,Aarav,Finance,22,11.0,33206.17,7.71,2025-08-28
E008391,Aarav,Sales,44,9.0,89591.01,5.25,2025-08-28
E008392,Aarav,Engineering,48,6.0,103800.23,1.94,2025-08-29
E008393,Aditya,Finance,43,22.0,112035.82,7.51,2025-08-29
E008394,Diya,Marketing,49,33.0,65112.33,2.09,2025-08-29
E008395,Aarav,Sales,25,3.0,61649.27,1.73,2025-08-30
E008396,Tara,Marketing,48,9.0,49956.13,3.79,2025-08-30
E008397,Aarav,HR,45,11.0,78087.93,1.97,2025-08-30
E008398,Tara,Sales,53,17.0,43005.77,4.26,2025-08-31
E008399,Kabir,HR,28,3.0,107636.78,4.68,2025-08-31
E008400,Nisha,Finance,57,29.0,56004.71,3.2,2025-08-31
E008401,Tara,Sales,61,28.0,78477.64,3.38,2025-09-01
E008402,Aditya,Operations,28,4.0,81424.07,3.17,2025-09-01
E008403,Aditya,Operations,49,30.0,35871.07,7.27,2025-09-01
E008404,Aditya,Engineering,25,5.0,20749.45,2.46,
E008405,Aditya,Finance,47,21.0,92282.03,9.76,
E008406,Isha,Marketing,30,7.0,94962.06,1.79,2025-09-02
E008407,Diya,Engineering,59,27.0,124418.07,8.1,2025-09-03
E008408,Isha,Marketing,58,2.0,71703.52,7.23,2025-09-03
E008409,Isha,Engineering,52,16.0,37671.77,6.29,2025-09-03
E008410,Kabir,Operations,58,22.0,78618.69,1.92,2025-09-04
E008411,Rohan,Sales,39,2.0,92095.21,3.58,2025-09-04
E008412,Rohan,Operations,57,30.0,112442.51,5.9,2025-09-04
E008413,Kabir,Operations,43,0.0,85880.92,7.37,2025-09-05
E008414,Diya,Sales,55,23.0,48719.48,7.13,2025-09-05
E008415,Aarav,Marketing,31,16.0,39073.45,1.13,2025-09-05
E008416,Aditya,Sales,39,15.0,49613.5,5.5,2025-09-06
E008417,Isha,Marketing,35,2.0,67309.75,3.92,2025-09-06
E008418,Tara,Marketing,26,32.0,94674.75,5.73,2025-09-06
E008419,Tara,Sales,33,26.0,47538.76,4.49,2025-09-07
E008420,Rohan,Finance,21,23.0,33059.57,5.19,2025-09-07
E008421,Rohan,Sales,57,16.0,96907.56,7.33,2025-09-07
E008422,Isha,Sales,31,26.0,69230.12,8.13,2025-09-08
E008423,Aarav,Sales,31,10.0,64857.29,8.27,2025-09-08
E008424,Nisha,Sales,46,21.0,64887.46,2.57,2025-09-08
E008425,Tara,HR,25,6.0,65998.09,4.7,2025-09-09
E008426,Aarav,Finance,45,4.0,66912.69,1.81,2025-09-09
E008427,Tara,Marketing,47,7.0,65460.21,3.93,2025-09-09
E008428,Diya,Finance,50,13.0,84196.58,5.46,2025-09-10
E008429,Tara,HR,36,28.0,50719.24,4.87,2025-09-10
E008430,Diya,Marketing,25,15.0,54070.11,7.57,2025-09-10
E008431,Isha,Marketing,28,17.0,105226.62,6.38,2025-09-11
E008432,Rohan,HR,48,6.0,62437.07,8.85,2025-09-11
E008433,Nisha,HR,57,18.0,75727.42,3.2,2025-09-11
E008434,Diya,Finance,42,3.0,83708.06,8.24,2025-09-12
E008435,Isha,Marketing,32,21.0,62928.0,2.06,2025-09-12
E008436,Tara,Operations,55,11.0,61124.78,3.54,2025-09-12
E008437,Aarav,Sales,44,8.0,81102.66,3.58,2025-09-13
E008438,Rohan,Marketing,53,18.0,94491.65,8.81,2025-09-13
E008439,Aditya,Operations,59,14.0,85535.52,7.18,2025-09-13
E008440,Aarav,Operations,59,19.0,80686.77,7.04,2025-09-14
E008441,Rohan,HR,37,2.0,57747.1,2.33,2025-09-14
E008442,Nisha,Engineering,47,33.0,45768.86,5.93,2025-09-14
E008443,Diya,HR,43,23.0,50489.3,1.82,2025-09-15
E008444,Rohan,Operations,28,28.0,71971.02,6.75,
E008445,Diya,Finance,49,23.0,96190.27,5.85,2025-09-15
E008446,Tara,Finance,33,13.0,88107.19,6.27,2025-09-16
E008447,Aarav,HR,21,10.0,83070.04,4.07,2025-09-16
E008448,Kabir,Operations,58,24.0,67646.27,4.97,2025-09-16
E008449,Aditya,Operations,26,32.0,54850.67,1.25,2025-09-17
E008450,Diya,Operations,28,12.0,73910.67,7.85,2025-09-17
E008451,Diya,Engineering,31,20.0,118785.04,3.79,2025-09-17
E008452,Rohan,Sales,45,24.0,31007.88,5.86,2025-09-18
E008453,Rohan,Marketing,28,22.0,77819.59,8.99,2025-09-18
E008454,Diya,Marketing,60,28.0,80472.08,7.93,2025-09-18
E008455,Aditya,Operations,27,6.0,101350.38,6.78,2025-09-19
E008456,Tara,Marketing,22,12.0,66916.67,8.55,2025-09-19
E008457,Aarav,Marketing,26,13.0,34462.91,5.29,2025-09-19
E008458,Aarav,Operations,27,22.0,53702.1,8.98,2025-09-20
E008459,Diya,Operations,27,17.0,65561.68,9.16,2025-09-20
E008460,Aditya,HR,37,19.0,75894.71,3.25,2025-09-20
E008461,Aarav,Finance,46,27.0,98311.76,8.64,2025-09-21
E008462,Diya,Marketing,60,13.0,106203.79,5.92,2025-09-21
E008463,Tara,HR,52,,56536.62,9.95,2025-09-21
E008464,Rohan,Finance,28,30.0,62801.16,9.13,2025-09-22
E008465,Rohan,Marketing,33,14.0,45308.12,9.62,2025-09-22
E008466,Isha,HR,32,18.0,75675.69,1.57,2025-09-22
E008467,Aarav,Operations,21,20.0,63733.52,5.26,2025-09-23
E008468,Diya,Finance,33,20.0,57829.03,8.4,2025-09-23
E008469,Nisha,Marketing,21,12.0,74613.64,1.27,2025-09-23
E008470,Kabir,Marketing,49,13.0,102852.56,7.54,2025-09-24
E008471,Isha,Sales,55,26.0,29051.4,9.17,2025-09-24
E008472,Diya,Operations,29,6.0,64602.23,6.93,2025-09-24
E008473,Aditya,Sales,25,15.0,86347.5,4.04,2025-09-25
E008474,Aarav,HR,36,28.0,111135.86,6.91,2025-09-25
E008475,Diya,Finance,28,32.0,101528.8,4.4,2025-09-25
E008476,Nisha,Sales,57,17.0,121447.94,7.2,2025-09-26
E008477,Tara,Operations,40,13.0,92019.87,7.35,2025-09-26
E008478,Diya,HR,23,15.0,89991.26,6.66,2025-09-26
E008479,Kabir,Engineering,45,33.0,92322.56,9.02,2025-09-27
E008480,Aarav,Finance,27,19.0,44446.1,3.01,2025-09-27
E008481,Diya,Operations,43,23.0,42220.68,9.07,2025-09-27
E008482,Isha,Finance,30,29.0,42079.11,6.07,2025-09-28
E008483,Nisha,Finance,54,11.0,97581.65,6.35,2025-09-28
E008484,Rohan,Operations,24,18.0,80197.63,1.15,2025-09-28
E008485,Aarav,Sales,51,8.0,68048.05,1.56,2025-09-29
E008486,Isha,Engineering,44,4.0,73799.3,9.95,2025-09-29
E008487,Nisha,Engineering,33,22.0,96842.57,9.23,2025-09-29
E008488,Rohan,HR,44,34.0,58553.37,3.66,2025-09-30
E008489,Nisha,Operations,49,30.0,107849.93,9.87,2025-09-30
E008490,Diya,HR,28,2.0,50557.39,8.31,2025-09-30
E008491,Kabir,Sales,48,10.0,68474.18,5.67,2025-10-01
E008492,Isha,Engineering,51,11.0,63721.1,4.83,2025-10-01
E008493,Diya,HR,24,16.0,57620.24,5.36,2025-10-01
E008494,Isha,Engineering,60,29.0,66466.37,2.41,2025-10-02
E008495,Aarav,Marketing,28,28.0,56033.98,3.75,2025-10-02
E008496,Aarav,Marketing,22,2.0,89768.27,1.04,2025-10-02
E008497,Diya,Engineering,26,5.0,55348.56,9.3,2025-10-03
E008498,Nisha,Engineering,51,14.0,59735.97,3.16,2025-10-03
E008499,Aarav,Engineering,28,20.0,35079.47,9.7,2025-10-03
E008500,Kabir,Finance,48,,110407.07,3.27,2025-10-04
E008501,Nisha,Sales,47,20.0,30839.31,3.12,2025-10-04
E008502,Isha,Operations,30,14.0,53580.4,8.38,2025-10-04
E008503,Nisha,Engineering,40,14.0,102622.44,3.44,2025-10-05
E008504,Nisha,Marketing,22,10.0,65356.74,3.63,2025-10-05
E008505,Diya,Finance,42,30.0,83333.26,4.66,2025-10-05
E008506,Aarav,HR,48,3.0,50202.59,6.6,2025-10-06
E008507,Rohan,Sales,55,29.0,36500.64,4.14,
E008508,Isha,Operations,47,33.0,66545.56,4.15,2025-10-06
E008509,Aarav,Engineering,23,10.0,98745.12,9.71,2025-10-07
E008510,Aarav,Engineering,23,19.0,35488.23,5.7,2025-10-07
E008511,Nisha,Marketing,37,3.0,64696.5,3.46,2025-10-07
E008512,Aditya,Finance,40,2.0,54189.36,8.8,2025-10-08
E008513,Diya,HR,39,16.0,77470.45,5.95,2025-10-08
E008514,Isha,Engineering,59,25.0,69309.67,2.29,2025-10-08
E008515,Aditya,HR,35,24.0,68094.92,2.32,2025-10-09
E008516,Aarav,Sales,24,23.0,52309.1,6.02,2025-10-09
E008517,Isha,HR,59,34.0,99762.18,3.71,2025-10-09
E008518,Isha,HR,32,25.0,98031.62,4.78,2025-10-10
E008519,Aarav,Operations,50,22.0,53630.01,9.48,2025-10-10
E008520,Aditya,Operations,32,10.0,80877.28,3.5,2025-10-10
E008521,Tara,Operations,38,26.0,60606.89,5.78,2025-10-11
E008522,Aarav,Finance,22,15.0,71140.96,5.18,2025-10-11
E008523,Diya,Finance,54,5.0,85228.64,3.77,2025-10-11
E008524,Rohan,HR,31,26.0,70871.44,1.79,2025-10-12
E008525,Kabir,Operations,55,14.0,28547.16,3.28,2025-10-12
E008526,Aarav,Sales,48,18.0,86669.52,1.81,2025-10-12
E008527,Aarav,Marketing,28,0.0,82427.3,5.19,2025-10-13
E008528,Nisha,Operations,53,24.0,4827.54,2.77,2025-10-13
E008529,Aditya,Engineering,36,32.0,94023.49,5.54,2025-10-13
E008530,Kabir,Marketing,43,24.0,83034.69,8.48,2025-10-14
E008531,Nisha,Sales,51,20.0,75501.11,5.0,2025-10-14
E008532,Aarav,HR,130,21.0,55504.81,4.96,2025-10-14
E008533,Rohan,HR,36,9.0,58286.51,2.59,2025-10-15
E008534,Diya,Engineering,47,29.0,52245.57,3.57,2025-10-15
E008535,Rohan,Finance,36,26.0,46214.72,8.01,2025-10-15
E008536,Kabir,Operations,54,5.0,39836.27,3.36,2025-10-16
E008537,Kabir,Engineering,31,18.0,38733.2,1.37,2025-10-16
E008538,Diya,Finance,55,24.0,79726.67,9.76,2025-10-16
E008539,Nisha,HR,44,23.0,59098.26,8.65,2025-10-17
E008540,Kabir,Finance,26,33.0,78687.05,6.79,2025-10-17
E008541,Aditya,Marketing,24,13.0,73107.36,4.67,2025-10-17
E008542,Isha,Engineering,44,13.0,89172.47,9.37,2025-10-18
E008543,Aditya,Engineering,27,14.0,75220.45,7.55,2025-10-18
E008544,Diya,Operations,30,17.0,79543.44,1.47,2025-10-18
E008545,Tara,Marketing,23,29.0,63463.59,3.57,2025-10-19
E008546,Tara,Sales,60,26.0,47711.87,9.82,2025-10-19
E008547,Aditya,Operations,56,12.0,83670.42,4.33,
E008548,Kabir,Sales,49,12.0,49602.38,8.25,2025-10-20
E008549,Kabir,Engineering,35,17.0,97713.81,9.13,2025-10-20
E008550,Tara,HR,34,30.0,6844.86,7.87,2025-10-20
E008551,Rohan,HR,55,4.0,54125.28,1.18,2025-10-21
E008552,Aarav,Finance,43,32.0,45091.88,1.43,2025-10-21
E008553,Rohan,Sales,32,4.0,43753.56,8.55,2025-10-21
E008554,Aarav,Marketing,45,14.0,105109.72,4.22,2025-10-22
E008555,Nisha,Sales,47,30.0,90954.45,7.57,2025-10-22
E008556,Aditya,Engineering,42,25.0,96633.39,8.09,2025-10-22
E008557,Isha,Finance,57,34.0,93251.71,8.23,2025-10-23
E008558,Kabir,Operations,59,19.0,81153.2,2.4,2025-10-23
E008559,Diya,Sales,50,2.0,94639.68,9.6,
E008560,Kabir,Finance,60,7.0,41149.06,2.23,2025-10-24
E008561,Nisha,Sales,42,9.0,71815.22,4.72,2025-10-24
E008562,Diya,HR,46,33.0,81318.13,5.15,2025-10-24
E008563,Isha,Engineering,55,30.0,12913.56,9.92,2025-10-25
E008564,Kabir,Engineering,44,10.0,89913.12,2.37,2025-10-25
E008565,Diya,HR,55,12.0,64837.25,2.67,2025-10-25
E008566,Kabir,Sales,60,11.0,40540.16,1.41,2025-10-26
E008567,Diya,Sales,24,22.0,126681.76,2.45,2025-10-26
E008568,Aditya,HR,48,29.0,81181.22,8.45,2025-10-26
E008569,Aditya,Finance,31,3.0,66751.26,3.34,2025-10-27
,Nisha,Operations,44,29.0,85833.62,4.41,2025-10-27
E008571,Rohan,Marketing,42,0.0,68752.54,4.86,2025-10-27
E008572,Diya,HR,40,8.0,45010.64,5.65,2025-10-28
E008573,Isha,Sales,58,22.0,40396.27,5.83,2025-10-28
E008574,Rohan,HR,22,18.0,69170.71,6.51,2025-10-28
E008575,Rohan,Sales,54,23.0,97169.7,3.96,2025-10-29
E008576,Aditya,Marketing,27,31.0,72462.86,2.45,2025-10-29
E008577,Kabir,Finance,39,14.0,51986.59,8.82,2025-10-29
E008578,Nisha,HR,32,26.0,29998.1,7.22,2025-10-30
E008579,Nisha,Finance,39,,51476.1,1.07,2025-10-30
E008580,Nisha,Operations,61,20.0,84644.28,3.4,2025-10-30
E008581,Tara,Sales,60,25.0,104007.67,6.48,2025-10-31
E008582,Aditya,Engineering,29,8.0,62580.46,8.17,2025-10-31
E008583,Aarav,Operations,36,32.0,67405.61,6.51,2025-10-31
E008584,Aarav,Finance,35,4.0,68572.02,9.54,2025-11-01
E008585,Aditya,Marketing,57,24.0,60538.87,4.06,2025-11-01
E008586,Diya,Engineering,26,3.0,91424.72,8.72,2025-11-01
E008587,Aditya,HR,26,6.0,41012.03,1.28,2025-11-02
E008588,Tara,Operations,24,16.0,92363.97,7.13,2025-11-02
,Kabir,Operations,27,14.0,78732.41,4.32,2025-11-02
E008590,Kabir,Engineering,27,18.0,78063.9,1.63,2025-11-03
E008591,Aarav,Marketing,52,1.0,72506.59,2.77,2025-11-03
E008592,Isha,HR,30,18.0,88851.34,6.64,2025-11-03
E008593,Isha,HR,61,16.0,63245.03,9.26,2025-11-04
E008594,Isha,Sales,44,8.0,69778.58,8.95,2025-11-04
E008595,Aditya,Marketing,56,18.0,81422.43,7.39,2025-11-04
E008596,Aarav,Operations,24,16.0,79588.52,3.49,2025-11-05
E008597,Diya,HR,49,0.0,76862.56,7.39,2025-11-05
E008598,Tara,Engineering,24,28.0,43624.46,8.05,2025-11-05
E008599,Aditya,Operations,44,34.0,91111.72,7.65,2025-11-06
E008600,Kabir,Sales,46,13.0,61460.05,8.11,2025-11-06
E008601,Aarav,Operations,30,19.0,70559.44,4.98,2025-11-06
E008602,Rohan,Operations,44,21.0,105686.05,2.04,2025-11-07
E008603,,Sales,52,26.0,70533.1,2.32,2025-11-07
E008604,Rohan,Sales,38,15.0,123378.2,8.68,2025-11-07
E008605,Rohan,Sales,30,5.0,78569.84,6.46,2025-11-08
E008606,Tara,Finance,58,23.0,85135.01,4.51,2025-11-08
E008607,Aarav,Finance,23,24.0,101786.26,6.99,2025-11-08
E008608,Aditya,Operations,61,13.0,46316.7,2.74,2025-11-09
E008609,Tara,Sales,40,25.0,65607.3,2.39,2025-11-09
E008610,Tara,Sales,34,31.0,44164.6,6.24,2025-11-09
E008611,Rohan,Operations,23,15.0,108964.71,9.7,2025-11-10
E008612,Diya,Sales,38,2.0,54069.63,8.27,2025-11-10
E008613,Diya,Finance,59,15.0,92545.31,4.35,2025-11-10
E008614,Aditya,HR,35,4.0,91332.99,1.67,2025-11-11
E008615,Tara,Operations,57,4.0,30275.52,3.27,2025-11-11
E008616,Nisha,Finance,59,15.0,74776.06,8.45,2025-11-11
E008617,Aditya,Finance,33,28.0,82846.26,3.99,2025-11-12
E008618,Kabir,Sales,36,8.0,69190.38,2.2,2025-11-12
E008619,Aditya,Finance,34,10.0,21594.96,3.6,2025-11-12
E008620,Tara,Operations,39,2.0,68129.12,4.28,2025-11-13
E008621,Rohan,Finance,61,23.0,88572.18,2.23,2025-11-13
E008622,Nisha,HR,60,34.0,67722.26,3.35,2025-11-13
E008623,Isha,Engineering,46,23.0,67207.83,5.6,2025-11-14
E008624,Isha,Sales,51,24.0,116645.21,5.57,2025-11-14
E008625,Isha,HR,60,7.0,87443.96,6.77,2025-11-14
E008626,Kabir,Sales,27,11.0,71997.12,7.55,2025-11-15
E008627,Kabir,Finance,49,2.0,37666.84,7.36,2025-11-15
E008628,Rohan,Marketing,57,32.0,71304.24,2.46,2025-11-15
E008629,Aarav,Engineering,48,9.0,50693.47,5.06,
E008630,Tara,Engineering,44,1.0,70637.25,9.34,2025-11-16
E008631,Nisha,Engineering,58,1.0,66910.01,1.07,2025-11-16
E008632,Aarav,HR,40,7.0,97524.64,4.44,2025-11-17
E008633,Isha,Marketing,50,0.0,72467.66,9.89,2025-11-17
E008634,Aditya,Sales,61,29.0,99772.91,4.77,2025-11-17
E008635,Nisha,Marketing,41,24.0,70732.32,5.69,2025-11-18
E008636,Tara,Engineering,55,28.0,78833.07,2.36,2025-11-18
E008637,Nisha,Engineering,51,4.0,86184.2,6.8,2025-11-18
E008638,Isha,Operations,36,4.0,75188.39,8.46,2025-11-19
E008639,Tara,Operations,54,34.0,80400.43,3.97,
E008640,Rohan,Operations,36,22.0,75581.77,6.76,2025-11-19
E008641,Aditya,Marketing,25,10.0,52219.9,3.9,2025-11-20
E008642,Kabir,Engineering,34,0.0,114630.79,9.61,2025-11-20
E008643,Kabir,Sales,31,4.0,88846.03,9.86,2025-11-20
E008644,Aditya,Sales,43,4.0,60014.02,2.49,2025-11-21
E008645,Aditya,Engineering,61,28.0,85355.52,7.34,2025-11-21
E008646,Kabir,Sales,27,16.0,65676.5,5.63,2025-11-21
E008647,Isha,Finance,34,2.0,34134.91,3.25,2025-11-22
E008648,Nisha,Sales,38,5.0,57026.78,4.02,2025-11-22
E008649,Aarav,Marketing,26,8.0,56045.92,3.54,2025-11-22
E008650,Rohan,Marketing,21,7.0,64242.55,5.05,2025-11-23
E008651,Aditya,Operations,34,15.0,21565.08,5.91,2025-11-23
E008652,Diya,Engineering,59,14.0,64684.62,7.29,2025-11-23
,Rohan,Finance,39,21.0,33141.24,4.39,2025-11-24
E008654,Kabir,Finance,25,4.0,60178.83,6.23,2025-11-24
E008655,Rohan,HR,22,32.0,89203.97,9.45,2025-11-24
E008656,Nisha,Engineering,44,5.0,111151.33,7.03,2025-11-25
E008657,Nisha,Engineering,43,17.0,65244.72,9.58,2025-11-25
E008658,Tara,HR,33,23.0,65144.95,9.06,2025-11-25
E008659,Diya,Marketing,29,5.0,76733.12,9.84,2025-11-26
E008660,Aditya,Engineering,28,17.0,123002.43,1.21,2025-11-26
E008661,Kabir,Engineering,31,29.0,101804.62,2.45,2025-11-26
E008662,Diya,HR,21,13.0,37104.54,7.66,2025-11-27
,Tara,Finance,58,24.0,56780.05,3.96,2025-11-27
E008664,Isha,HR,37,24.0,76093.39,6.71,2025-11-27
E008665,Tara,Operations,40,3.0,68349.32,7.69,2025-11-28
E008666,Kabir,Finance,36,7.0,25522.24,2.99,2025-11-28
E008667,Aarav,Sales,53,2.0,91065.21,3.27,2025-11-28
E008668,Aditya,HR,28,14.0,85809.99,7.09,2025-11-29
E008669,Aditya,Operations,56,7.0,82683.82,5.54,2025-11-29
E008670,Rohan,engineering,29,16.0,71779.41,7.12,2025-11-29
E008671,Nisha,Engineering,42,6.0,17464.5,4.15,2025-11-30
E008672,Diya,Operations,21,6.0,29720.47,9.95,2025-11-30
E008673,Diya,HR,28,21.0,39318.17,1.71,2025-11-30
E008674,Tara,Operations,22,5.0,67927.41,4.2,2025-12-01
E008675,Aditya,Operations,32,24.0,32314.86,5.54,2025-12-01
E008676,Isha,Finance,45,20.0,79191.22,9.8,2025-12-01
E008677,Aarav,Finance,55,18.0,59921.35,1.49,2025-12-02
E008678,Diya,Sales,49,24.0,70754.12,5.31,2025-12-02
E008679,Nisha,Marketing,37,1.0,102909.28,7.63,2025-12-02
E008680,Tara,Operations,36,17.0,39680.39,1.23,2025-12-03
E008681,Nisha,Finance,32,32.0,74468.61,5.3,2025-12-03
E008682,Diya,Engineering,33,12.0,107694.0,5.15,2025-12-03
E008683,Isha,Sales,33,21.0,62259.14,8.15,2025-12-04
E008684,Rohan,HR,24,5.0,34737.16,9.89,2025-12-04
E008685,Tara,Operations,55,14.0,64321.38,3.65,2025-12-04
E008686,Rohan,Engineering,51,23.0,93848.04,1.24,2025-12-05
E008687,Nisha,Sales,22,16.0,54591.14,1.24,2025-12-05
E008688,Nisha,Marketing,36,3.0,87298.19,9.38,2025-12-05
E008689,Aarav,Sales,24,20.0,25041.48,4.1,2025-12-06
E008690,Rohan,Sales,21,30.0,36483.96,2.45,2025-12-06
E008691,Tara,Finance,32,1.0,77653.66,7.67,2025-12-06
E008692,Rohan,Operations,56,25.0,62968.8,7.73,2025-12-07
E008693,Aditya,Sales,44,32.0,100564.88,2.38,2025-12-07
E008694,Rohan,Sales,42,18.0,95806.83,1.12,2025-12-07
E008695,Nisha,Operations,44,33.0,35376.88,7.92,2025-12-08
E008696,Aditya,Marketing,60,10.0,51177.15,3.76,2025-12-08
E008697,Isha,Sales,49,11.0,96890.76,1.12,2025-12-08
E008698,Nisha,Sales,25,7.0,47265.68,6.15,2025-12-09
E008699,Aarav,Marketing,43,22.0,57959.66,2.87,2025-12-09
,Aditya,Sales,37,12.0,44412.64,1.49,2025-12-09
E008701,Nisha,Sales,53,6.0,38099.51,6.74,2025-12-10
E008702,Rohan,Sales,27,17.0,56279.16,1.84,2025-12-10
E008703,Isha,Sales,51,3.0,63746.95,1.17,2025-12-10
E008704,Aarav,Engineering,29,20.0,90301.65,2.82,2025-12-11
E008705,Aditya,Marketing,34,32.0,83808.61,6.94,2025-12-11
E008706,Isha,Marketing,39,14.0,63832.01,2.11,2025-12-11
E008707,Aarav,Sales,36,29.0,100260.86,8.29,2025-12-12
E008708,Tara,Operations,54,18.0,77040.38,8.74,2025-12-12
E008709,Nisha,Engineering,33,18.0,51266.37,3.88,2025-12-12
E008710,Kabir,Sales,29,31.0,54815.29,9.66,2025-12-13
,Aarav,Engineering,56,23.0,46580.24,3.3,2025-12-13
E008712,Isha,Operations,58,2.0,33554.37,4.05,2025-12-13
E008713,Isha,Engineering,41,22.0,86298.98,9.68,
E008714,Kabir,HR,51,33.0,19121.2,7.9,2025-12-14
E008715,Isha,Finance,48,18.0,114274.79,5.34,2025-12-14
E008716,Isha,Operations,40,12.0,91093.71,2.95,2025-12-15
E008717,Rohan,Finance,51,,104639.31,7.74,2025-12-15
E008718,Tara,Finance,40,10.0,18362.83,2.26,2025-12-15
E008719,Kabir,Operations,30,5.0,67589.27,2.79,2025-12-16
E008720,Tara,HR,40,14.0,77417.76,5.83,2025-12-16
E008721,Nisha,Marketing,53,17.0,82070.14,9.34,2025-12-16
E008722,Rohan,Sales,39,34.0,50531.79,7.2,2025-12-17
E008723,Diya,Marketing,49,16.0,78348.72,6.44,2025-12-17
E008724,Nisha,Engineering,49,32.0,49439.22,1.95,2025-12-17
E008725,Isha,Engineering,21,8.0,59693.11,8.9,2025-12-18
E008726,Diya,Sales,24,28.0,83577.29,3.26,2025-12-18
E008727,Aditya,Operations,59,23.0,66940.77,6.87,2025-12-18
E008728,Nisha,Engineering,37,0.0,87511.79,6.37,2025-12-19
,Rohan,HR,30,19.0,32388.55,9.49,2025-12-19
E008730,Aarav,Finance,41,16.0,69063.31,3.05,2025-12-19
E008731,Kabir,Marketing,57,25.0,59320.87,8.05,
E008732,Diya,Finance,39,15.0,82296.86,3.63,2025-12-20
E008733,Nisha,HR,54,6.0,100534.57,2.27,2025-12-20
E008734,Kabir,HR,40,16.0,120331.84,7.96,2025-12-21
E008735,Nisha,Engineering,47,3.0,82407.43,2.06,2025-12-21
E008736,Rohan,Finance,38,31.0,104405.89,5.18,2025-12-21
E008737,Isha,Operations,30,22.0,86086.17,5.21,2025-12-22
E008738,Diya,HR,61,24.0,55605.81,6.95,2025-12-22
E008739,Rohan,Engineering,50,19.0,64057.07,2.84,2025-12-22
E008740,Diya,Sales,35,6.0,91047.64,8.77,2025-12-23
E008741,Aditya,Sales,48,0.0,89600.21,2.99,2025-12-23
E008742,Aditya,Sales,52,6.0,83837.46,4.07,2025-12-23
,,Engineering,42,6.0,80806.97,4.84,2025-12-24
E008744,Tara,Operations,48,8.0,85614.94,9.25,2025-12-24
E008745,Aarav,Finance,37,30.0,77438.4,6.78,2025-12-24
E008746,,Operations,59,8.0,24789.97,4.75,2025-12-25
E008747,Rohan,HR,25,4.0,88751.62,3.78,2025-12-25
E008748,Diya,Operations,54,4.0,36198.53,6.27,2025-12-25
E008749,Kabir,Engineering,33,22.0,93113.42,5.72,2025-12-26
E008750,Diya,Marketing,48,1.0,47922.08,4.46,2025-12-26
,Aditya,Operations,30,23.0,52136.97,6.66,2025-12-26
E008752,Kabir,Finance,50,20.0,48445.0,7.73,2025-12-27
,Nisha,Engineering,48,13.0,79058.83,2.78,2025-12-27
E008754,Isha,HR,28,14.0,47555.02,7.89,2025-12-27
E008755,Tara,HR,38,0.0,90661.33,5.69,2025-12-28
E008756,Isha,Marketing,49,0.0,7845.68,4.76,2025-12-28
E008757,Isha,Sales,38,21.0,55136.51,1.17,2025-12-28
E008758,Isha,HR,50,18.0,88262.63,9.2,2025-12-29
E008759,Isha,Finance,28,18.0,67050.64,3.21,2025-12-29
E008760,Rohan,Finance,48,29.0,96424.45,8.27,2025-12-29
E008761,Diya,Finance,32,16.0,71253.4,6.18,2025-12-30
E008762,Aarav,Sales,31,11.0,107299.65,7.17,2025-12-30
E008763,Aditya,Marketing,27,12.0,91673.82,5.96,2025-12-30
E008764,Kabir,HR,40,30.0,54134.44,5.09,2025-12-31
E008765,Diya,HR,23,,85909.05,1.06,2025-12-31
E008766,Tara,Marketing,27,13.0,16090.87,4.27,2025-12-31
E008767,Kabir,HR,57,29.0,47014.33,7.11,2026-01-01
E008768,Nisha,HR,53,22.0,81547.05,7.36,2026-01-01
E008769,Rohan,Sales,60,15.0,82046.59,5.72,2026-01-01
E008770,Kabir,Finance,59,10.0,55411.09,3.22,2026-01-02
E008771,Aarav,Sales,45,21.0,64235.04,9.41,2026-01-02
E008772,Aditya,Operations,30,14.0,80053.84,7.99,2026-01-02
E008773,Aditya,Engineering,30,8.0,60859.96,4.04,2026-01-03
E008774,Aditya,Operations,38,8.0,43008.21,9.27,2026-01-03
E008775,Kabir,HR,44,20.0,86364.58,2.29,
E008776,Rohan,Finance,22,9.0,55713.4,2.27,2026-01-04
E008777,Tara,Finance,48,4.0,93207.54,6.34,
E008778,Aditya,Operations,22,12.0,92015.48,8.42,2026-01-04
E008779,Nisha,Operations,26,17.0,96006.07,6.16,2026-01-05
E008780,Aditya,Finance,57,25.0,58824.49,4.42,2026-01-05
E008781,Tara,Sales,32,33.0,41707.89,1.76,2026-01-05
E008782,Isha,Sales,32,30.0,72752.07,1.82,2026-01-06
E008783,Diya,Marketing,34,3.0,71094.83,3.94,2026-01-06
E008784,Kabir,Engineering,35,3.0,64990.31,4.99,2026-01-06
E008785,Kabir,HR,47,15.0,61729.03,7.22,2026-01-07
E008786,Nisha,HR,41,2.0,75124.09,2.3,2026-01-07
E008787,Isha,Finance,25,16.0,70334.06,4.83,2026-01-07
E008788,Aditya,Operations,59,31.0,74923.47,4.4,2026-01-08
E008789,Kabir,Operations,61,21.0,50870.64,5.09,2026-01-08
E008790,Diya,Engineering,53,22.0,31977.37,1.13,2026-01-08
E008791,Diya,Engineering,24,6.0,82091.11,5.75,2026-01-09
E008792,Aditya,Operations,53,14.0,83601.06,4.79,2026-01-09
,Aarav,Finance,61,28.0,79478.19,2.54,2026-01-09
E008794,Aarav,Sales,21,3.0,82138.37,8.61,2026-01-10
E008795,Tara,Engineering,22,12.0,112875.07,1.98,2026-01-10
E008796,Aditya,Finance,37,31.0,78065.46,1.03,2026-01-10
E008797,Rohan,HR,33,21.0,71631.19,8.98,2026-01-11
E008798,Diya,Operations,25,6.0,49977.97,7.15,2026-01-11
E008799,Tara,HR,37,26.0,-10000.0,1.29,2026-01-11
E008800,,Finance,35,21.0,71525.08,3.36,2026-01-12
E008801,Aarav,Engineering,58,13.0,42857.13,5.13,2026-01-12
E008802,Nisha,Finance,21,5.0,66606.85,4.61,2026-01-12
E008803,Aditya,Operations,30,23.0,93576.52,4.26,2026-01-13
E008804,Rohan,Engineering,30,32.0,41966.08,3.33,2026-01-13
E008805,Rohan,Marketing,25,12.0,66702.49,8.74,2026-01-13
E008806,Aarav,Sales,60,12.0,78231.71,5.69,2026-01-14
E008807,Aditya,Finance,47,31.0,55572.96,6.82,2026-01-14
E008808,Aarav,Marketing,40,,78193.05,5.87,2026-01-14
E008809,Isha,Finance,45,0.0,79977.8,8.14,2026-01-15
E008810,Isha,Operations,52,15.0,107118.48,8.66,2026-01-15
E008811,Diya,Marketing,34,12.0,35492.46,9.63,2026-01-15
E008812,Kabir,Marketing,21,2.0,111166.12,5.01,2026-01-16
E008813,Rohan,Finance,41,24.0,96872.32,2.77,2026-01-16
E008814,Rohan,Marketing,52,19.0,151206.95,5.33,2026-01-16
E008815,Rohan,Engineering,28,31.0,76954.08,6.85,2026-01-17
E008816,Aditya,Sales,41,16.0,89091.55,7.41,2026-01-17
E008817,Tara,Marketing,48,34.0,58795.92,6.29,2026-01-17
E008818,Aditya,Sales,46,10.0,84914.09,1.42,2026-01-18
E008819,Rohan,Sales,29,5.0,80462.95,7.32,2026-01-18
E008820,Rohan,Sales,26,19.0,39683.61,6.32,2026-01-18
E008821,Rohan,Finance,26,14.0,45829.28,6.41,2026-01-19
E008822,Kabir,Operations,43,20.0,77933.77,3.65,2026-01-19
E008823,Diya,Operations,59,0.0,94173.6,9.24,2026-01-19
E008824,Kabir,Sales,50,16.0,86848.62,7.11,2026-01-20
E008825,Kabir,Engineering,49,25.0,85123.65,3.42,2026-01-20
E008826,Isha,Marketing,45,15.0,75871.5,5.98,2026-01-20
E008827,Kabir,Operations,41,20.0,113817.72,7.53,2026-01-21
E008828,Aarav,Sales,35,3.0,91906.33,8.22,2026-01-21
E008829,Aditya,Sales,30,,52916.42,1.06,2026-01-21
E008830,Nisha,Sales,48,16.0,79835.6,3.18,2026-01-22
,Kabir,Marketing,23,24.0,72947.13,3.72,2026-01-22
E008832,Nisha,Operations,60,17.0,35820.73,9.11,2026-01-22
E008833,Rohan,Finance,42,9.0,69825.75,2.18,2026-01-23
E008834,Diya,Operations,21,14.0,49358.11,7.74,2026-01-23
E008835,Aditya,Operations,31,8.0,35849.45,1.76,2026-01-23
E008836,Kabir,Finance,39,32.0,42433.89,9.7,2026-01-24
E008837,Aditya,Sales,42,1.0,71792.5,4.35,2026-01-24
E008838,Nisha,Sales,48,33.0,68858.11,9.21,2026-01-24
E008839,,HR,21,33.0,67538.96,9.66,2026-01-25
E008840,Tara,Engineering,23,22.0,74723.77,2.18,2026-01-25
E008841,Tara,HR,48,22.0,54837.91,7.62,2026-01-25
E008842,Aditya,HR,30,7.0,70154.24,1.51,2026-01-26
E008843,Kabir,Operations,54,20.0,57587.32,5.78,2026-01-26
E008844,Nisha,Finance,56,34.0,82919.77,5.53,2026-01-26
E008845,Aditya,Marketing,55,6.0,74435.17,5.56,2026-01-27
E008846,Aarav,HR,52,29.0,108613.11,7.04,2026-01-27
E008847,Tara,Engineering,32,11.0,81736.15,9.08,2026-01-27
E008848,Aditya,Finance,23,28.0,73934.99,5.81,2026-01-28
E008849,Tara,Finance,54,14.0,96276.41,1.2,2026-01-28
E008850,Diya,Engineering,30,33.0,60244.19,7.36,2026-01-28
E008851,Rohan,Sales,39,6.0,101925.74,2.84,2026-01-29
E008852,Aditya,Engineering,61,20.0,72821.72,2.5,2026-01-29
E008853,Diya,Operations,42,19.0,87600.37,8.68,2026-01-29
E008854,Nisha,Finance,42,1.0,39554.38,2.32,2026-01-30
E008855,Kabir,Operations,61,25.0,82909.51,4.12,2026-01-30
E008856,Tara,Sales,23,12.0,60163.73,5.64,2026-01-30
E008857,Nisha,Marketing,40,22.0,95350.24,9.13,2026-01-31
E008858,Kabir,HR,53,11.0,87879.86,7.66,2026-01-31
E008859,Aditya,Finance,57,21.0,65536.87,9.11,2026-01-31
E008860,Isha,Sales,46,5.0,93030.73,4.39,2026-02-01
E008861,Diya,HR,51,25.0,75756.76,5.66,2026-02-01
E008862,Rohan,Marketing,50,23.0,73760.66,8.08,2026-02-01
E008863,Isha,Marketing,61,28.0,77950.52,2.84,2026-02-02
E008864,Diya,Operations,23,15.0,90388.08,5.06,2026-02-02
E008865,Tara,HR,26,34.0,40434.49,3.74,2026-02-02
,Aarav,Finance,41,30.0,92528.06,9.73,2026-02-03
E008867,,HR,44,28.0,58647.13,2.02,2026-02-03
E008868,Tara,Finance,31,19.0,90344.0,2.55,2026-02-03
E008869,Aditya,Finance,41,31.0,41605.27,6.88,2026-02-04
E008870,Aarav,Finance,36,13.0,36935.17,7.34,2026-02-04
E008871,Isha,Marketing,43,30.0,121034.26,3.56,2026-02-04
E008872,Diya,Sales,44,24.0,103457.06,7.31,2026-02-05
E008873,Nisha,Marketing,48,19.0,104582.4,7.7,2026-02-05
E008874,Tara,Finance,44,20.0,76497.45,4.41,2026-02-05
E008875,Nisha,Engineering,48,31.0,59883.9,9.65,2026-02-06
E008876,Nisha,Sales,42,17.0,56398.03,3.56,2026-02-06
E008877,Kabir,Sales,44,33.0,66358.47,6.74,2026-02-06
E008878,Diya,Operations,59,5.0,47774.32,3.26,2026-02-07
E008879,Kabir,HR,37,3.0,51742.29,3.04,2026-02-07
E008880,Nisha,Sales,33,17.0,123904.07,4.36,2026-02-07
E008881,Aarav,Sales,49,28.0,85330.74,9.33,2026-02-08
E008882,Nisha,Operations,46,14.0,34392.16,3.43,2026-02-08
E008883,Kabir,HR,43,11.0,52716.35,8.36,2026-02-08
E008884,Isha,HR,41,21.0,73825.16,9.58,2026-02-09
E008885,Tara,Operations,50,28.0,83200.02,6.99,2026-02-09
E008886,Kabir,HR,49,25.0,29331.93,3.99,2026-02-09
E008887,Tara,HR,45,6.0,68036.82,1.85,2026-02-10
E008888,Isha,HR,26,11.0,47620.67,4.3,2026-02-10
E008889,Tara,Operations,31,18.0,64837.75,3.82,2026-02-10
E008890,Aarav,Finance,60,8.0,116914.95,2.82,2026-02-11
E008891,Kabir,Sales,23,33.0,80840.47,7.2,2026-02-11
E008892,Diya,Finance,39,5.0,92659.78,1.87,2026-02-11
E008893,Nisha,Marketing,54,22.0,45646.48,9.18,2026-02-12
,Kabir,HR,52,19.0,89799.75,8.25,2026-02-12
E008895,Diya,Operations,58,12.0,76167.15,6.37,2026-02-12
E008896,Aarav,Marketing,45,5.0,97483.77,8.62,2026-02-13
E008897,Aditya,Operations,29,24.0,12964.42,3.75,2026-02-13
E008898,Aditya,Sales,41,10.0,88012.45,6.93,2026-02-13
E008899,Rohan,HR,46,14.0,36328.2,2.48,2026-02-14
E008900,,Sales,40,24.0,-4552.07,8.16,2026-02-14
E008901,Diya,Marketing,28,5.0,81524.3,5.58,2026-02-14
E008902,Diya,Operations,51,19.0,48413.34,7.45,2026-02-15
E008903,Tara,Marketing,28,33.0,48900.39,8.91,2026-02-15
E008904,Rohan,Sales,40,8.0,95319.47,8.02,2026-02-15
E008905,Aditya,Marketing,24,2.0,97159.29,5.13,2026-02-16
E008906,Rohan,Engineering,61,18.0,67390.34,7.99,2026-02-16
E008907,Isha,HR,35,2.0,47844.14,1.5,2026-02-16
E008908,Nisha,Marketing,36,33.0,30598.32,9.32,2026-02-17
E008909,Isha,HR,27,30.0,53059.41,4.29,2026-02-17
E008910,Rohan,Engineering,36,2.0,77701.57,4.98,2026-02-17
E008911,Kabir,Operations,58,34.0,60291.86,1.28,2026-02-18
E008912,Aarav,HR,27,2.0,93688.43,7.03,2026-02-18
E008913,Tara,HR,50,8.0,89314.58,5.41,2026-02-18
E008914,Rohan,Finance,35,11.0,73455.45,9.49,2026-02-19
E008915,Aarav,Sales,60,,79208.55,6.15,2026-02-19
E008916,Aarav,Marketing,26,4.0,47378.25,6.09,2026-02-19
E008917,Kabir,Engineering,24,26.0,66218.82,6.45,2026-02-20
E008918,Aarav,HR,33,2.0,98557.49,2.01,2026-02-20
E008919,Tara,Engineering,54,23.0,87189.15,4.41,2026-02-20
E008920,Aarav,Finance,56,12.0,81178.27,4.03,2026-02-21
E008921,Rohan,Marketing,22,30.0,87943.31,8.53,2026-02-21
E008922,Rohan,Finance,32,33.0,67273.82,2.95,2026-02-21
E008923,Kabir,Sales,25,33.0,45625.32,2.42,2026-02-22
E008924,Nisha,Operations,43,7.0,71759.6,6.36,2026-02-22
E008925,Rohan,Marketing,32,14.0,62179.33,6.0,2026-02-22
E008926,Nisha,Operations,24,19.0,48393.99,4.57,2026-02-23
E008927,Kabir,Finance,43,12.0,119937.11,7.12,2026-02-23
E008928,Kabir,Finance,57,22.0,118726.76,3.1,2026-02-23
E008929,Aditya,Operations,59,4.0,111753.68,3.56,2026-02-24
E008930,,Finance,53,15.0,107118.39,9.41,2026-02-24
E008931,Tara,Engineering,49,21.0,120624.38,2.95,2026-02-24
E008932,Aarav,Sales,60,26.0,136277.89,1.81,2026-02-25
E008933,Aarav,Marketing,54,0.0,44168.67,5.96,2026-02-25
E008934,Nisha,Engineering,47,29.0,96007.36,4.22,2026-02-25
E008935,Diya,Engineering,28,34.0,67110.73,5.87,2026-02-26
E008936,Isha,Operations,34,17.0,54066.34,2.85,2026-02-26
E008937,Rohan,Operations,33,23.0,82841.9,9.92,2026-02-26
E008938,Rohan,Engineering,30,,21831.55,5.75,2026-02-27
E008939,Diya,Sales,60,1.0,106003.71,5.36,2026-02-27
E008940,Nisha,HR,34,22.0,58528.8,5.18,2026-02-27
E008941,Aarav,HR,58,3.0,68969.0,1.21,2026-02-28
,Diya,Operations,51,,82535.05,2.1,2026-02-28
E008943,Nisha,Finance,37,2.0,52951.52,8.57,2026-02-28
E008944,Aditya,Engineering,35,11.0,66029.58,5.27,2026-03-01
E008945,Diya,Operations,49,6.0,57098.97,5.73,2026-03-01
E008946,Nisha,HR,31,20.0,62407.64,8.94,2026-03-01
E008947,Kabir,Operations,38,,75631.28,9.38,2026-03-02
E008948,Rohan,Marketing,47,2.0,83404.51,1.56,2026-03-02
E008949,Aarav,Sales,41,6.0,121274.98,7.54,2026-03-02
E008950,Rohan,Marketing,55,27.0,26453.33,4.75,2026-03-03
E008951,Rohan,Finance,37,4.0,68341.02,1.46,2026-03-03
E008952,Isha,Engineering,49,34.0,70980.1,3.55,2026-03-03
E008953,,Finance,53,16.0,55327.41,5.62,2026-03-04
E008954,,Engineering,57,4.0,53800.41,4.6,2026-03-04
E008955,Rohan,Engineering,49,14.0,104789.31,2.02,2026-03-04
E008956,Rohan,Finance,47,10.0,45207.49,9.6,2026-03-05
E008957,Rohan,Operations,26,17.0,80459.29,7.25,2026-03-05
E008958,Isha,Engineering,28,22.0,81818.92,2.37,2026-03-05
E008959,Rohan,HR,21,14.0,65537.23,3.04,2026-03-06
E008960,Isha,Marketing,47,14.0,-3836.55,7.89,2026-03-06
,Rohan,HR,36,21.0,94268.86,7.6,2026-03-06
E008962,Nisha,Engineering,43,0.0,37417.71,5.78,2026-03-07
E008963,Tara,Engineering,52,6.0,50224.66,8.2,2026-03-07
E008964,Diya,Sales,23,25.0,77509.2,3.65,2026-03-07
E008965,Isha,Sales,48,18.0,101237.24,3.5,2026-03-08
E008966,Tara,HR,45,19.0,54309.28,4.56,2026-03-08
E008967,Isha,Sales,37,24.0,69781.43,6.59,2026-03-08
E008968,Aarav,Sales,27,5.0,51356.02,2.75,2026-03-09
E008969,Diya,HR,23,29.0,76902.55,2.7,2026-03-09
E008970,Diya,Engineering,30,22.0,77562.79,8.7,2026-03-09
E008971,Tara,Sales,22,26.0,34233.57,3.65,2026-03-10
E008972,Isha,Marketing,54,22.0,92902.35,1.55,2026-03-10
E008973,Diya,Operations,59,28.0,88304.74,2.99,2026-03-10
E008974,Isha,Sales,23,33.0,81329.89,2.48,2026-03-11
E008975,Isha,Finance,31,7.0,89753.9,7.52,2026-03-11
E008976,Rohan,Operations,21,4.0,73425.41,1.79,
E008977,Rohan,Engineering,42,33.0,75846.94,6.16,2026-03-12
E008978,Kabir,Marketing,47,15.0,20206.11,8.79,2026-03-12
E008979,Diya,Finance,25,5.0,65535.65,7.13,
E008980,Nisha,Finance,60,13.0,33786.17,6.9,2026-03-13
E008981,Isha,HR,46,30.0,93069.26,1.46,2026-03-13
E008982,Rohan,Operations,21,4.0,27269.25,5.44,
E008983,Aarav,Finance,47,1.0,47278.05,7.1,2026-03-14
E008984,Diya,Sales,29,3.0,76865.99,3.98,2026-03-14
E008985,Kabir,Sales,34,8.0,73931.75,2.82,2026-03-14
E008986,Aditya,Finance,42,,76839.28,9.29,2026-03-15
E008987,Nisha,Operations,21,20.0,62928.23,3.33,2026-03-15
E008988,,Engineering,61,4.0,48281.5,8.91,2026-03-15
E008989,Aarav,Engineering,46,27.0,49739.29,5.72,2026-03-16
E008990,Aditya,Engineering,41,12.0,71516.55,3.96,2026-03-16
E008991,Aditya,Operations,22,17.0,50492.66,2.54,2026-03-16
E008992,Tara,Operations,44,5.0,79739.06,7.39,2026-03-17
E008993,,Finance,35,,62424.28,9.07,2026-03-17
E008994,Aarav,Marketing,45,26.0,120502.1,8.55,2026-03-17
E008995,Kabir,Sales,34,31.0,88242.63,6.91,2026-03-18
E008996,Aditya,Marketing,25,3.0,92147.88,3.85,2026-03-18
E008997,Isha,HR,25,11.0,78381.5,7.38,2026-03-18
E008998,Isha,HR,58,29.0,66267.12,7.29,2026-03-19
E008999,Aditya,Marketing,44,24.0,88528.5,3.16,2026-03-19
E009000,Aditya,HR,47,21.0,69582.07,6.35,2026-03-19
E009001,Isha,Marketing,43,14.0,40523.03,5.64,2026-03-20
E009002,Isha,Operations,29,4.0,36778.4,2.16,2026-03-20
E009003,Rohan,Operations,24,6.0,32842.04,8.09,2026-03-20
E009004,Rohan,Sales,25,1.0,117878.66,5.65,
E009005,Aarav,Engineering,23,6.0,75006.91,6.85,2026-03-21
E009006,Rohan,Sales,48,12.0,78214.14,6.81,2026-03-21
E009007,Aarav,Engineering,27,12.0,58717.95,4.64,2026-03-22
E009008,Kabir,Engineering,58,5.0,82680.85,9.87,2026-03-22
E009009,Isha,Sales,58,9.0,57433.63,3.49,2026-03-22
E009010,Aditya,Engineering,38,22.0,83627.63,9.59,2026-03-23
E009011,Kabir,Sales,49,29.0,2917.07,3.04,2026-03-23
E009012,Rohan,Marketing,21,24.0,87508.9,1.27,2026-03-23
E009013,Isha,HR,59,2.0,76503.73,6.06,2026-03-24
E009014,Kabir,Marketing,53,16.0,43475.56,6.77,2026-03-24
E009015,Aarav,Sales,58,19.0,77826.96,1.1,2026-03-24
E009016,Rohan,Engineering,50,10.0,70217.67,8.84,2026-03-25
E009017,Diya,Sales,47,22.0,71553.35,1.19,2026-03-25
E009018,Isha,HR,33,10.0,93582.94,6.99,2026-03-25
E009019,Aditya,Sales,48,27.0,104232.52,2.12,2026-03-26
E009020,Nisha,Engineering,31,26.0,114783.18,6.07,2026-03-26
E009021,Aarav,Engineering,21,16.0,79030.06,1.39,2026-03-26
E009022,Rohan,Sales,44,2.0,80808.05,3.36,2026-03-27
E009023,Aditya,Sales,57,17.0,65788.72,6.61,2026-03-27
E009024,Nisha,Engineering,52,7.0,69170.04,4.28,2026-03-27
E009025,Kabir,Sales,51,7.0,44479.0,5.6,2026-03-28
E009026,Nisha,Operations,59,23.0,77913.03,8.92,2026-03-28
E009027,Diya,Sales,40,14.0,88399.33,5.28,2026-03-28
E009028,Aarav,Engineering,33,31.0,38614.35,4.46,2026-03-29
E009029,Isha,Finance,60,3.0,92933.21,3.91,2026-03-29
E009030,Diya,HR,49,,31148.49,7.3,2026-03-29
E009031,Aditya,Sales,40,9.0,61652.77,7.29,2026-03-30
E009032,Kabir,Sales,56,23.0,98175.47,4.77,2026-03-30
E009033,Kabir,HR,34,17.0,39098.95,1.87,2026-03-30
E009034,Aarav,HR,46,31.0,112996.72,8.21,2026-03-31
E009035,Diya,Operations,30,22.0,75279.66,8.44,2026-03-31
E009036,Aditya,Finance,60,13.0,115548.12,7.06,2026-03-31
E009037,Kabir,Marketing,58,34.0,75745.25,8.1,2026-04-01
E009038,Aditya,Sales,40,5.0,74578.44,3.05,2026-04-01
E009039,Diya,Finance,29,19.0,68178.86,4.47,2026-04-01
E009040,Nisha,Marketing,22,15.0,83336.03,1.13,2026-04-02
E009041,Nisha,Finance,60,25.0,59434.05,2.32,2026-04-02
E009042,Diya,Finance,39,24.0,68569.13,4.56,2026-04-02
E009043,Tara,Finance,48,3.0,91228.51,9.37,2026-04-03
E009044,Aarav,Finance,24,,43463.22,9.69,2026-04-03
E009045,Aditya,HR,46,17.0,87916.32,7.25,2026-04-03
E009046,Tara,Marketing,24,9.0,76335.04,4.79,2026-04-04
E009047,Kabir,HR,60,34.0,93441.22,4.02,2026-04-04
E009048,Rohan,Sales,51,22.0,89780.99,2.93,2026-04-04
E009049,Rohan,Operations,41,20.0,84470.61,5.18,2026-04-05
E009050,Rohan,Engineering,31,19.0,56318.81,4.48,2026-04-05
E009051,Aarav,Sales,21,23.0,84868.99,4.7,2026-04-05
,Rohan,Finance,50,16.0,69167.75,7.6,2026-04-06
E009053,Aarav,Finance,51,13.0,64830.39,5.18,2026-04-06
E009054,Kabir,Engineering,27,5.0,110131.2,8.33,2026-04-06
E009055,Aarav,Operations,38,27.0,79521.9,6.27,2026-04-07
E009056,Aditya,Sales,48,32.0,79976.6,3.6,2026-04-07
E009057,Isha,Sales,33,12.0,122424.8,1.86,2026-04-07
E009058,Rohan,HR,39,17.0,63007.18,6.83,2026-04-08
E009059,Isha,Engineering,44,23.0,92620.22,7.34,2026-04-08
E009060,Isha,Marketing,24,29.0,102502.28,2.16,2026-04-08
E009061,Tara,Engineering,57,9.0,8359.83,9.7,2026-04-09
E009062,Rohan,Sales,46,31.0,150567.52,2.1,2026-04-09
E009063,Rohan,HR,37,0.0,35237.92,5.02,2026-04-09
E009064,Rohan,Engineering,32,25.0,56829.36,1.51,2026-04-10
E009065,Kabir,Operations,47,26.0,77826.9,4.34,2026-04-10
E009066,Kabir,Finance,36,24.0,66393.7,6.1,2026-04-10
E009067,Aditya,Sales,34,24.0,60332.2,4.37,2026-04-11
E009068,Aarav,Operations,61,22.0,5388.5,9.59,2026-04-11
E009069,Diya,Finance,44,0.0,51186.35,9.57,2026-04-11
E009070,Rohan,Finance,50,19.0,59117.48,5.17,2026-04-12
E009071,Nisha,Sales,39,2.0,61387.49,4.88,2026-04-12
E009072,Aarav,Engineering,54,4.0,77938.49,8.97,2026-04-12
E009073,Aditya,Operations,24,15.0,95969.26,2.86,2026-04-13
E009074,Aarav,HR,25,30.0,87575.78,1.65,2026-04-13
E009075,Diya,Engineering,37,9.0,112319.5,1.71,2026-04-13
E009076,Aarav,Engineering,44,25.0,70136.5,5.43,2026-04-14
E009077,Nisha,HR,46,21.0,25383.99,3.34,2026-04-14
E009078,Aditya,Engineering,21,18.0,54336.6,8.33,
E009079,Isha,Operations,49,20.0,69651.7,6.91,2026-04-15
E009080,Aditya,HR,38,19.0,72715.51,4.23,2026-04-15
E009081,Aditya,HR,59,4.0,86117.98,3.62,2026-04-15
E009082,Rohan,Finance,45,15.0,30432.81,4.57,2026-04-16
E009083,Aarav,Engineering,26,31.0,39356.57,5.04,2026-04-16
E009084,Kabir,Operations,61,8.0,99239.87,2.91,2026-04-16
E009085,Rohan,Marketing,36,12.0,71386.81,9.12,2026-04-17
E009086,Rohan,Operations,51,19.0,55332.86,2.59,2026-04-17
E009087,Aditya,Sales,24,32.0,55098.02,4.81,2026-04-17
E009088,Aarav,Finance,51,19.0,56584.61,8.0,2026-04-18
E009089,Kabir,Sales,50,6.0,71368.0,7.95,2026-04-18
E009090,Isha,Marketing,54,9.0,108015.63,1.01,2026-04-18
E009091,Tara,Sales,24,12.0,91063.61,7.79,2026-04-19
E009092,Diya,HR,56,26.0,43290.4,5.83,2026-04-19
E009093,Aditya,Marketing,28,33.0,46321.45,1.93,2026-04-19
E009094,Kabir,HR,38,34.0,74364.8,8.4,2026-04-20
E009095,Rohan,Sales,43,26.0,84227.78,3.84,2026-04-20
E009096,Rohan,Operations,61,8.0,97781.0,5.72,2026-04-20
E009097,Tara,Engineering,38,34.0,104543.61,6.9,2026-04-21
E009098,Nisha,Finance,24,18.0,35602.91,6.91,2026-04-21
E009099,Aditya,HR,49,28.0,70398.76,2.46,2026-04-21
E009100,Kabir,Operations,43,34.0,50065.49,5.97,2026-04-22
E009101,Aarav,Finance,40,21.0,70001.66,6.71,2026-04-22
E009102,Kabir,HR,40,1.0,43486.98,4.46,2026-04-22
E009103,Nisha,Sales,28,15.0,35225.65,3.44,2026-04-23
E009104,Rohan,HR,43,31.0,25936.33,7.55,2026-04-23
E009105,Kabir,Marketing,41,29.0,86619.87,7.73,2026-04-23
E009106,Diya,Sales,57,3.0,65829.66,5.88,2026-04-24
E009107,Isha,Operations,21,12.0,84583.67,4.5,2026-04-24
E009108,Aditya,Engineering,60,15.0,76677.56,2.3,2026-04-24
E009109,Rohan,Sales,29,30.0,76616.99,3.54,2026-04-25
E009110,Rohan,Sales,26,32.0,44216.06,7.46,2026-04-25
E009111,Aditya,Marketing,51,15.0,77630.72,4.0,2026-04-25
E009112,Diya,Engineering,25,25.0,35142.74,1.89,2026-04-26
E009113,Nisha,Finance,25,29.0,71408.41,8.14,2026-04-26
E009114,Isha,Engineering,52,11.0,102597.68,4.39,2026-04-26
E009115,,HR,44,29.0,59515.85,3.39,2026-04-27
E009116,Kabir,HR,37,13.0,107722.99,9.64,2026-04-27
E009117,Aarav,HR,44,0.0,80065.99,6.84,2026-04-27
E009118,Aarav,Marketing,25,26.0,84497.54,7.14,2026-04-28
E009119,Nisha,Finance,24,33.0,28475.72,9.68,2026-04-28
E009120,Rohan,HR,47,16.0,98489.9,1.47,2026-04-28
E009121,Tara,Marketing,58,8.0,52825.98,3.57,2026-04-29
E009122,Aditya,HR,28,24.0,78011.42,4.38,2026-04-29
E009123,Nisha,HR,57,17.0,67346.22,4.76,2026-04-29
E009124,Tara,Engineering,25,7.0,55419.27,2.12,2026-04-30
E009125,Aditya,Engineering,36,3.0,85394.36,4.69,2026-04-30
E009126,Nisha,HR,34,7.0,46292.36,8.53,2026-04-30
E009127,Isha,HR,61,25.0,56843.16,1.54,2026-05-01
E009128,Tara,Finance,27,0.0,53414.4,4.53,2026-05-01
E009129,Aarav,Engineering,41,8.0,99170.99,5.47,2026-05-01
E009130,Aarav,Engineering,59,15.0,127545.35,2.14,2026-05-02
E009131,Tara,Sales,42,19.0,97204.21,8.36,2026-05-02
E009132,Nisha,HR,50,29.0,79081.86,9.94,2026-05-02
E009133,Tara,Engineering,23,9.0,94397.33,7.98,2026-05-03
E009134,Aditya,Finance,27,20.0,100832.48,7.82,2026-05-03
E009135,Aditya,Finance,40,28.0,61953.56,9.85,2026-05-03
E009136,Nisha,Finance,60,1.0,66300.88,6.75,
E009137,Isha,Operations,61,18.0,89500.66,5.36,2026-05-04
E009138,Aditya,Operations,37,7.0,51001.05,3.19,2026-05-04
E009139,Rohan,Finance,26,8.0,79011.7,7.88,2026-05-05
E009140,Nisha,Sales,27,25.0,71514.52,4.63,2026-05-05
E009141,Nisha,Finance,29,2.0,20689.51,8.54,2026-05-05
E009142,Kabir,HR,47,3.0,29562.62,9.24,2026-05-06
E009143,Diya,HR,31,5.0,80151.63,9.33,2026-05-06
E009144,Nisha,Engineering,24,3.0,63335.22,8.2,2026-05-06
E009145,Nisha,Marketing,43,7.0,52569.36,7.78,2026-05-07
E009146,Isha,Engineering,49,21.0,85854.91,7.47,2026-05-07
E009147,Rohan,Engineering,53,26.0,88557.58,6.75,2026-05-07
E009148,Isha,HR,46,2.0,117235.51,8.99,2026-05-08
E009149,,Sales,39,15.0,46713.34,4.06,2026-05-08
E009150,Aarav,Finance,36,1.0,64239.98,6.54,2026-05-08
E009151,Rohan,Finance,51,18.0,130753.09,8.59,2026-05-09
E009152,Tara,Sales,22,10.0,64842.93,5.86,2026-05-09
E009153,Rohan,Operations,56,22.0,81194.98,3.01,2026-05-09
E009154,,Finance,40,30.0,102177.67,1.86,2026-05-10
E009155,Diya,Operations,53,5.0,47080.22,1.02,2026-05-10
E009156,Tara,HR,57,7.0,78695.12,6.94,2026-05-10
E009157,Aditya,Sales,54,15.0,53043.49,6.92,2026-05-11
E009158,Aarav,Finance,39,9.0,98561.83,4.83,2026-05-11
E009159,Kabir,Engineering,60,4.0,83135.52,2.73,2026-05-11
E009160,Tara,Operations,60,30.0,54771.6,6.21,2026-05-12
E009161,Diya,Engineering,32,18.0,48733.8,7.85,2026-05-12
E009162,Isha,Marketing,32,9.0,44527.09,7.1,2026-05-12
E009163,Nisha,Finance,42,28.0,9377.44,4.81,2026-05-13
E009164,Tara,Sales,25,15.0,83379.0,2.44,2026-05-13
E009165,Tara,HR,41,,73038.17,1.96,2026-05-13
E009166,Kabir,Engineering,31,0.0,83019.43,6.91,2026-05-14
E009167,Nisha,Sales,25,25.0,90084.26,8.67,2026-05-14
E009168,Rohan,Engineering,51,10.0,107220.35,8.47,2026-05-14
E009169,Kabir,Operations,52,25.0,57401.48,8.86,2026-05-15
E009170,Aarav,Marketing,48,12.0,63316.56,4.09,2026-05-15
E009171,Tara,Finance,49,15.0,61525.82,2.49,2026-05-15
E009172,Nisha,Operations,27,10.0,89064.68,1.99,2026-05-16
E009173,Isha,Finance,25,30.0,58910.73,3.58,2026-05-16
E009174,Kabir,Sales,37,23.0,113024.77,5.53,2026-05-16
E009175,Tara,Sales,23,24.0,76200.56,3.22,2026-05-17
E009176,Isha,Finance,44,8.0,113338.38,8.21,2026-05-17
E009177,Kabir,Operations,27,25.0,80716.72,1.03,2026-05-17
E009178,Kabir,Sales,44,17.0,80540.09,1.23,2026-05-18
E009179,Tara,Operations,37,8.0,52048.23,2.19,2026-05-18
E009180,Diya,Operations,57,14.0,49699.26,3.53,2026-05-18
E009181,Diya,Engineering,58,7.0,80717.92,7.59,2026-05-19
E009182,Nisha,HR,38,10.0,61941.21,5.45,2026-05-19
E009183,Isha,Operations,41,30.0,102944.78,5.77,2026-05-19
E009184,Kabir,Marketing,32,0.0,109380.16,3.16,2026-05-20
E009185,Isha,Finance,46,22.0,43189.68,8.44,2026-05-20
E009186,Aarav,Operations,34,7.0,86221.51,9.73,2026-05-20
E009187,Rohan,Finance,45,32.0,80771.59,9.66,2026-05-21
E009188,Aditya,HR,48,18.0,83819.58,7.22,2026-05-21
E009189,Kabir,Marketing,52,3.0,50303.28,9.07,2026-05-21
E009190,Kabir,Finance,55,15.0,89551.44,6.98,2026-05-22
E009191,Tara,Sales,45,15.0,51899.08,1.25,2026-05-22
E009192,Tara,Operations,46,2.0,49330.13,4.95,2026-05-22
E009193,,HR,21,32.0,47466.71,3.83,2026-05-23
E009194,Kabir,Operations,43,27.0,97860.31,5.6,2026-05-23
E009195,Rohan,HR,25,23.0,98782.25,4.2,2026-05-23
E009196,Tara,Operations,59,23.0,15669.58,7.46,2026-05-24
E009197,Isha,Marketing,48,28.0,82088.89,1.26,2026-05-24
E009198,Nisha,Finance,30,33.0,71281.28,1.77,2026-05-24
E009199,Kabir,Operations,28,11.0,87386.33,3.55,2026-05-25
E009200,Diya,Finance,48,4.0,58735.43,8.01,2026-05-25
E009201,Diya,Sales,26,25.0,27587.78,4.83,2026-05-25
E009202,Aditya,HR,37,14.0,48724.4,5.91,2026-05-26
E009203,Kabir,Operations,54,29.0,88796.72,9.47,2026-05-26
E009204,Diya,Sales,54,2.0,84508.79,4.12,2026-05-26
E009205,Isha,Marketing,45,32.0,31925.64,9.42,2026-05-27
E009206,Isha,Sales,56,11.0,79633.41,6.34,2026-05-27
E009207,Aarav,Engineering,36,4.0,77366.47,7.59,2026-05-27
E009208,Aditya,Operations,37,12.0,81281.45,6.9,2026-05-28
E009209,Aditya,Marketing,31,15.0,40566.95,1.84,2026-05-28
E009210,Rohan,HR,43,5.0,76419.3,2.21,2026-05-28
E009211,Rohan,Operations,25,13.0,71246.55,5.43,2026-05-29
E009212,Aarav,Operations,37,6.0,67678.83,6.65,2026-05-29
E009213,Kabir,Operations,32,11.0,105351.78,4.21,2026-05-29
E009214,Aarav,Marketing,37,12.0,31294.75,8.15,
E009215,Aditya,Operations,32,15.0,89242.03,1.25,2026-05-30
E009216,Diya,HR,36,33.0,39322.84,2.43,2026-05-30
E009217,Isha,Sales,36,9.0,74864.36,5.62,2026-05-31
E009218,Aarav,Marketing,45,3.0,47467.93,1.17,2026-05-31
E009219,Rohan,Operations,46,3.0,91301.8,1.9,2026-05-31
E009220,Isha,HR,41,29.0,60416.59,5.59,2026-06-01
E009221,Isha,Engineering,24,33.0,40308.98,9.11,2026-06-01
E009222,Isha,HR,54,0.0,83704.99,2.3,2026-06-01
E009223,Diya,Engineering,60,19.0,87062.02,1.41,2026-06-02
E009224,Isha,Marketing,57,18.0,70418.67,4.49,2026-06-02
E009225,Isha,Finance,29,29.0,55505.32,7.02,2026-06-02
E009226,Kabir,Sales,49,2.0,20552.43,8.17,2026-06-03
E009227,Kabir,Finance,43,10.0,95322.89,3.66,2026-06-03
E009228,Isha,Sales,45,31.0,88410.67,1.18,2026-06-03
E009229,Aditya,HR,58,7.0,75630.14,9.63,2026-06-04
E009230,Aditya,Finance,32,3.0,13193.37,6.27,2026-06-04
E009231,Kabir,Marketing,50,2.0,56770.46,6.66,2026-06-04
E009232,Rohan,Finance,32,17.0,59388.81,5.89,2026-06-05
E009233,Diya,Operations,23,14.0,23463.28,6.89,
E009234,Isha,Operations,37,2.0,17502.12,3.69,2026-06-05
E009235,Diya,Sales,40,4.0,57945.07,8.55,2026-06-06
E009236,Rohan,HR,46,32.0,52845.99,4.44,2026-06-06
E009237,Tara,HR,36,15.0,88088.08,2.64,2026-06-06
E009238,Diya,Engineering,41,4.0,28911.0,6.05,2026-06-07
E009239,Aditya,Marketing,60,32.0,70592.28,7.08,2026-06-07
E009240,Isha,Finance,60,14.0,89664.33,4.22,2026-06-07
E009241,Kabir,HR,26,7.0,66646.28,3.56,2026-06-08
E009242,Diya,Operations,57,,87480.29,1.58,2026-06-08
E009243,Rohan,Engineering,61,18.0,85527.29,7.52,2026-06-08
E009244,Isha,HR,48,23.0,68445.96,2.39,2026-06-09
E009245,Aditya,Engineering,45,25.0,101779.86,2.26,2026-06-09
E009246,Rohan,HR,58,34.0,83040.07,1.59,2026-06-09
E009247,Diya,HR,41,2.0,67499.15,1.27,2026-06-10
E009248,Tara,HR,22,12.0,72244.37,4.95,2026-06-10
E009249,Tara,HR,56,19.0,95164.4,3.73,2026-06-10
E009250,Kabir,HR,60,13.0,119436.02,8.29,2026-06-11
E009251,Tara,Sales,29,19.0,61211.86,6.68,2026-06-11
E009252,Tara,Sales,56,6.0,63834.43,7.64,
E009253,Tara,Engineering,38,20.0,84103.61,2.53,2026-06-12
E009254,Diya,Operations,32,4.0,54049.8,2.04,
E009255,Aditya,Operations,59,28.0,110915.62,4.87,2026-06-12
E009256,Rohan,Finance,37,5.0,69811.32,5.8,2026-06-13
E009257,Isha,Operations,21,28.0,75485.63,3.28,2026-06-13
E009258,Aarav,HR,27,26.0,58982.79,7.98,2026-06-13
E009259,Isha,Marketing,27,29.0,54862.71,3.2,2026-06-14
E009260,Aditya,Operations,32,17.0,51647.44,6.01,2026-06-14
E009261,Tara,Operations,22,4.0,43424.26,6.62,2026-06-14
E009262,Diya,Finance,48,6.0,74051.64,6.32,2026-06-15
,Diya,Sales,40,7.0,80809.26,8.56,2026-06-15
E009264,Aditya,Sales,32,28.0,48405.12,6.32,2026-06-15
E009265,Isha,HR,32,29.0,23463.09,8.93,2026-06-16
E009266,Aarav,Sales,60,15.0,106394.83,5.92,2026-06-16
E009267,Isha,HR,22,17.0,9168.86,3.26,2026-06-16
E009268,Diya,HR,39,,62417.02,8.6,
E009269,Isha,Operations,37,20.0,64753.32,1.84,2026-06-17
E009270,Aditya,HR,37,13.0,87770.7,9.29,2026-06-17
E009271,Nisha,Marketing,29,19.0,92555.61,2.45,2026-06-18
E009272,Nisha,HR,23,25.0,91601.77,7.54,2026-06-18
E009273,Nisha,Marketing,44,,70218.72,4.01,2026-06-18
E009274,Tara,Operations,50,31.0,53265.1,6.06,2026-06-19
E009275,Diya,Finance,47,11.0,34726.63,7.96,2026-06-19
E009276,Kabir,Operations,27,23.0,92763.33,8.1,2026-06-19
E009277,Kabir,Marketing,29,14.0,12169.78,2.09,2026-06-20
E009278,Diya,Marketing,25,18.0,64458.26,6.16,2026-06-20
E009279,Aditya,Sales,33,27.0,64777.75,1.65,2026-06-20
E009280,Tara,Marketing,59,19.0,52361.88,4.43,2026-06-21
E009281,Diya,Engineering,25,26.0,120268.82,7.12,2026-06-21
E009282,Rohan,Finance,21,20.0,77935.0,5.22,2026-06-21
E009283,Kabir,Finance,55,10.0,46990.5,6.22,2026-06-22
E009284,Aarav,Sales,44,28.0,39739.69,4.43,2026-06-22
E009285,Tara,Operations,35,22.0,39830.23,8.36,2026-06-22
E009286,Diya,Marketing,35,1.0,40394.0,8.71,2026-06-23
E009287,Nisha,Engineering,60,22.0,66091.76,1.45,2026-06-23
E009288,Kabir,Marketing,48,11.0,58976.53,6.43,2026-06-23
E009289,Kabir,Engineering,38,26.0,123678.11,4.16,2026-06-24
E009290,Aarav,Finance,45,34.0,85246.75,7.85,2026-06-24
E009291,Aditya,Sales,53,8.0,63254.66,7.73,2026-06-24
E009292,Aarav,Sales,53,10.0,40435.47,2.77,2026-06-25
,Tara,HR,51,2.0,69454.07,4.22,2026-06-25
E009294,Aarav,Operations,26,6.0,46123.22,9.08,2026-06-25
E009295,Tara,Marketing,43,31.0,71051.0,1.13,2026-06-26
E009296,Nisha,Engineering,33,9.0,70223.9,2.07,2026-06-26
E009297,Diya,Finance,38,19.0,81402.27,2.2,2026-06-26
E009298,Diya,Finance,39,10.0,51051.02,9.53,2026-06-27
E009299,,Sales,52,19.0,98798.82,2.46,2026-06-27
E009300,Isha,Sales,54,7.0,89469.64,5.03,2026-06-27
E009301,Rohan,Marketing,32,25.0,95367.28,4.54,2026-06-28
E009302,Aarav,Sales,43,13.0,98164.27,6.79,2026-06-28
E009303,Tara,Operations,31,2.0,75531.54,9.97,2026-06-28
E009304,Aditya,Marketing,31,19.0,62629.92,2.93,
E009305,Nisha,HR,22,21.0,116888.46,8.0,2026-06-29
E009306,Aarav,Engineering,41,9.0,60009.45,6.94,2026-06-29
E009307,Aditya,Sales,52,11.0,60603.59,6.11,
E009308,Nisha,Marketing,40,27.0,54360.59,5.36,2026-06-30
E009309,Nisha,Finance,59,17.0,98608.49,1.32,2026-06-30
E009310,Aarav,HR,24,14.0,87284.41,2.8,
E009311,Rohan,Sales,46,20.0,63648.84,9.91,2026-07-01
E009312,Isha,Sales,53,25.0,66071.64,6.67,2026-07-01
E009313,Kabir,Finance,37,19.0,81499.62,2.81,2026-07-02
E009314,Diya,Sales,59,22.0,51285.22,4.71,2026-07-02
E009315,Rohan,HR,54,9.0,50312.6,6.77,2026-07-02
E009316,Diya,HR,42,10.0,91658.47,4.55,2026-07-03
E009317,Aditya,Marketing,49,28.0,84025.39,2.61,2026-07-03
E009318,Tara,HR,42,7.0,88795.3,4.98,2026-07-03
E009319,Nisha,Marketing,34,12.0,107573.78,8.47,2026-07-04
E009320,Isha,Operations,53,17.0,49690.51,9.09,2026-07-04
E009321,Kabir,Engineering,40,15.0,78867.1,8.94,2026-07-04
E009322,Aarav,Engineering,23,26.0,65137.26,7.88,2026-07-05
E009323,Diya,HR,60,11.0,68538.47,2.75,2026-07-05
E009324,Rohan,Finance,33,29.0,81070.18,1.01,2026-07-05
E009325,Aditya,Finance,56,16.0,101028.36,7.29,2026-07-06
E009326,Kabir,Marketing,30,1.0,36314.31,9.26,2026-07-06
E009327,Aditya,Engineering,34,20.0,94794.46,1.32,2026-07-06
E009328,Nisha,HR,33,10.0,19529.87,2.48,2026-07-07
E009329,Aditya,Sales,27,22.0,54598.62,8.11,2026-07-07
E009330,Nisha,Finance,32,8.0,38159.23,9.7,2026-07-07
E009331,Kabir,Engineering,27,21.0,23092.87,2.69,2026-07-08
E009332,Aarav,HR,31,3.0,80306.4,3.46,2026-07-08
E009333,Isha,Operations,37,6.0,105187.11,5.41,2026-07-08
E009334,Aarav,Sales,41,9.0,56592.77,6.07,2026-07-09
E009335,Aarav,Engineering,58,24.0,48961.16,5.75,2026-07-09
E009336,Aarav,Operations,29,4.0,85273.54,3.31,2026-07-09
E009337,Isha,Sales,25,27.0,8369.63,3.21,2026-07-10
E009338,Aarav,Operations,40,9.0,70705.68,3.78,2026-07-10
E009339,Nisha,Finance,50,27.0,11535.89,3.43,2026-07-10
E009340,Diya,Marketing,45,22.0,47305.12,3.69,2026-07-11
E009341,Aarav,Marketing,39,27.0,56840.74,4.97,2026-07-11
E009342,Aarav,Marketing,27,8.0,32556.6,3.61,2026-07-11
E009343,Aditya,Marketing,35,25.0,58831.32,7.25,2026-07-12
E009344,Kabir,Engineering,50,6.0,63404.55,3.75,2026-07-12
E009345,Tara,Marketing,51,14.0,83484.67,6.35,2026-07-12
E009346,Nisha,Operations,45,18.0,36632.66,2.5,2026-07-13
E009347,Isha,Engineering,59,12.0,103841.69,5.99,2026-07-13
E009348,Aditya,Operations,42,16.0,38300.85,2.19,2026-07-13
E009349,Kabir,Operations,36,27.0,123521.52,7.23,2026-07-14
E009350,Tara,Engineering,23,3.0,73479.9,4.24,2026-07-14
E009351,Isha,Marketing,51,7.0,44114.53,3.19,2026-07-14
E009352,Isha,Marketing,46,25.0,54641.28,7.73,2026-07-15
E009353,Kabir,Sales,46,30.0,40332.89,15.0,2026-07-15
E009354,Isha,Marketing,38,,58912.35,8.35,2026-07-15
,Diya,Finance,37,21.0,70598.6,9.24,2026-07-16
E009356,Diya,HR,21,15.0,111708.79,7.5,2026-07-16
E009357,Aditya,HR,46,26.0,72989.23,2.73,2026-07-16
E009358,Aditya,HR,21,6.0,35617.5,8.99,2026-07-17
E009359,Kabir,Sales,28,34.0,87720.55,3.14,2026-07-17
E009360,Isha,Sales,25,26.0,116380.3,6.69,2026-07-17
E009361,Nisha,Operations,46,28.0,85101.63,5.02,2026-07-18
E009362,Isha,HR,60,31.0,50323.37,8.2,2026-07-18
E009363,Tara,Finance,49,11.0,89365.39,8.54,2026-07-18
E009364,Rohan,Marketing,29,5.0,87240.66,7.29,2026-07-19
E009365,Aarav,Engineering,29,5.0,25205.08,4.55,2026-07-19
E009366,Isha,Marketing,34,18.0,109256.3,8.57,2026-07-19
E009367,Isha,Finance,25,32.0,34006.76,3.51,2026-07-20
E009368,Isha,Sales,51,32.0,75141.22,4.56,2026-07-20
E009369,Tara,Sales,56,9.0,101807.38,3.64,2026-07-20
E009370,Nisha,Marketing,25,16.0,79255.21,8.93,2026-07-21
E009371,Isha,Finance,58,6.0,49792.1,3.73,2026-07-21
E009372,Aditya,Sales,27,24.0,75873.06,7.88,2026-07-21
E009373,Aditya,Sales,61,24.0,75141.78,6.71,2026-07-22
E009374,Aarav,Marketing,22,5.0,37401.78,6.95,2026-07-22
E009375,Kabir,HR,53,20.0,90774.99,6.67,2026-07-22
E009376,Diya,Sales,46,22.0,92552.55,6.64,2026-07-23
E009377,Rohan,Finance,22,29.0,73306.33,2.31,2026-07-23
E009378,Aarav,Engineering,31,21.0,67103.61,1.34,2026-07-23
E009379,Aditya,Engineering,35,33.0,69577.45,4.68,2026-07-24
E009380,Kabir,Finance,34,7.0,74000.5,6.44,2026-07-24
E009381,Rohan,Finance,53,8.0,86296.66,5.19,2026-07-24
E009382,Diya,Engineering,33,4.0,76885.14,3.35,2026-07-25
E009383,Tara,Finance,43,31.0,49994.09,1.52,2026-07-25
,Rohan,Marketing,53,22.0,65819.32,2.6,2026-07-25
E009385,Tara,Finance,27,21.0,96603.29,8.25,2026-07-26
E009386,Aarav,Engineering,30,6.0,76969.55,8.71,2026-07-26
E009387,Isha,HR,37,12.0,66097.29,1.52,2026-07-26
E009388,Isha,Operations,52,26.0,17758.7,2.01,2026-07-27
E009389,Nisha,Marketing,47,4.0,57264.32,7.3,2026-07-27
E009390,Isha,HR,26,13.0,52213.5,7.92,2026-07-27
E009391,Diya,Finance,51,20.0,20700.13,9.86,
E009392,Aditya,Engineering,33,16.0,47343.12,5.69,2026-07-28
E009393,Nisha,Engineering,54,31.0,38289.8,6.15,2026-07-28
E009394,Aarav,HR,42,18.0,42420.68,5.63,2026-07-29
E009395,Aditya,Operations,49,2.0,82457.48,8.01,2026-07-29
E009396,Diya,Operations,26,14.0,58754.16,9.07,2026-07-29
E009397,Aditya,Marketing,31,33.0,40586.41,4.51,2026-07-30
E009398,Nisha,Marketing,30,8.0,85728.1,9.31,2026-07-30
E009399,Diya,Finance,27,7.0,113122.65,4.57,2026-07-30
E009400,Kabir,Sales,30,2.0,80690.61,4.93,2026-07-31
E009401,Aarav,Marketing,35,1.0,90118.07,3.82,2026-07-31
E009402,Nisha,Marketing,50,8.0,45851.89,7.38,2026-07-31
E009403,Isha,Finance,55,16.0,93760.12,8.5,2026-08-01
E009404,Isha,Operations,33,8.0,78469.3,7.94,2026-08-01
E009405,Rohan,Marketing,60,8.0,79474.14,8.18,2026-08-01
E009406,Aarav,Engineering,26,30.0,82360.38,5.85,2026-08-02
E009407,Aarav,Finance,60,3.0,74144.42,8.25,2026-08-02
E009408,Kabir,HR,29,33.0,45484.99,3.0,2026-08-02
E009409,Tara,Marketing,36,,92698.12,4.58,2026-08-03
E009410,Kabir,Sales,61,7.0,29077.52,4.42,2026-08-03
E009411,Rohan,Operations,60,26.0,100907.57,8.21,2026-08-03
E009412,Aarav,Engineering,22,11.0,97534.78,6.89,2026-08-04
E009413,Tara,Finance,25,32.0,28343.27,1.59,2026-08-04
E009414,Aarav,Sales,36,19.0,37799.95,3.83,2026-08-04
E009415,Rohan,HR,47,23.0,71519.19,5.0,2026-08-05
E009416,Rohan,Engineering,25,34.0,41403.18,1.14,2026-08-05
E009417,Diya,HR,49,17.0,86530.57,5.15,2026-08-05
E009418,Rohan,HR,25,2.0,134312.53,5.53,2026-08-06
E009419,Tara,Operations,35,34.0,34737.85,2.0,2026-08-06
E009420,Diya,Finance,43,32.0,26853.43,6.41,
E009421,Rohan,Marketing,35,30.0,87785.34,7.0,2026-08-07
E009422,Aditya,Finance,61,9.0,60633.22,2.42,2026-08-07
E009423,Diya,Marketing,33,23.0,56537.53,1.36,2026-08-07
E009424,,Sales,41,26.0,43381.21,9.47,2026-08-08
E009425,Rohan,Sales,23,16.0,71432.18,8.89,2026-08-08
E009426,Aditya,Marketing,32,28.0,37224.66,4.16,2026-08-08
E009427,Kabir,Marketing,61,29.0,97500.17,7.46,2026-08-09
E009428,Kabir,Engineering,39,19.0,41709.28,5.74,2026-08-09
E009429,Rohan,Sales,41,16.0,58059.79,5.84,2026-08-09
E009430,Tara,HR,22,,61400.86,6.44,2026-08-10
E009431,Diya,Operations,29,20.0,105521.88,3.33,2026-08-10
E009432,Isha,Marketing,49,20.0,80576.92,1.16,2026-08-10
E009433,Nisha,HR,58,4.0,60692.77,6.55,2026-08-11
E009434,Kabir,HR,31,9.0,84973.69,9.62,2026-08-11
E009435,Rohan,Marketing,42,18.0,56768.44,6.1,2026-08-11
E009436,Diya,HR,45,5.0,80755.59,2.74,2026-08-12
E009437,Isha,Finance,55,32.0,63672.34,2.4,2026-08-12
E009438,Tara,Operations,24,5.0,61032.8,2.33,2026-08-12
E009439,Aditya,Operations,43,1.0,80602.7,3.61,2026-08-13
E009440,Tara,Finance,33,13.0,74875.27,1.78,2026-08-13
E009441,Kabir,Marketing,23,17.0,76466.29,9.46,2026-08-13
E009442,Aarav,Marketing,56,14.0,68653.23,5.31,2026-08-14
E009443,Isha,Sales,53,25.0,78249.3,5.98,2026-08-14
E009444,Diya,Marketing,23,22.0,51329.65,6.28,2026-08-14
E009445,Tara,Engineering,31,24.0,65112.87,3.18,2026-08-15
E009446,Nisha,Sales,47,20.0,85737.9,6.9,2026-08-15
E009447,Kabir,Operations,45,17.0,80786.01,3.63,2026-08-15
E009448,Tara,Operations,23,17.0,50934.05,8.18,2026-08-16
E009449,Rohan,Sales,51,21.0,47755.26,5.21,2026-08-16
E009450,Aarav,Finance,22,9.0,53673.77,6.66,2026-08-16
E009451,Aarav,Sales,29,,64107.37,6.23,2026-08-17
E009452,Rohan,Finance,52,33.0,39112.03,3.84,2026-08-17
E009453,Kabir,HR,54,22.0,59881.88,4.86,2026-08-17
E009454,Aarav,Sales,49,30.0,82245.22,2.43,2026-08-18
E009455,Rohan,Engineering,35,25.0,126839.22,4.88,2026-08-18
E009456,Kabir,Sales,32,26.0,46678.26,5.01,2026-08-18
E009457,Rohan,Marketing,32,16.0,64216.81,3.34,2026-08-19
E009458,Aarav,Marketing,21,3.0,69763.72,8.14,2026-08-19
E009459,Nisha,Finance,30,19.0,82929.11,1.45,2026-08-19
E009460,Rohan,Operations,50,14.0,46890.6,4.71,2026-08-20
E009461,Kabir,Operations,57,7.0,48284.11,2.29,2026-08-20
E009462,Tara,HR,56,3.0,102424.54,2.55,2026-08-20
E009463,Aditya,Marketing,49,10.0,-53205.96,9.43,2026-08-21
E009464,Tara,HR,54,22.0,48233.32,5.77,2026-08-21
E009465,Rohan,Sales,54,7.0,83471.02,6.0,2026-08-21
E009466,Tara,Finance,57,26.0,113637.56,8.49,2026-08-22
E009467,Nisha,Sales,24,11.0,33591.8,3.57,2026-08-22
E009468,Aarav,Operations,26,13.0,68225.01,6.4,2026-08-22
E009469,Diya,Marketing,44,26.0,84025.65,9.33,2026-08-23
E009470,Diya,HR,26,10.0,86989.78,9.03,2026-08-23
E009471,Aarav,Engineering,59,13.0,61549.2,8.26,2026-08-23
E009472,Aarav,Sales,24,26.0,42312.89,3.22,2026-08-24
E009473,Diya,Operations,35,11.0,72167.18,5.46,2026-08-24
E009474,Nisha,Marketing,45,7.0,61550.08,4.23,2026-08-24
E009475,Tara,HR,49,13.0,34646.93,6.7,2026-08-25
E009476,Aditya,Operations,24,13.0,131769.05,4.11,2026-08-25
E009477,Aditya,Operations,57,19.0,59456.84,1.88,2026-08-25
E009478,Tara,HR,44,11.0,66035.15,9.73,2026-08-26
E009479,Aditya,Sales,40,31.0,56761.16,7.11,2026-08-26
E009480,Kabir,Sales,56,28.0,92553.05,5.51,2026-08-26
E009481,Aditya,Engineering,54,15.0,83151.1,2.03,2026-08-27
E009482,Nisha,Marketing,27,27.0,68804.26,9.71,2026-08-27
E009483,Aditya,Sales,39,22.0,82648.69,6.85,2026-08-27
E009484,Aarav,Marketing,32,5.0,36953.87,8.73,2026-08-28
E009485,Kabir,Sales,31,8.0,77343.85,8.25,2026-08-28
E009486,Isha,Operations,36,6.0,101496.99,6.02,2026-08-28
E009487,Aditya,Operations,36,30.0,83712.92,1.41,2026-08-29
E009488,Kabir,Sales,23,6.0,67234.21,5.43,2026-08-29
E009489,Isha,Operations,21,4.0,67001.83,5.95,2026-08-29
E009490,Kabir,Operations,29,4.0,45589.34,7.06,2026-08-30
E009491,Aarav,Marketing,39,17.0,42745.29,4.91,2026-08-30
E009492,Diya,Operations,46,24.0,15350.72,5.03,2026-08-30
E009493,Aditya,Finance,46,17.0,81200.79,5.2,2026-08-31
E009494,Rohan,Marketing,49,28.0,61766.05,2.65,2026-08-31
E009495,Aarav,Finance,58,24.0,76160.66,3.29,2026-08-31
E009496,Nisha,HR,39,22.0,66162.59,3.31,2026-09-01
E009497,,Finance,52,9.0,68796.13,3.99,2026-09-01
E009498,Isha,Operations,60,3.0,108351.63,4.15,2026-09-01
E009499,Kabir,Engineering,57,10.0,40231.48,8.08,2026-09-02
E009500,Tara,Finance,53,7.0,45194.74,1.16,2026-09-02
E009501,Kabir,Operations,57,30.0,100895.86,6.05,2026-09-02
E009502,Nisha,Engineering,49,10.0,93205.91,4.81,2026-09-03
E009503,,Eng,22,34.0,56628.07,7.18,2026-09-03
E009504,Rohan,Marketing,32,33.0,59815.22,11.0,2026-09-03
E009505,Isha,HR,38,34.0,67605.5,6.55,2026-09-04
E009506,Diya,HR,36,24.0,51966.42,8.01,2026-09-04
E009507,Kabir,Finance,33,25.0,91050.17,5.92,2026-09-04
E009508,Nisha,Sales,34,7.0,49775.88,6.13,2026-09-05
E009509,Aarav,Finance,40,6.0,76197.77,6.31,2026-09-05
E009510,Aditya,Operations,22,24.0,59852.06,9.43,2026-09-05
E009511,Aarav,Engineering,31,2.0,55901.46,7.32,2026-09-06
E009512,,HR,42,23.0,92679.15,1.33,2026-09-06
E009513,Nisha,Engineering,59,19.0,83120.4,3.27,2026-09-06
E009514,Tara,Operations,28,32.0,86689.43,4.02,2026-09-07
E009515,Tara,Sales,60,32.0,7842.85,2.58,2026-09-07
E009516,Nisha,Marketing,60,19.0,100005.03,4.36,2026-09-07
E009517,Tara,Operations,22,6.0,90549.5,2.46,2026-09-08
E009518,Tara,Sales,51,26.0,108495.77,5.03,2026-09-08
E009519,Isha,Marketing,49,6.0,69048.88,9.05,2026-09-08
E009520,Isha,Operations,44,11.0,28304.43,2.44,2026-09-09
E009521,Diya,HR,37,18.0,133195.17,8.67,2026-09-09
E009522,Kabir,Sales,52,20.0,53975.93,3.22,2026-09-09
E009523,Nisha,Operations,55,9.0,21109.24,9.16,2026-09-10
E009524,Kabir,Marketing,47,2.0,50128.05,1.91,2026-09-10
E009525,Kabir,Sales,48,14.0,78562.92,6.27,2026-09-10
E009526,Nisha,Finance,53,31.0,64043.88,6.02,2026-09-11
E009527,Nisha,HR,23,29.0,38927.95,4.83,2026-09-11
E009528,Isha,HR,57,13.0,84743.53,4.02,2026-09-11
E009529,Isha,Finance,49,27.0,101424.81,5.84,2026-09-12
E009530,Nisha,Operations,55,28.0,54743.58,4.75,2026-09-12
E009531,Nisha,Operations,33,27.0,91104.62,2.26,2026-09-12
E009532,Diya,HR,24,5.0,96782.38,7.71,2026-09-13
E009533,Aarav,Engineering,42,7.0,39738.1,1.35,2026-09-13
E009534,Tara,Engineering,49,3.0,109168.14,9.89,2026-09-13
E009535,Diya,Sales,32,29.0,78993.81,3.6,2026-09-14
E009536,Kabir,Engineering,31,19.0,66086.15,6.71,2026-09-14
E009537,Kabir,Finance,33,5.0,49779.17,8.2,2026-09-14
E009538,Rohan,Engineering,23,8.0,68369.48,9.23,2026-09-15
E009539,Nisha,Finance,27,13.0,86376.52,1.81,2026-09-15
E009540,Isha,Marketing,51,28.0,63229.04,1.91,2026-09-15
E009541,Rohan,Engineering,41,4.0,71900.27,9.67,2026-09-16
E009542,Tara,Sales,21,18.0,70431.29,6.21,2026-09-16
E009543,Isha,Sales,24,23.0,74819.58,3.39,2026-09-16
E009544,Isha,Operations,24,29.0,51583.73,2.81,2026-09-17
E009545,Aditya,Marketing,27,26.0,75704.87,6.01,2026-09-17
E009546,Tara,Engineering,26,6.0,71869.72,5.44,2026-09-17
E009547,Kabir,HR,33,13.0,61080.52,8.01,2026-09-18
E009548,Nisha,HR,58,,59184.06,4.76,2026-09-18
E009549,Aarav,Engineering,31,24.0,46583.97,8.68,2026-09-18
E009550,Rohan,Engineering,32,26.0,95874.62,7.16,2026-09-19
E009551,Diya,Finance,52,19.0,94144.02,1.57,2026-09-19
E009552,Aditya,Finance,55,31.0,53723.03,7.43,2026-09-19
E009553,Kabir,Engineering,35,32.0,57183.63,6.53,
E009554,Tara,Marketing,21,1.0,57539.04,1.08,2026-09-20
E009555,Diya,Engineering,45,9.0,55308.87,6.12,2026-09-20
E009556,Rohan,Engineering,42,27.0,48225.11,7.09,2026-09-21
,Tara,Marketing,35,20.0,92293.02,6.95,2026-09-21
E009558,Nisha,Operations,33,6.0,70094.19,2.38,2026-09-21
E009559,Kabir,Operations,57,19.0,98782.94,1.09,2026-09-22
E009560,Nisha,Finance,51,11.0,50497.19,8.04,2026-09-22
E009561,Diya,HR,48,9.0,108756.71,7.8,2026-09-22
E009562,Isha,Operations,47,25.0,75740.09,8.55,2026-09-23
E009563,Nisha,Finance,52,32.0,68208.01,8.88,2026-09-23
E009564,Aditya,Marketing,43,28.0,106867.99,6.06,2026-09-23
E009565,Aarav,Sales,60,18.0,63660.44,5.35,2026-09-24
E009566,Kabir,HR,49,33.0,57523.19,4.46,2026-09-24
E009567,Nisha,Engineering,59,30.0,21763.47,5.06,2026-09-24
E009568,Isha,Sales,61,3.0,46625.99,2.25,2026-09-25
E009569,Aarav,HR,49,23.0,90740.68,6.78,2026-09-25
E009570,Diya,Sales,27,0.0,63088.79,5.84,2026-09-25
E009571,Diya,HR,36,16.0,60943.97,2.24,2026-09-26
E009572,Isha,Engineering,49,22.0,94690.13,7.7,2026-09-26
E009573,Isha,Marketing,46,9.0,79098.07,3.44,2026-09-26
E009574,Diya,Operations,34,24.0,35305.29,9.07,2026-09-27
E009575,Aarav,Sales,36,5.0,82544.66,8.25,2026-09-27
,Kabir,Engineering,60,23.0,89626.43,5.69,2026-09-27
E009577,Diya,Sales,41,29.0,76148.2,3.38,2026-09-28
E009578,Rohan,Finance,33,18.0,95778.1,4.28,2026-09-28
E009579,Kabir,Engineering,49,21.0,51380.15,9.26,2026-09-28
E009580,Nisha,Finance,25,17.0,79121.93,1.03,
E009581,Kabir,HR,29,22.0,59658.99,8.12,2026-09-29
E009582,Nisha,Engineering,52,6.0,46811.62,6.33,2026-09-29
E009583,Rohan,Sales,61,21.0,56761.42,1.22,2026-09-30
E009584,Kabir,Engineering,26,24.0,52078.86,9.32,2026-09-30
E009585,Aarav,Engineering,56,12.0,78501.57,8.92,2026-09-30
E009586,Isha,Operations,50,26.0,75976.39,9.04,2026-10-01
E009587,Aditya,Sales,27,19.0,70306.02,2.1,2026-10-01
E009588,Aarav,Engineering,57,28.0,91388.76,9.0,2026-10-01
E009589,Isha,HR,59,24.0,78297.62,1.18,2026-10-02
E009590,Rohan,HR,51,17.0,61328.99,8.94,2026-10-02
E009591,Nisha,Engineering,51,9.0,74314.44,8.56,2026-10-02
E009592,Isha,HR,26,10.0,62082.03,6.04,2026-10-03
E009593,Diya,Operations,42,11.0,36968.79,6.59,2026-10-03
E009594,Nisha,Marketing,22,25.0,64811.37,3.76,2026-10-03
E009595,Aditya,HR,48,23.0,92701.72,3.25,2026-10-04
E009596,Isha,Operations,59,23.0,42391.25,3.8,2026-10-04
E009597,Nisha,Operations,60,11.0,78319.74,8.39,2026-10-04
E009598,Nisha,Engineering,22,21.0,87817.96,3.23,2026-10-05
E009599,Diya,Finance,61,24.0,81623.13,4.17,2026-10-05
E009600,Kabir,Marketing,26,25.0,106435.64,9.66,2026-10-05
E009601,Rohan,HR,23,16.0,54061.77,1.92,2026-10-06
E009602,Rohan,HR,22,22.0,140768.98,9.26,2026-10-06
E009603,Nisha,Finance,44,30.0,116994.48,9.53,2026-10-06
E009604,Aditya,Operations,39,29.0,72133.4,1.94,2026-10-07
,Isha,Operations,32,22.0,63244.75,5.1,2026-10-07
E009606,Nisha,Finance,58,26.0,95130.03,1.31,2026-10-07
E009607,Aarav,Operations,45,6.0,63383.65,4.76,2026-10-08
E009608,Diya,Engineering,51,27.0,25280.98,4.85,2026-10-08
,Nisha,Operations,26,13.0,40652.85,3.93,2026-10-08
E009610,,HR,44,16.0,97572.0,3.39,2026-10-09
E009611,Isha,HR,21,22.0,69915.05,1.96,2026-10-09
E009612,Aarav,Sales,36,34.0,65483.76,8.8,2026-10-09
E009613,Nisha,Finance,54,14.0,88970.85,4.54,2026-10-10
E009614,Isha,Engineering,56,17.0,58768.49,2.42,2026-10-10
E009615,Nisha,Marketing,50,3.0,-2920.41,4.72,2026-10-10
E009616,,Engineering,21,26.0,65399.72,5.36,2026-10-11
E009617,Isha,Engineering,32,23.0,59261.24,3.55,2026-10-11
E009618,Diya,Operations,40,13.0,54164.75,7.25,2026-10-11
E009619,Diya,Finance,32,22.0,82459.06,4.81,2026-10-12
E009620,Isha,Marketing,34,28.0,41442.94,8.98,2026-10-12
E009621,Tara,Engineering,54,18.0,62962.69,4.33,2026-10-12
E009622,Tara,Eng,50,15.0,65635.5,6.91,2026-10-13
E009623,Tara,Engineering,58,13.0,50187.98,7.45,2026-10-13
E009624,Kabir,Engineering,55,6.0,73092.14,1.78,2026-10-13
E009625,Rohan,Finance,37,11.0,43013.42,7.11,2026-10-14
E009626,Rohan,Operations,51,27.0,3000000.0,4.31,2026-10-14
E009627,Nisha,Marketing,46,3.0,53745.7,7.99,2026-10-14
E009628,Diya,Engineering,57,34.0,101267.57,4.95,2026-10-15
E009629,Nisha,Engineering,38,17.0,89549.14,5.37,2026-10-15
E009630,Isha,Operations,48,5.0,33951.34,6.67,2026-10-15
E009631,Isha,Operations,45,19.0,91195.95,5.46,2026-10-16
E009632,Nisha,Finance,46,18.0,46276.6,4.24,2026-10-16
E009633,Isha,HR,49,12.0,71570.81,6.25,2026-10-16
E009634,Isha,Sales,44,30.0,42129.3,9.55,2026-10-17
E009635,Tara,Marketing,38,4.0,85118.08,8.5,2026-10-17
E009636,,Sales,31,20.0,56552.48,4.02,2026-10-17
,Rohan,Sales,30,34.0,76591.87,1.25,2026-10-18
E009638,Aditya,HR,46,15.0,100265.47,7.68,2026-10-18
E009639,Rohan,Operations,60,3.0,64077.29,9.87,2026-10-18
E009640,Nisha,Sales,60,33.0,95587.12,9.93,2026-10-19
E009641,Tara,HR,48,3.0,51174.82,9.37,2026-10-19
E009642,Aarav,Sales,37,30.0,69682.23,4.3,2026-10-19
E009643,Rohan,Sales,34,6.0,61300.02,1.39,2026-10-20
E009644,Nisha,Engineering,53,9.0,80390.23,2.81,2026-10-20
E009645,Isha,Finance,32,6.0,33648.5,9.07,2026-10-20
E009646,Rohan,Sales,48,31.0,40387.55,6.65,2026-10-21
E009647,Tara,Finance,23,,23328.43,5.4,2026-10-21
E009648,Diya,Engineering,37,9.0,60361.37,6.66,2026-10-21
E009649,Isha,Engineering,26,23.0,69675.74,6.65,2026-10-22
E009650,Diya,Sales,60,25.0,35219.97,5.46,2026-10-22
E009651,Tara,Sales,36,8.0,44929.38,7.23,2026-10-22
E009652,Aditya,HR,49,9.0,113333.22,7.16,2026-10-23
E009653,Isha,Sales,22,34.0,72669.49,3.67,2026-10-23
E009654,Kabir,Engineering,22,16.0,55727.36,7.28,2026-10-23
E009655,Aarav,Operations,48,14.0,69226.56,7.3,2026-10-24
E009656,Nisha,Sales,50,29.0,85349.63,6.25,2026-10-24
E009657,Aarav,Finance,43,33.0,103570.41,6.46,2026-10-24
E009658,Isha,HR,25,32.0,68097.89,9.83,
E009659,,Engineering,38,11.0,64864.73,4.9,2026-10-25
E009660,Tara,Operations,42,25.0,51906.21,6.41,2026-10-25
E009661,Tara,Sales,34,16.0,64613.59,8.19,2026-10-26
E009662,,Finance,58,21.0,123674.78,4.06,2026-10-26
E009663,Rohan,Sales,39,14.0,102413.59,6.2,2026-10-26
E009664,Nisha,Marketing,48,9.0,79008.05,8.44,2026-10-27
E009665,Isha,Finance,25,10.0,114928.94,2.31,2026-10-27
E009666,Tara,Finance,42,9.0,55162.75,8.2,2026-10-27
E009667,Tara,Operations,46,15.0,58790.35,6.62,2026-10-28
E009668,Tara,HR,35,9.0,67210.4,9.92,2026-10-28
E009669,Nisha,Engineering,43,32.0,87766.01,9.25,2026-10-28
E009670,Diya,HR,48,28.0,51188.15,7.98,2026-10-29
E009671,Aditya,Engineering,27,25.0,54846.83,4.78,2026-10-29
,Kabir,Engineering,51,11.0,80379.12,5.84,2026-10-29
E009673,Aarav,HR,54,34.0,72241.89,6.54,2026-10-30
E009674,Nisha,Sales,42,34.0,21286.37,9.23,2026-10-30
E009675,Rohan,Operations,44,26.0,72546.62,3.08,2026-10-30
E009676,Rohan,Operations,44,0.0,2194.09,9.19,2026-10-31
E009677,Aditya,Marketing,35,3.0,31630.04,9.8,2026-10-31
E009678,Kabir,Engineering,40,23.0,50862.28,2.96,2026-10-31
E009679,Aarav,HR,42,1.0,71105.01,6.63,2026-11-01
E009680,Diya,Engineering,26,2.0,71323.32,2.73,2026-11-01
E009681,Aarav,Engineering,41,16.0,79423.0,8.4,2026-11-01
E009682,Aditya,Engineering,51,3.0,98340.56,3.52,2026-11-02
E009683,Rohan,Engineering,34,9.0,115821.42,5.68,2026-11-02
E009684,Diya,Engineering,32,25.0,54113.19,6.34,2026-11-02
E009685,,Finance,41,15.0,69641.99,6.21,2026-11-03
E009686,Kabir,Operations,43,,89069.75,8.58,2026-11-03
E009687,Nisha,Finance,31,25.0,64516.65,8.45,2026-11-03
E009688,Aditya,Finance,53,33.0,42285.27,7.32,2026-11-04
E009689,Rohan,Marketing,61,34.0,76346.68,4.79,2026-11-04
E009690,Tara,Sales,38,0.0,98140.55,1.18,2026-11-04
E009691,Aditya,HR,53,30.0,82228.25,2.33,2026-11-05
E009692,Rohan,HR,23,1.0,44589.78,3.78,2026-11-05
E009693,Aditya,HR,61,2.0,81096.83,6.23,2026-11-05
E009694,,Engineering,37,32.0,68898.22,9.45,2026-11-06
E009695,Isha,Operations,51,22.0,38662.54,9.13,2026-11-06
E009696,Diya,Engineering,44,12.0,65221.76,9.96,2026-11-06
E009697,Nisha,Sales,49,32.0,45781.0,8.57,2026-11-07
E009698,Isha,Sales,61,14.0,83608.21,1.69,2026-11-07
E009699,Aarav,Operations,60,6.0,99279.16,7.87,2026-11-07
E009700,Aditya,Finance,37,18.0,62705.87,6.19,2026-11-08
E009701,Rohan,HR,45,6.0,66928.93,8.31,2026-11-08
,Aarav,Operations,60,11.0,63270.43,3.72,2026-11-08
E009703,Isha,HR,42,18.0,64912.44,8.16,2026-11-09
E009704,Isha,Engineering,42,5.0,35045.96,2.71,2026-11-09
E009705,Isha,Finance,47,12.0,60218.86,5.17,2026-11-09
E009706,Tara,HR,54,19.0,95054.4,2.48,2026-11-10
E009707,Rohan,Sales,41,0.0,99472.34,4.0,2026-11-10
E009708,Isha,Finance,24,29.0,61547.51,2.76,2026-11-10
E009709,Isha,Finance,59,9.0,35709.4,8.29,2026-11-11
E009710,Kabir,Sales,28,7.0,120412.42,8.13,
E009711,Aarav,Finance,46,19.0,49219.74,4.9,2026-11-11
E009712,Tara,Sales,39,9.0,82289.79,3.28,2026-11-12
E009713,Aditya,HR,39,9.0,58455.32,2.35,2026-11-12
E009714,Aditya,Operations,31,16.0,97636.36,9.95,2026-11-12
E009715,Isha,HR,44,12.0,82040.95,6.68,2026-11-13
E009716,Aditya,Marketing,53,3.0,97781.09,6.14,2026-11-13
,Kabir,Finance,51,28.0,93297.21,1.38,2026-11-13
E009718,Kabir,Marketing,53,,83880.0,1.93,2026-11-14
E009719,Kabir,Marketing,26,17.0,90030.86,9.8,
E009720,Rohan,HR,28,2.0,63852.25,4.26,2026-11-14
E009721,Diya,Sales,30,21.0,100024.87,8.0,2026-11-15
E009722,Nisha,Sales,57,28.0,90772.81,4.4,2026-11-15
E009723,Kabir,Marketing,24,23.0,69964.76,4.01,2026-11-15
E009724,Isha,Sales,29,13.0,97430.51,6.07,2026-11-16
E009725,Tara,Marketing,60,23.0,74997.23,2.15,2026-11-16
E009726,Aditya,Marketing,30,22.0,115786.47,7.17,2026-11-16
E009727,Aarav,Sales,34,0.0,74089.31,3.65,2026-11-17
E009728,,Operations,42,8.0,71077.05,4.46,2026-11-17
E009729,Nisha,Engineering,27,16.0,63590.5,3.56,2026-11-17
E009730,Tara,Sales,36,5.0,61003.08,3.04,2026-11-18
E009731,Rohan,HR,32,32.0,61461.7,7.18,2026-11-18
E009732,Tara,HR,53,15.0,62122.5,6.17,2026-11-18
E009733,Aditya,Engineering,51,21.0,38905.01,5.8,2026-11-19
E009734,Aditya,Marketing,58,0.0,41642.54,3.35,2026-11-19
E009735,Isha,Sales,29,3.0,65025.65,1.04,2026-11-19
E009736,Isha,Sales,43,20.0,66865.75,3.37,2026-11-20
E009737,Aditya,Sales,34,1.0,20655.56,8.83,2026-11-20
E009738,Kabir,Finance,49,4.0,72885.65,6.89,2026-11-20
E009739,Isha,Engineering,59,29.0,34608.59,5.97,2026-11-21
E009740,Rohan,Sales,44,25.0,49646.07,6.32,2026-11-21
E009741,Rohan,Engineering,29,34.0,71068.73,6.24,2026-11-21
E009742,Aarav,Marketing,41,26.0,53309.88,7.65,2026-11-22
E009743,Nisha,Operations,57,20.0,47454.21,9.55,2026-11-22
E009744,Kabir,Engineering,48,14.0,82556.72,7.64,2026-11-22
E009745,Diya,Engineering,55,,121804.48,3.6,2026-11-23
E009746,Kabir,Marketing,48,33.0,87547.01,8.63,2026-11-23
E009747,Aarav,Finance,40,12.0,94596.92,6.7,2026-11-23
E009748,Kabir,Sales,33,32.0,71738.84,4.68,2026-11-24
E009749,Isha,Engineering,49,34.0,57196.12,8.02,
E009750,Aditya,Sales,30,15.0,21714.2,3.92,2026-11-24
E009751,Aarav,Operations,51,29.0,66472.57,2.25,2026-11-25
E009752,Aarav,Operations,56,22.0,96495.96,3.59,2026-11-25
E009753,Aarav,Sales,53,3.0,32920.84,6.78,2026-11-25
E009754,Nisha,Sales,51,32.0,62739.0,9.65,2026-11-26
E009755,Aditya,HR,61,4.0,86932.62,6.86,2026-11-26
E009756,Aarav,Marketing,40,33.0,69453.68,6.59,2026-11-26
E009757,Aarav,Marketing,25,0.0,78009.93,6.94,2026-11-27
E009758,Kabir,Engineering,40,12.0,107254.26,5.93,2026-11-27
E009759,Nisha,HR,26,7.0,62350.92,2.77,2026-11-27
E009760,Diya,Operations,55,16.0,72809.1,2.49,2026-11-28
E009761,Diya,Marketing,22,29.0,103488.27,1.8,2026-11-28
E009762,Tara,Operations,34,21.0,82736.82,6.28,2026-11-28
E009763,Nisha,Finance,35,18.0,51557.21,8.08,2026-11-29
E009764,Tara,Sales,47,23.0,74328.96,1.19,2026-11-29
E009765,Isha,Sales,26,19.0,106688.03,9.75,2026-11-29
E009766,Tara,Finance,43,22.0,81291.36,8.95,2026-11-30
E009767,Isha,Finance,46,9.0,49942.34,2.98,2026-11-30
E009768,Rohan,Engineering,48,10.0,48448.77,9.87,2026-11-30
E009769,Diya,Marketing,25,33.0,70274.6,9.13,2026-12-01
E009770,Rohan,HR,46,17.0,62250.16,3.36,2026-12-01
E009771,Tara,Operations,40,33.0,103709.77,9.39,
E009772,Tara,Marketing,37,5.0,86241.85,5.55,2026-12-02
E009773,Aarav,Finance,22,26.0,104070.07,2.94,2026-12-02
E009774,Diya,HR,49,14.0,60941.26,9.88,2026-12-02
E009775,Kabir,Finance,55,31.0,68059.9,3.53,2026-12-03
E009776,Kabir,Sales,29,28.0,86317.8,7.3,2026-12-03
E009777,Nisha,Finance,45,21.0,73887.74,7.05,2026-12-03
E009778,Diya,Engineering,57,26.0,96886.99,7.23,2026-12-04
E009779,Kabir,Marketing,60,26.0,57003.84,3.4,2026-12-04
E009780,Aarav,HR,56,32.0,108506.22,9.86,2026-12-04
E009781,Isha,Sales,21,3.0,59412.18,3.35,2026-12-05
E009782,Isha,Operations,33,3.0,38999.52,4.31,2026-12-05
E009783,Tara,Marketing,47,,51055.65,7.78,2026-12-05
E009784,Nisha,Sales,54,16.0,78101.14,3.83,2026-12-06
E009785,Aarav,Marketing,59,19.0,76065.88,7.06,2026-12-06
E009786,Isha,Sales,59,20.0,79287.79,5.12,2026-12-06
E009787,Isha,Sales,30,23.0,98389.04,3.93,2026-12-07
E009788,Rohan,Engineering,42,24.0,106319.46,3.96,2026-12-07
E009789,Aditya,HR,45,27.0,69751.71,9.9,2026-12-07
E009790,Nisha,Engineering,27,27.0,70349.27,1.66,2026-12-08
E009791,Isha,Marketing,22,30.0,34935.13,3.33,2026-12-08
E009792,Aarav,Engineering,56,14.0,77417.45,2.1,2026-12-08
E009793,Rohan,Sales,29,33.0,79047.34,4.92,2026-12-09
E009794,Tara,Engineering,23,31.0,14615.22,3.8,2026-12-09
E009795,Aarav,Operations,39,29.0,78953.9,4.71,2026-12-09
E009796,Tara,HR,39,16.0,108188.9,8.43,2026-12-10
E009797,Diya,Sales,52,15.0,91711.99,4.49,2026-12-10
E009798,Aarav,Operations,24,33.0,61184.59,1.21,2026-12-10
E009799,Diya,Operations,42,15.0,121960.58,2.46,2026-12-11
E009800,Rohan,Operations,45,11.0,60916.99,8.19,2026-12-11
E009801,Aarav,Engineering,42,9.0,65800.34,1.56,2026-12-11
E009802,Nisha,Engineering,59,29.0,58542.24,1.4,2026-12-12
E009803,Nisha,Engineering,51,8.0,82584.8,7.27,2026-12-12
E009804,Aarav,Marketing,41,6.0,27294.04,9.15,2026-12-12
E009805,Diya,Operations,33,33.0,63005.09,4.2,2026-12-13
E009806,Aarav,Sales,41,21.0,21309.31,7.26,2026-12-13
E009807,Isha,Operations,26,5.0,35536.31,6.68,2026-12-13
E009808,Tara,Engineering,30,10.0,42913.75,6.94,2026-12-14
E009809,Nisha,Engineering,56,34.0,80611.59,9.93,
E009810,Aditya,Finance,41,34.0,34943.78,9.69,2026-12-14
E009811,Isha,Finance,31,26.0,85651.0,5.5,2026-12-15
E009812,Aarav,Operations,46,33.0,140984.94,2.8,2026-12-15
E009813,Aarav,Operations,59,13.0,46717.3,6.23,2026-12-15
E009814,Nisha,Operations,41,20.0,83059.56,9.32,2026-12-16
E009815,Diya,Engineering,36,2.0,102314.67,9.16,2026-12-16
E009816,Rohan,Finance,40,33.0,72220.4,1.11,2026-12-16
E009817,Rohan,Operations,53,17.0,35001.97,6.7,2026-12-17
E009818,Aditya,Marketing,37,34.0,80708.08,1.07,2026-12-17
E009819,Kabir,Engineering,29,33.0,52529.53,3.79,2026-12-17
E009820,Diya,Finance,49,29.0,71203.0,4.44,2026-12-18
E009821,Rohan,Finance,28,17.0,61084.71,2.58,2026-12-18
E009822,Rohan,Finance,35,4.0,65271.52,9.3,2026-12-18
E009823,Kabir,Engineering,22,26.0,3530.13,2.81,2026-12-19
E009824,Isha,Finance,33,19.0,33465.37,6.89,2026-12-19
E009825,Aditya,Finance,52,15.0,95415.37,9.93,2026-12-19
E009826,Nisha,Sales,26,7.0,32131.7,8.29,2026-12-20
E009827,Diya,Operations,30,22.0,75909.05,6.19,2026-12-20
E009828,Rohan,Operations,28,31.0,57318.93,3.62,2026-12-20
E009829,Nisha,Engineering,54,5.0,78952.52,6.57,2026-12-21
E009830,Isha,Marketing,39,19.0,76784.14,8.35,2026-12-21
E009831,Nisha,HR,26,26.0,52440.73,3.51,2026-12-21
E009832,Aarav,Marketing,47,24.0,96548.31,8.85,2026-12-22
E009833,Diya,Sales,53,34.0,105754.45,8.53,2026-12-22
E009834,Tara,HR,55,9.0,74474.97,4.78,2026-12-22
E009835,,Sales,23,8.0,42639.57,1.93,2026-12-23
E009836,Rohan,Engineering,39,28.0,118422.37,8.3,2026-12-23
E009837,Diya,Engineering,31,30.0,45305.34,4.47,2026-12-23
E009838,Diya,Engineering,25,15.0,83433.76,9.18,2026-12-24
E009839,Isha,Finance,47,,94658.37,8.45,2026-12-24
E009840,Aditya,Finance,40,10.0,46350.46,1.46,2026-12-24
E009841,Kabir,Marketing,43,25.0,118435.06,3.81,2026-12-25
E009842,Aditya,Marketing,32,3.0,66037.7,8.11,2026-12-25
E009843,Aditya,Finance,23,23.0,111447.96,1.03,2026-12-25
E009844,Rohan,Marketing,22,24.0,20468.03,4.54,2026-12-26
E009845,Kabir,Engineering,49,32.0,56615.63,8.39,2026-12-26
E009846,Tara,Marketing,48,29.0,22494.71,6.53,2026-12-26
E009847,Nisha,Sales,52,18.0,41343.32,1.38,2026-12-27
E009848,Diya,Finance,34,5.0,124451.88,5.06,2026-12-27
E009849,Isha,Finance,30,29.0,71906.73,4.51,2026-12-27
E009850,Rohan,Engineering,38,11.0,91647.46,4.9,2026-12-28
E009851,Kabir,Engineering,21,6.0,16653.93,6.24,2026-12-28
E009852,,HR,50,7.0,46322.44,5.77,2026-12-28
E009853,Diya,Engineering,25,22.0,95880.25,4.29,2026-12-29
E009854,Nisha,Finance,44,26.0,106213.04,3.39,2026-12-29
E009855,Aditya,Engineering,61,30.0,65721.31,3.94,2026-12-29
E009856,Tara,Sales,51,32.0,71826.35,1.44,2026-12-30
E009857,Kabir,Engineering,31,4.0,55652.83,9.75,2026-12-30
E009858,Nisha,Engineering,45,4.0,77028.48,9.65,2026-12-30
E009859,Nisha,HR,38,16.0,62464.72,4.38,2026-12-31
E009860,Aditya,Marketing,53,19.0,73167.97,1.81,2026-12-31
E009861,Aditya,Engineering,41,25.0,91382.77,4.29,2026-12-31
E009862,Nisha,Marketing,27,11.0,95611.07,8.8,2027-01-01
E009863,Aditya,Finance,48,22.0,87489.55,8.91,2027-01-01
E009864,Aarav,Operations,40,15.0,117572.67,9.03,2027-01-01
E009865,Aarav,Sales,51,10.0,82450.54,2.75,2027-01-02
E009866,Kabir,Marketing,58,7.0,117740.17,8.96,2027-01-02
E009867,Tara,Engineering,31,34.0,107012.11,2.35,2027-01-02
E009868,Rohan,Engineering,39,26.0,65050.12,6.83,2027-01-03
E009869,,Operations,43,34.0,95985.65,4.31,2027-01-03
E009870,Tara,HR,39,13.0,56094.26,1.29,2027-01-03
E009871,,HR,27,7.0,57104.43,6.82,2027-01-04
E009872,Aditya,Engineering,55,14.0,58848.67,2.63,
E009873,Diya,Finance,38,8.0,54894.65,3.1,2027-01-04
E009874,Tara,Marketing,38,4.0,63746.64,5.06,2027-01-05
E009875,Rohan,HR,39,34.0,94082.09,3.69,2027-01-05
E009876,Nisha,HR,42,15.0,57249.54,3.77,2027-01-05
E009877,Kabir,HR,34,18.0,33254.8,6.04,2027-01-06
E009878,Rohan,Operations,41,30.0,7922.09,9.52,2027-01-06
E009879,Kabir,Operations,43,25.0,99557.66,1.22,2027-01-06
E009880,Tara,Sales,27,20.0,63064.2,5.15,2027-01-07
E009881,Aditya,HR,55,2.0,49935.96,3.58,2027-01-07
E009882,Aditya,Engineering,34,23.0,36259.01,8.39,2027-01-07
E009883,Aditya,Marketing,60,20.0,102051.27,7.9,2027-01-08
E009884,Rohan,Finance,51,34.0,25965.33,2.97,2027-01-08
E009885,,Engineering,41,27.0,63477.91,3.29,2027-01-08
E009886,Tara,Sales,29,26.0,96395.31,9.81,2027-01-09
E009887,Nisha,Engineering,44,1.0,41756.35,9.74,2027-01-09
E009888,Rohan,Engineering,40,27.0,48923.1,1.93,2027-01-09
E009889,Kabir,Marketing,26,2.0,55337.02,2.89,2027-01-10
E009890,Nisha,Marketing,52,5.0,89065.95,9.62,2027-01-10
E009891,Isha,Sales,26,17.0,76444.04,1.38,2027-01-10
E009892,Nisha,Marketing,59,26.0,97170.63,2.54,2027-01-11
E009893,Aditya,HR,60,5.0,83814.53,3.38,2027-01-11
E009894,Diya,Sales,60,4.0,88923.98,1.26,2027-01-11
E009895,,Marketing,24,14.0,58307.86,2.68,2027-01-12
E009896,Tara,Operations,43,17.0,95178.75,6.24,2027-01-12
E009897,Tara,Finance,31,,132071.06,4.02,2027-01-12
E009898,Aditya,Operations,53,4.0,73009.64,3.82,2027-01-13
,Rohan,Engineering,39,6.0,85998.69,7.71,2027-01-13
E009900,Tara,Engineering,28,28.0,67627.31,2.94,2027-01-13
E009901,Isha,Marketing,41,12.0,92145.69,5.22,2027-01-14
E009902,Rohan,Engineering,31,33.0,65597.17,2.68,2027-01-14
E009903,Aditya,Marketing,28,8.0,16760.53,6.07,2027-01-14
E009904,Tara,Operations,61,9.0,98027.61,8.81,2027-01-15
E009905,Aditya,Marketing,61,20.0,76543.5,6.64,2027-01-15
E009906,Isha,HR,61,26.0,86260.5,8.04,2027-01-15
E009907,Rohan,HR,25,13.0,70356.36,4.25,2027-01-16
E009908,Rohan,HR,32,5.0,89211.44,4.26,2027-01-16
E009909,Kabir,Operations,23,15.0,47646.75,4.91,2027-01-16
E009910,Rohan,HR,59,19.0,97990.59,2.65,2027-01-17
E009911,Isha,Marketing,41,21.0,70667.23,2.57,2027-01-17
E009912,Kabir,Marketing,48,17.0,30509.67,5.84,2027-01-17
E009913,Aarav,Operations,22,5.0,41071.83,7.16,2027-01-18
E009914,Nisha,Sales,51,6.0,72792.58,4.6,2027-01-18
E009915,Aditya,Engineering,29,23.0,78910.9,6.94,2027-01-18
E009916,Aditya,Sales,42,21.0,96433.08,5.72,2027-01-19
E009917,Diya,Marketing,26,22.0,78315.76,5.68,2027-01-19
E009918,Kabir,Sales,34,16.0,3000000.0,3.83,2027-01-19
E009919,Aarav,Marketing,22,31.0,102772.79,9.73,2027-01-20
E009920,Rohan,Operations,40,17.0,43656.85,9.22,2027-01-20
E009921,Aditya,HR,58,22.0,22763.23,3.5,2027-01-20
E009922,Aarav,Operations,57,18.0,41598.1,5.68,2027-01-21
E009923,Isha,Sales,45,9.0,84695.82,4.37,2027-01-21
E009924,Tara,Marketing,23,11.0,72321.5,5.0,2027-01-21
E009925,Aditya,Finance,40,18.0,9355.32,9.44,2027-01-22
E009926,Aarav,Marketing,29,19.0,78088.69,7.53,2027-01-22
E009927,Kabir,Operations,60,27.0,83315.57,9.51,2027-01-22
E009928,Rohan,Finance,42,0.0,56769.23,9.64,2027-01-23
E009929,Aarav,Marketing,34,19.0,85620.58,1.3,2027-01-23
E009930,Aarav,HR,22,16.0,69471.18,4.27,2027-01-23
E009931,Rohan,HR,38,,40921.75,8.95,2027-01-24
E009932,Isha,Marketing,41,34.0,10851.08,5.52,2027-01-24
E009933,Aditya,Engineering,21,23.0,40228.18,3.57,2027-01-24
E009934,Tara,Marketing,30,19.0,66330.92,3.95,2027-01-25
E009935,Tara,Engineering,51,7.0,65341.33,2.55,2027-01-25
E009936,Aditya,Finance,21,32.0,52857.69,3.84,2027-01-25
E009937,Diya,Finance,47,15.0,65629.75,-2.0,2027-01-26
E009938,Isha,Finance,46,5.0,84901.69,6.36,2027-01-26
E009939,Rohan,Sales,60,22.0,52135.21,6.18,2027-01-26
E009940,Aditya,HR,49,15.0,96100.93,2.45,2027-01-27
E009941,Diya,Engineering,43,18.0,63750.9,5.0,
E009942,Diya,Finance,60,1.0,84351.6,3.62,2027-01-27
,Isha,Engineering,26,20.0,89132.41,4.65,2027-01-28
E009944,Tara,Marketing,30,12.0,89609.41,2.19,2027-01-28
E009945,Tara,HR,25,21.0,99360.35,7.15,2027-01-28
E009946,Aarav,HR,49,29.0,37645.28,7.9,2027-01-29
E009947,Aarav,HR,54,32.0,42980.74,3.13,2027-01-29
E009948,Nisha,Marketing,90,16.0,75618.89,3.93,2027-01-29
E009949,Diya,HR,50,5.0,56080.08,3.24,2027-01-30
E009950,Aarav,Engineering,51,22.0,73665.82,6.82,2027-01-30
E009951,Kabir,Engineering,52,31.0,84763.33,7.32,2027-01-30
E009952,Isha,Finance,46,0.0,82900.36,8.99,2027-01-31
E009953,Aditya,Operations,32,8.0,24094.46,7.33,2027-01-31
E009954,Rohan,Finance,55,20.0,48414.49,3.69,2027-01-31
E009955,Aditya,Marketing,27,26.0,76759.9,5.31,2027-02-01
E009956,Nisha,Finance,43,30.0,41458.16,7.0,2027-02-01
E009957,Aarav,Operations,23,23.0,98070.1,1.44,2027-02-01
E009958,Tara,Engineering,21,10.0,87138.61,3.49,2027-02-02
E009959,,Operations,39,3.0,92593.81,9.19,
E009960,Rohan,Operations,40,14.0,83850.45,2.94,2027-02-02
E009961,Diya,Marketing,33,32.0,56832.46,2.94,2027-02-03
E009962,Tara,Engineering,47,33.0,73943.55,6.13,2027-02-03
E009963,Tara,Marketing,55,21.0,133183.96,9.75,2027-02-03
E009964,Kabir,Operations,43,25.0,73906.22,6.11,
E009965,Nisha,Marketing,59,27.0,47600.67,9.43,
E009966,Tara,Engineering,32,17.0,63281.37,4.39,2027-02-04
E009967,Isha,Operations,30,22.0,84720.63,8.87,2027-02-05
E009968,Rohan,Engineering,58,15.0,74611.82,5.56,2027-02-05
E009969,,Finance,48,33.0,77879.91,7.7,2027-02-05
E009970,Kabir,HR,58,18.0,53966.63,9.51,2027-02-06
E009971,Nisha,Operations,52,31.0,63787.66,3.36,2027-02-06
E009972,Aarav,Sales,52,15.0,114341.33,5.09,2027-02-06
E009973,Rohan,Finance,47,3.0,74983.39,9.6,2027-02-07
E009974,Diya,Engineering,60,3.0,51035.49,4.45,2027-02-07
E009975,Aarav,Finance,53,20.0,110868.74,5.28,2027-02-07
E009976,Aarav,Sales,55,19.0,77946.78,1.2,2027-02-08
E009977,Isha,Engineering,21,11.0,36940.72,7.62,2027-02-08
E009978,Kabir,Engineering,56,33.0,93509.44,2.71,2027-02-08
E009979,Nisha,Marketing,39,15.0,70356.31,8.26,2027-02-09
E009980,Diya,Sales,29,7.0,72974.98,2.08,2027-02-09
E009981,Nisha,Sales,60,26.0,58629.24,9.22,2027-02-09
E009982,Aditya,Operations,25,16.0,68766.52,6.47,2027-02-10
E009983,Nisha,Marketing,36,16.0,-12619.43,5.87,2027-02-10
E009984,Kabir,Engineering,56,22.0,33517.41,2.36,2027-02-10
E009985,Rohan,HR,35,17.0,101290.5,1.48,2027-02-11
E009986,Isha,Sales,61,20.0,67613.72,8.75,2027-02-11
E009987,Isha,Engineering,57,23.0,77238.01,9.18,2027-02-11
E009988,Aarav,Engineering,60,17.0,65981.73,4.53,2027-02-12
E009989,Tara,Operations,25,7.0,69107.25,9.24,2027-02-12
E009990,Isha,Finance,32,22.0,36817.64,4.55,2027-02-12
,Rohan,HR,29,16.0,99586.77,9.55,2027-02-13
E009992,Isha,Operations,39,31.0,122270.75,8.67,2027-02-13
E009993,Diya,Operations,27,33.0,47528.57,9.87,2027-02-13
E009994,Aarav,Operations,27,13.0,56346.65,6.42,2027-02-14
E009995,Isha,Engineering,48,5.0,47212.57,4.15,2027-02-14
E009996,Aditya,Finance,29,33.0,23255.25,6.47,2027-02-14
E009997,Diya,Operations,33,,121929.25,7.59,2027-02-15
E009998,Aarav,Sales,22,31.0,64146.28,7.93,2027-02-15
E009999,Nisha,Engineering,43,32.0,73572.66,1.99,2027-02-15
E010000,Diya,Operations,57,5.0,43920.45,6.53,2027-02-16
E010001,Rohan,Engineering,23,28.0,66691.24,5.52,2027-02-16
E010002,Isha,Operations,26,25.0,91594.52,3.35,2027-02-16
E010003,Rohan,Marketing,29,32.0,74234.66,3.55,2027-02-17
E010004,Tara,HR,28,17.0,62061.74,6.8,2027-02-17
E010005,Aarav,Operations,38,30.0,90798.34,3.5,2027-02-17
E010006,Diya,Finance,49,10.0,60989.0,1.94,2027-02-18
E010007,Diya,Engineering,32,20.0,67023.2,6.34,2027-02-18
E010008,Nisha,Marketing,31,31.0,48242.7,5.45,2027-02-18
E010009,Isha,Marketing,29,3.0,65144.04,1.88,2027-02-19
E010010,Diya,HR,56,12.0,27334.08,6.39,2027-02-19
E010011,Diya,Engineering,52,23.0,105271.45,6.38,2027-02-19
E010012,Isha,Operations,41,15.0,44125.28,2.83,2027-02-20
E010013,Diya,Operations,22,0.0,74430.17,8.18,2027-02-20
E010014,Kabir,Operations,25,4.0,38345.69,2.52,2027-02-20
E010015,Diya,Engineering,54,4.0,40173.11,7.86,2027-02-21
E010016,Rohan,Operations,53,20.0,75583.49,1.64,2027-02-21
E010017,Nisha,Engineering,49,,61498.01,6.6,2027-02-21
E010018,Diya,Operations,60,21.0,27571.09,8.84,2027-02-22
E010019,Aarav,Finance,55,16.0,77657.33,5.55,2027-02-22
E010020,Tara,Sales,47,32.0,100525.8,3.32,2027-02-22
E010021,Tara,HR,24,6.0,41214.5,8.37,2027-02-23
E010022,Kabir,HR,51,16.0,51047.18,3.61,2027-02-23
E010023,Isha,HR,21,32.0,88035.53,4.85,2027-02-23
E010024,Isha,Engineering,46,25.0,73669.37,2.05,2027-02-24
E010025,Diya,Engineering,34,23.0,50614.69,5.6,2027-02-24
E010026,Rohan,Marketing,22,15.0,84937.76,8.74,2027-02-24
E010027,Aarav,Sales,61,18.0,63037.12,5.61,2027-02-25
E010028,Tara,Sales,25,22.0,83861.01,8.07,2027-02-25
E010029,Kabir,Marketing,42,26.0,115688.21,2.38,2027-02-25
E010030,Isha,Sales,26,9.0,106074.28,8.59,2027-02-26
E010031,Isha,Operations,56,23.0,54953.27,4.34,2027-02-26
E010032,Kabir,Sales,54,27.0,60881.5,4.99,2027-02-26
E010033,Nisha,Finance,27,29.0,62541.58,1.92,2027-02-27
E010034,Tara,Engineering,34,29.0,87141.12,7.97,2027-02-27
E010035,Nisha,Finance,25,3.0,72754.32,6.31,2027-02-27
E010036,Tara,Finance,27,26.0,79918.5,7.38,2027-02-28
E010037,Aditya,HR,39,27.0,48466.69,8.48,2027-02-28
E010038,Aditya,Engineering,25,6.0,69236.99,1.66,2027-02-28
E010039,Diya,Operations,36,27.0,36036.63,4.09,2027-03-01
E010040,Diya,Marketing,59,7.0,74597.84,8.27,2027-03-01
E010041,Tara,Sales,43,28.0,50018.19,3.71,2027-03-01
E010042,Kabir,Sales,53,3.0,41672.42,1.04,2027-03-02
E010043,Nisha,Operations,31,13.0,71560.42,3.55,2027-03-02
,Isha,Operations,60,10.0,72866.49,7.45,2027-03-02
,Rohan,Finance,55,0.0,57120.47,1.27,2027-03-03
E010046,Nisha,HR,39,25.0,67807.07,7.05,2027-03-03
E010047,,Operations,23,27.0,51209.53,4.77,2027-03-03
E010048,Kabir,Engineering,57,1.0,52037.87,3.64,2027-03-04
E010049,Rohan,Sales,23,24.0,51051.1,5.48,2027-03-04
E010050,Aarav,Finance,61,25.0,78938.33,3.08,2027-03-04
E010051,Diya,Engineering,46,10.0,73093.26,7.49,2027-03-05
E010052,Aarav,Operations,45,3.0,13630.92,5.31,2027-03-05
E010053,Aditya,HR,25,15.0,104106.4,7.63,2027-03-05
E010054,Rohan,Marketing,52,19.0,15856.39,7.59,2027-03-06
E010055,Aditya,Sales,46,27.0,44764.95,1.45,2027-03-06
E010056,Isha,Engineering,43,34.0,95120.37,2.74,2027-03-06
E010057,Tara,Marketing,33,9.0,59578.93,9.87,2027-03-07
E010058,Aarav,Sales,27,28.0,86346.64,6.48,2027-03-07
E010059,Aarav,HR,57,21.0,82819.3,5.57,2027-03-07
E010060,,Operations,50,11.0,51359.53,7.35,2027-03-08
E010061,Tara,Sales,61,20.0,91217.28,1.3,2027-03-08
E010062,Aditya,Operations,37,3.0,80251.11,2.3,2027-03-08
E010063,Kabir,Marketing,61,6.0,72560.24,4.59,2027-03-09
E010064,Diya,Engineering,52,24.0,67255.23,6.51,2027-03-09
E010065,Aditya,Engineering,53,5.0,127804.02,9.54,2027-03-09
E010066,Nisha,HR,53,14.0,61376.28,6.92,2027-03-10
E010067,Tara,HR,60,24.0,92833.92,8.55,2027-03-10
E010068,Aditya,HR,40,29.0,95394.89,9.22,2027-03-10
E010069,Aditya,Operations,52,6.0,99102.14,7.23,2027-03-11
E010070,Kabir,Finance,61,10.0,103804.11,4.54,2027-03-11
E010071,Isha,Engineering,58,19.0,71275.36,9.27,2027-03-11
E010072,Aarav,Finance,55,2.0,70720.45,5.91,2027-03-12
E010073,Aditya,Engineering,39,31.0,97334.65,6.08,2027-03-12
E010074,Isha,Marketing,50,3.0,57249.0,7.33,2027-03-12
E010075,Tara,HR,53,29.0,51582.97,4.46,2027-03-13
E010076,Nisha,Operations,36,9.0,87507.21,2.96,2027-03-13
E010077,Aditya,HR,58,17.0,45847.59,2.44,2027-03-13
E010078,Aditya,Engineering,49,2.0,62753.72,5.22,2027-03-14
E010079,Aditya,HR,33,25.0,68548.59,5.53,2027-03-14
E010080,Aditya,Engineering,46,17.0,67050.89,8.83,2027-03-14
E010081,Aditya,Sales,57,34.0,71583.96,9.19,2027-03-15
E010082,Aarav,HR,44,33.0,89554.26,4.36,2027-03-15
E010083,Rohan,HR,37,14.0,107260.07,6.95,2027-03-15
E010084,Isha,Marketing,23,32.0,51170.96,6.03,2027-03-16
E010085,Rohan,Operations,31,31.0,76791.35,1.14,2027-03-16
E010086,Kabir,Finance,53,31.0,68674.63,6.2,2027-03-16
E010087,Kabir,Finance,56,13.0,75545.63,5.69,2027-03-17
E010088,Tara,Engineering,26,9.0,64588.86,2.4,2027-03-17
E010089,Rohan,HR,53,23.0,49249.09,5.16,2027-03-17
E010090,Aditya,Sales,32,16.0,81506.48,3.58,2027-03-18
E010091,Kabir,Marketing,47,18.0,52390.37,7.64,2027-03-18
E010092,Nisha,Marketing,30,15.0,81763.82,3.59,
E010093,Isha,Finance,37,14.0,91772.49,4.21,2027-03-19
E010094,Diya,Operations,38,6.0,36038.77,6.2,2027-03-19
E010095,Isha,Operations,58,23.0,87395.01,5.12,2027-03-19
E010096,Isha,HR,60,3.0,49900.25,7.22,2027-03-20
E010097,Diya,Marketing,21,27.0,11602.58,1.21,2027-03-20
E010098,Nisha,Operations,47,7.0,78593.44,8.73,2027-03-20
,,Sales,46,12.0,68555.09,1.72,2027-03-21
E010100,Kabir,Marketing,25,33.0,78835.43,5.25,2027-03-21
E010101,Isha,Marketing,35,8.0,61165.82,8.72,2027-03-21
E010102,Isha,Finance,35,10.0,28970.3,8.85,2027-03-22
E010103,Nisha,Engineering,53,13.0,90095.44,8.25,2027-03-22
E010104,Kabir,Finance,40,15.0,58765.85,1.27,2027-03-22
E010105,Kabir,HR,55,16.0,98670.65,5.21,2027-03-23
E010106,Rohan,HR,57,15.0,52845.11,2.41,2027-03-23
E010107,Nisha,Sales,25,16.0,97797.85,9.53,2027-03-23
E010108,Isha,Operations,49,7.0,41782.88,7.8,2027-03-24
E010109,Rohan,Marketing,26,13.0,55740.61,1.86,2027-03-24
E010110,Isha,Finance,34,29.0,63038.92,4.97,2027-03-24
E010111,Aditya,Operations,31,21.0,67328.39,1.48,2027-03-25
E010112,Aditya,Operations,46,8.0,59656.68,1.8,2027-03-25
E010113,Tara,Marketing,35,6.0,104457.72,4.17,2027-03-25
E010114,Rohan,HR,28,6.0,75153.21,7.86,
E010115,Aditya,HR,30,18.0,82069.81,3.61,2027-03-26
E010116,Isha,Finance,47,24.0,85558.27,2.92,2027-03-26
E010117,Isha,Sales,60,22.0,94194.17,7.29,2027-03-27
E010118,Tara,HR,60,30.0,104114.38,6.35,2027-03-27
E010119,Kabir,Marketing,29,31.0,80019.21,8.55,2027-03-27
E010120,Diya,Engineering,54,6.0,28134.03,9.2,2027-03-28
E010121,Rohan,HR,52,2.0,83156.71,5.92,2027-03-28
E010122,Diya,HR,49,4.0,31707.23,2.41,2027-03-28
E010123,Tara,Engineering,50,2.0,82185.11,6.0,2027-03-29
E010124,Kabir,HR,40,13.0,42400.45,6.18,2027-03-29
E010125,Aditya,Sales,50,5.0,75064.87,7.4,2027-03-29
E010126,Kabir,Engineering,40,,61770.81,6.11,2027-03-30
,Aditya,HR,49,5.0,94847.18,4.64,2027-03-30
E010128,Kabir,Sales,50,17.0,81697.2,4.51,2027-03-30
E010129,Rohan,Operations,61,2.0,18589.81,2.77,2027-03-31
E010130,Kabir,Engineering,49,13.0,74012.17,6.8,2027-03-31
E010131,Aarav,Finance,55,28.0,102903.23,8.83,2027-03-31
E010132,Kabir,Marketing,57,18.0,73145.72,4.7,2027-04-01
E010133,Isha,Sales,33,32.0,90643.54,1.64,2027-04-01
E010134,Aditya,Finance,49,30.0,69686.6,6.14,2027-04-01
E010135,Aarav,Operations,23,21.0,57406.27,1.5,2027-04-02
E010136,Nisha,HR,25,32.0,92950.96,3.58,2027-04-02
E010137,Tara,HR,48,11.0,57727.17,8.81,2027-04-02
E010138,Aarav,Marketing,46,16.0,70011.65,1.94,2027-04-03
E010139,Tara,Sales,49,18.0,17334.05,9.8,2027-04-03
E010140,Aditya,Finance,27,29.0,69724.01,1.12,2027-04-03
E010141,Aditya,Operations,29,17.0,71274.58,1.39,2027-04-04
E010142,Nisha,HR,58,20.0,71895.81,8.33,2027-04-04
E010143,Tara,HR,27,24.0,66944.87,2.4,2027-04-04
E010144,Isha,HR,36,10.0,58920.77,2.89,2027-04-05
E010145,Aarav,Operations,26,,45246.73,8.21,2027-04-05
E010146,,Operations,58,20.0,80068.33,8.2,2027-04-05
E010147,Rohan,Engineering,50,2.0,71385.33,7.05,2027-04-06
E010148,Kabir,Finance,45,33.0,72756.13,2.32,2027-04-06
E010149,Kabir,Marketing,54,25.0,89435.97,4.48,2027-04-06
E010150,Diya,Operations,22,20.0,91989.67,6.04,2027-04-07
E010151,Rohan,Engineering,31,34.0,34181.11,5.66,2027-04-07
E010152,Aditya,Engineering,35,19.0,78824.41,2.95,
E010153,Tara,HR,53,13.0,94776.59,7.35,2027-04-08
E010154,Nisha,Engineering,22,27.0,78788.82,4.54,2027-04-08
E010155,Nisha,Engineering,26,11.0,79817.78,3.92,2027-04-08
E010156,Aditya,Operations,35,26.0,54669.73,9.6,2027-04-09
E010157,Diya,Engineering,57,3.0,87323.41,2.05,2027-04-09
E010158,Kabir,Marketing,31,4.0,22280.01,4.0,2027-04-09
,Diya,Marketing,54,2.0,72948.96,8.86,2027-04-10
E010160,Diya,Operations,32,29.0,36134.34,7.54,2027-04-10
,Diya,Finance,38,28.0,78326.03,7.26,2027-04-10
E010162,Tara,HR,61,30.0,47074.11,9.26,2027-04-11
E010163,Tara,Sales,28,5.0,104060.55,3.94,2027-04-11
E010164,Rohan,Finance,22,33.0,64230.28,4.47,2027-04-11
E010165,Diya,HR,24,9.0,56250.44,3.04,2027-04-12
E010166,Isha,Engineering,33,12.0,59420.8,3.72,2027-04-12
E010167,Aarav,Engineering,32,10.0,107395.84,7.46,2027-04-12
E010168,Tara,Sales,50,31.0,76428.42,8.69,2027-04-13
E010169,Rohan,Finance,25,31.0,55702.29,9.07,2027-04-13
E010170,Diya,HR,54,18.0,88063.06,7.47,2027-04-13
E010171,Aditya,Finance,56,25.0,81268.01,2.83,
E010172,Rohan,Marketing,27,2.0,71189.34,1.04,2027-04-14
E010173,Diya,Marketing,45,5.0,70773.55,4.1,2027-04-14
E010174,Rohan,Engineering,61,26.0,74546.59,3.43,2027-04-15
E010175,Isha,Marketing,53,5.0,72617.77,6.12,2027-04-15
E010176,Tara,Engineering,55,13.0,74075.07,5.54,2027-04-15
E010177,Nisha,Marketing,48,10.0,93889.59,6.96,2027-04-16
E010178,Kabir,Marketing,33,18.0,43737.85,5.75,2027-04-16
E010179,Kabir,Sales,36,,57192.82,9.79,2027-04-16
E010180,Aarav,Operations,22,34.0,98038.07,4.18,2027-04-17
E010181,Kabir,Engineering,29,9.0,88557.26,7.09,2027-04-17
E010182,Diya,Sales,23,31.0,63433.4,4.36,2027-04-17
E010183,,Marketing,26,8.0,94518.74,4.32,2027-04-18
E010184,Isha,Engineering,25,34.0,50465.86,6.66,2027-04-18
E010185,Nisha,engineering,34,7.0,27058.84,1.22,2027-04-18
E010186,Aditya,Operations,57,23.0,39112.07,3.45,2027-04-19
E010187,Kabir,Operations,31,18.0,64761.6,2.66,2027-04-19
E010188,Aditya,Engineering,24,26.0,57221.58,7.8,2027-04-19
E010189,Aarav,Marketing,57,17.0,88853.63,1.41,2027-04-20
E010190,Diya,Sales,44,14.0,100854.03,9.43,2027-04-20
E010191,Diya,HR,24,22.0,81843.27,9.74,2027-04-20
E010192,Kabir,Sales,61,19.0,70830.0,7.59,2027-04-21
,Rohan,Marketing,37,7.0,47932.33,5.91,2027-04-21
E010194,Kabir,Operations,46,13.0,75136.33,9.78,2027-04-21
E010195,Nisha,Engineering,24,27.0,98114.52,2.64,2027-04-22
E010196,Tara,Engineering,45,34.0,77667.18,8.77,2027-04-22
E010197,Diya,Engineering,48,20.0,73329.41,3.48,2027-04-22
E010198,Nisha,Sales,30,17.0,62928.06,6.28,2027-04-23
E010199,,Finance,45,27.0,17939.13,5.73,2027-04-23
E010200,Tara,Finance,22,9.0,98423.1,6.33,2027-04-23
E010201,Aditya,Engineering,28,13.0,59093.51,4.78,2027-04-24
E010202,Tara,HR,61,25.0,80711.77,9.02,2027-04-24
E010203,Aarav,HR,24,31.0,18873.01,1.61,2027-04-24
E010204,Diya,Sales,49,16.0,71596.48,2.56,2027-04-25
E010205,Isha,HR,35,7.0,68299.17,3.97,2027-04-25
E010206,Tara,HR,44,13.0,69483.54,2.83,2027-04-25
E010207,Isha,Finance,26,10.0,96712.17,4.49,2027-04-26
E010208,Aarav,Finance,37,15.0,74220.19,7.88,2027-04-26
E010209,Nisha,Sales,0,26.0,110133.45,7.85,2027-04-26
E010210,Kabir,Engineering,40,32.0,58344.53,3.17,2027-04-27
E010211,Diya,Finance,21,20.0,36773.07,8.52,2027-04-27
E010212,Tara,Marketing,60,2.0,68343.93,5.21,2027-04-27
E010213,Diya,Engineering,51,15.0,95919.32,1.47,2027-04-28
E010214,Aditya,Engineering,42,14.0,29946.34,6.73,2027-04-28
E010215,Aditya,HR,38,11.0,63230.25,7.87,2027-04-28
E010216,Diya,Engineering,23,1.0,48505.91,4.36,2027-04-29
E010217,Tara,Sales,31,22.0,102007.14,4.2,2027-04-29
E010218,Aarav,Sales,39,11.0,115104.67,1.84,2027-04-29
E010219,Diya,HR,31,22.0,63500.81,3.87,2027-04-30
,Tara,Engineering,37,25.0,10637.0,9.64,2027-04-30
E010221,Isha,HR,54,26.0,67052.7,1.01,2027-04-30
E010222,Nisha,Sales,34,21.0,76044.18,3.55,2027-05-01
E010223,Nisha,Finance,53,24.0,30336.61,9.26,2027-05-01
E010224,Nisha,Operations,28,15.0,87848.32,1.66,
E010225,Tara,Marketing,56,20.0,110587.44,1.28,2027-05-02
E010226,Aditya,HR,44,22.0,102251.76,8.3,2027-05-02
E010227,Rohan,Marketing,21,1.0,81833.79,7.59,2027-05-02
E010228,Aarav,Finance,31,25.0,96050.59,2.41,2027-05-03
E010229,Tara,HR,53,2.0,67121.83,3.67,2027-05-03
E010230,Rohan,Marketing,23,13.0,49737.72,2.61,2027-05-03
E010231,Tara,HR,56,10.0,87414.92,6.83,2027-05-04
E010232,Rohan,HR,27,8.0,94251.94,6.17,2027-05-04
E010233,Diya,Operations,31,6.0,45185.13,8.89,2027-05-04
E010234,Rohan,HR,39,10.0,59396.24,4.39,2027-05-05
E010235,Diya,Engineering,36,14.0,83507.44,6.55,2027-05-05
E010236,Tara,Finance,33,32.0,119696.4,9.49,2027-05-05
E010237,Nisha,Engineering,22,11.0,53897.52,7.07,2027-05-06
E010238,Rohan,Marketing,43,,87179.93,9.34,2027-05-06
E010239,Diya,Operations,31,21.0,35976.75,3.17,2027-05-06
E010240,Aditya,Marketing,26,32.0,86259.77,6.47,2027-05-07
E010241,Rohan,Engineering,29,29.0,61656.5,9.02,2027-05-07
E010242,Nisha,Operations,32,24.0,41683.21,2.76,2027-05-07
E010243,Nisha,Finance,42,21.0,49880.56,5.51,2027-05-08
E010244,Aarav,Sales,39,8.0,108273.23,3.61,2027-05-08
E010245,Nisha,HR,39,7.0,70903.58,5.45,2027-05-08
E010246,Diya,Finance,27,15.0,29368.9,8.68,2027-05-09
E010247,Isha,HR,23,24.0,56902.18,3.56,2027-05-09
E010248,Nisha,Finance,50,5.0,123093.48,2.47,2027-05-09
E010249,Tara,Marketing,36,6.0,26508.31,3.56,2027-05-10
E010250,Kabir,Operations,55,21.0,77049.86,6.99,2027-05-10
E010251,Aarav,Operations,51,26.0,143756.2,5.96,2027-05-10
E010252,Nisha,Engineering,21,2.0,39083.87,7.9,2027-05-11
E010253,Aditya,Marketing,40,30.0,70773.68,7.17,2027-05-11
E010254,Aditya,HR,33,3.0,60904.03,4.82,2027-05-11
E010255,Rohan,Finance,50,12.0,100846.54,9.97,2027-05-12
E010256,Diya,Engineering,22,19.0,72632.02,5.71,
E010257,Aarav,Operations,37,14.0,88704.51,9.48,2027-05-12
E010258,Nisha,Engineering,40,7.0,56925.21,4.29,2027-05-13
E010259,Aditya,Sales,33,29.0,47827.7,8.08,2027-05-13
E010260,Isha,Marketing,56,2.0,83714.93,3.35,2027-05-13
E010261,Isha,Operations,41,22.0,61426.83,7.25,2027-05-14
E010262,Isha,HR,36,6.0,62990.01,8.12,2027-05-14
E010263,Aarav,Finance,33,13.0,31202.64,5.89,2027-05-14
E010264,Aditya,Sales,35,9.0,28293.12,4.9,2027-05-15
E010265,Diya,Engineering,28,32.0,50109.65,7.09,2027-05-15
E010266,Diya,HR,38,29.0,68905.13,8.03,2027-05-15
E010267,Diya,Finance,46,8.0,98824.09,9.38,2027-05-16
E010268,Diya,Marketing,42,13.0,76278.02,7.75,2027-05-16
E010269,Aarav,Finance,55,31.0,85692.27,8.17,2027-05-16
E010270,Nisha,Finance,32,33.0,57632.03,9.49,2027-05-17
E010271,Aditya,Marketing,51,32.0,10818.48,3.03,2027-05-17
E010272,Nisha,Sales,38,3.0,100705.02,7.36,2027-05-17
E010273,Kabir,HR,40,,124338.91,8.89,2027-05-18
E010274,Nisha,Engineering,32,10.0,60268.44,2.27,2027-05-18
E010275,Kabir,Engineering,55,13.0,83581.05,1.19,2027-05-18
E010276,Aarav,Marketing,23,12.0,48916.76,8.16,2027-05-19
E010277,Diya,Sales,29,27.0,81972.52,6.79,2027-05-19
E010278,Diya,HR,23,27.0,22065.87,8.28,2027-05-19
E010279,Diya,HR,57,3.0,86467.21,3.0,2027-05-20
E010280,Diya,Engineering,39,27.0,143374.96,2.2,2027-05-20
E010281,Kabir,Finance,61,30.0,58084.09,5.06,2027-05-20
E010282,Aarav,Engineering,40,20.0,84596.25,9.38,2027-05-21
E010283,Kabir,Operations,41,10.0,105039.7,3.41,2027-05-21
E010284,Diya,Finance,42,21.0,63340.53,8.05,2027-05-21
E010285,Nisha,Marketing,52,28.0,53987.58,3.36,2027-05-22
E010286,Diya,Finance,46,30.0,50561.59,6.84,2027-05-22
E010287,Nisha,HR,50,12.0,51855.72,9.5,2027-05-22
E010288,Aarav,HR,43,3.0,26437.41,9.07,2027-05-23
E010289,Tara,Sales,53,14.0,33895.21,7.17,2027-05-23
E010290,Kabir,Marketing,49,4.0,68144.59,4.35,2027-05-23
E010291,Diya,Sales,33,13.0,86398.71,3.25,2027-05-24
E010292,Diya,Sales,37,25.0,126751.29,2.4,2027-05-24
E010293,Rohan,Engineering,28,22.0,106014.28,2.39,2027-05-24
E010294,Nisha,Engineering,61,33.0,37554.47,6.37,2027-05-25
E010295,Nisha,HR,41,27.0,53314.19,4.13,2027-05-25
E010296,Diya,Engineering,52,16.0,44533.93,2.54,2027-05-25
E010297,Rohan,Finance,42,28.0,76883.49,9.6,2027-05-26
E010298,Aditya,Engineering,28,9.0,63416.79,5.55,2027-05-26
E010299,Kabir,HR,34,23.0,106910.33,8.22,2027-05-26
E010300,Isha,Engineering,45,14.0,42772.01,4.43,2027-05-27
E010301,Aarav,Engineering,48,1.0,117188.8,9.67,2027-05-27
E010302,Aarav,Marketing,53,15.0,86237.16,8.27,2027-05-27
E010303,,HR,34,23.0,91951.76,8.88,2027-05-28
E010304,Aditya,HR,31,12.0,68109.3,3.33,2027-05-28
E010305,,Operations,28,29.0,58314.33,6.65,2027-05-28
E010306,Aarav,Sales,38,9.0,72162.79,8.28,2027-05-29
E010307,Nisha,Engineering,24,2.0,39194.59,4.26,2027-05-29
E010308,Tara,Operations,26,17.0,85603.12,9.05,2027-05-29
E010309,Aarav,HR,44,34.0,37512.86,7.36,2027-05-30
E010310,Aarav,Finance,30,17.0,69808.38,6.24,2027-05-30
E010311,Aarav,Sales,61,21.0,56597.91,6.04,2027-05-30
E010312,Aditya,Marketing,44,5.0,66028.46,2.63,2027-05-31
E010313,Isha,Operations,49,19.0,65685.58,6.64,2027-05-31
E010314,Isha,HR,49,8.0,62380.58,5.28,2027-05-31
E010315,Kabir,Engineering,49,26.0,69483.93,7.41,2027-06-01
E010316,,Sales,43,23.0,41641.34,3.76,2027-06-01
E010317,Aditya,Finance,38,23.0,48450.14,1.03,2027-06-01
E010318,Nisha,Finance,21,7.0,49112.23,7.48,2027-06-02
E010319,Aditya,Sales,43,31.0,51301.79,8.0,2027-06-02
E010320,Diya,Marketing,44,33.0,95509.57,4.15,2027-06-02
E010321,Diya,Finance,29,32.0,59144.39,3.42,2027-06-03
E010322,Rohan,Sales,39,29.0,58413.96,2.05,2027-06-03
E010323,Rohan,HR,27,0.0,52360.81,7.69,2027-06-03
E010324,Rohan,Finance,40,16.0,97140.47,8.97,2027-06-04
E010325,Kabir,Engineering,45,9.0,50845.7,6.79,2027-06-04
E010326,Diya,HR,22,26.0,51295.81,4.8,2027-06-04
E010327,Diya,HR,43,,79445.84,5.77,2027-06-05
E010328,Aarav,Finance,36,17.0,122366.45,7.36,2027-06-05
E010329,Nisha,Operations,37,25.0,43355.51,4.3,2027-06-05
E010330,Nisha,Engineering,23,32.0,92613.63,8.62,2027-06-06
E010331,Aarav,Operations,47,1.0,66912.65,9.48,2027-06-06
E010332,Rohan,HR,38,6.0,74973.21,4.0,2027-06-06
E010333,Diya,Engineering,57,26.0,59916.42,2.83,2027-06-07
E010334,Aarav,Finance,22,29.0,62034.61,2.36,2027-06-07
E010335,Aditya,Marketing,31,5.0,74730.36,5.09,2027-06-07
E010336,Tara,HR,56,23.0,79643.57,8.04,2027-06-08
E010337,Aarav,Sales,46,4.0,23200.53,9.4,
E010338,Nisha,Engineering,25,1.0,74357.43,8.29,2027-06-08
E010339,Nisha,Operations,55,,61368.43,6.76,2027-06-09
E010340,Diya,HR,51,25.0,58285.73,2.36,2027-06-09
E010341,Diya,Marketing,57,23.0,62165.94,9.88,2027-06-09
E010342,Tara,Engineering,42,20.0,56006.94,8.52,2027-06-10
E010343,Tara,Sales,46,30.0,71379.57,9.83,2027-06-10
E010344,Diya,Finance,50,29.0,70350.55,8.57,2027-06-10
E010345,Diya,Finance,56,6.0,81665.28,3.85,2027-06-11
E010346,Aditya,Sales,53,17.0,79811.91,2.1,2027-06-11
E010347,Nisha,Finance,35,30.0,69555.97,7.95,2027-06-11
E010348,Aarav,Sales,35,13.0,71034.77,7.45,2027-06-12
E010349,Diya,Operations,32,24.0,61158.57,1.08,2027-06-12
E010350,Aarav,Marketing,28,29.0,51227.99,7.44,2027-06-12
E010351,Nisha,Engineering,36,20.0,68298.98,7.73,2027-06-13
E010352,Diya,HR,22,6.0,49209.06,3.04,2027-06-13
E010353,Nisha,Operations,32,0.0,78367.06,2.81,2027-06-13
E010354,Diya,Sales,59,1.0,61765.91,9.95,2027-06-14
E010355,Aditya,Finance,60,34.0,121248.93,3.86,2027-06-14
E010356,Rohan,Engineering,34,7.0,81708.07,4.14,2027-06-14
E010357,Tara,Finance,33,,69021.21,8.35,
E010358,Diya,Marketing,59,7.0,86914.23,6.17,2027-06-15
E010359,Aditya,Marketing,48,23.0,54966.39,3.18,2027-06-15
,Aarav,HR,47,22.0,109052.17,3.23,2027-06-16
E010361,Rohan,Marketing,36,8.0,87157.27,6.76,2027-06-16
E010362,Diya,Operations,26,12.0,70404.45,1.03,2027-06-16
E010363,Tara,Engineering,56,34.0,92444.87,4.68,2027-06-17
E010364,Tara,Finance,37,11.0,103302.44,5.45,2027-06-17
E010365,Aditya,Engineering,40,29.0,104391.79,8.62,2027-06-17
E010366,Aditya,Marketing,54,4.0,95226.51,4.47,2027-06-18
E010367,Aarav,Marketing,53,14.0,30549.3,4.86,2027-06-18
E010368,Diya,Marketing,38,32.0,58225.62,4.36,2027-06-18
E010369,Nisha,Sales,41,30.0,76353.4,7.78,2027-06-19
E010370,Aarav,HR,40,0.0,47772.87,5.35,2027-06-19
E010371,Tara,Marketing,56,23.0,26444.28,8.45,2027-06-19
E010372,Aarav,Sales,56,5.0,21378.5,9.62,2027-06-20
E010373,Kabir,Marketing,29,17.0,90809.04,8.88,2027-06-20
E010374,Isha,Finance,39,34.0,12503.53,9.18,2027-06-20
E010375,Aditya,Operations,47,2.0,60546.02,3.16,2027-06-21
E010376,Aditya,Operations,27,32.0,28338.92,4.73,2027-06-21
E010377,Isha,Operations,34,16.0,75923.12,6.97,2027-06-21
E010378,Tara,Operations,29,19.0,72234.71,2.66,2027-06-22
E010379,Diya,Marketing,28,32.0,100114.87,7.91,2027-06-22
E010380,Rohan,Engineering,43,25.0,77222.33,6.83,2027-06-22
E010381,Aarav,Operations,23,22.0,85770.23,4.98,2027-06-23
E010382,Kabir,Sales,27,25.0,75890.02,9.42,2027-06-23
E010383,Rohan,Finance,42,16.0,19196.83,2.8,2027-06-23
E010384,Diya,Operations,44,21.0,39272.69,3.05,2027-06-24
E010385,Rohan,HR,43,0.0,114918.41,4.71,2027-06-24
E010386,Tara,Marketing,31,21.0,66454.01,6.84,2027-06-24
E010387,Nisha,Finance,39,3.0,51755.65,6.78,2027-06-25
E010388,Aditya,Finance,21,15.0,77908.1,8.29,2027-06-25
E010389,Aarav,Engineering,29,6.0,120709.75,3.3,2027-06-25
E010390,Isha,Finance,50,29.0,94827.21,9.93,2027-06-26
E010391,Aditya,HR,30,18.0,101795.67,3.2,2027-06-26
E010392,Rohan,Finance,54,0.0,91712.65,9.33,2027-06-26
E010393,Tara,Engineering,28,27.0,82195.92,7.17,2027-06-27
E010394,Aditya,Engineering,60,10.0,69897.97,8.8,2027-06-27
E010395,Tara,Engineering,39,0.0,105197.63,4.25,2027-06-27
E010396,Aditya,Finance,35,13.0,56889.69,1.2,2027-06-28
E010397,Aditya,Sales,49,11.0,25237.07,4.04,2027-06-28
E010398,Aditya,Finance,26,10.0,66241.32,7.56,2027-06-28
E010399,Aditya,HR,23,11.0,70398.58,7.75,2027-06-29
E010400,Aarav,HR,37,13.0,65627.79,7.56,2027-06-29
E010401,Isha,Finance,51,28.0,53191.24,8.06,2027-06-29
E010402,Nisha,Finance,53,21.0,40256.51,3.69,2027-06-30
E010403,Nisha,HR,47,18.0,54034.5,9.54,2027-06-30
E010404,Rohan,Engineering,59,13.0,60179.52,5.52,2027-06-30
E010405,Tara,Finance,52,4.0,87267.69,7.0,2027-07-01
E010406,Rohan,Engineering,26,22.0,56218.07,6.3,2027-07-01
E010407,Isha,Operations,26,9.0,82943.19,9.41,2027-07-01
E010408,Diya,HR,35,5.0,43469.85,3.39,2027-07-02
E010409,Rohan,Engineering,28,12.0,60155.31,5.55,2027-07-02
E010410,Aditya,Marketing,38,7.0,97109.24,3.16,2027-07-02
E010411,Tara,Marketing,59,7.0,68094.8,9.77,2027-07-03
E010412,Isha,HR,50,17.0,82312.98,4.53,2027-07-03
E010413,Rohan,Marketing,46,32.0,38045.47,8.97,2027-07-03
E010414,Rohan,Sales,56,28.0,81899.48,1.17,2027-07-04
E010415,Isha,HR,45,26.0,83897.5,6.39,2027-07-04
E010416,Diya,Finance,43,24.0,65030.91,8.67,2027-07-04
E010417,Tara,Operations,49,5.0,116327.27,2.28,2027-07-05
E010418,Aarav,Marketing,40,32.0,80135.25,4.1,2027-07-05
E010419,Tara,Marketing,33,3.0,62316.23,7.18,2027-07-05
E010420,Rohan,HR,32,9.0,87106.05,1.59,2027-07-06
E010421,Isha,Operations,33,32.0,100801.94,8.18,2027-07-06
E010422,Isha,Sales,25,11.0,105338.01,1.68,2027-07-06
E010423,Isha,HR,47,24.0,81880.43,6.18,2027-07-07
E010424,Tara,Sales,30,27.0,53752.71,3.09,2027-07-07
E010425,Nisha,Operations,51,0.0,107292.85,6.02,2027-07-07
E010426,Aarav,Finance,53,29.0,59867.13,4.71,2027-07-08
E010427,Tara,Marketing,44,21.0,51316.77,9.79,2027-07-08
E010428,Isha,Operations,53,20.0,75986.83,9.15,2027-07-08
E010429,Nisha,Finance,48,0.0,78801.67,3.66,2027-07-09
E010430,Isha,Engineering,35,6.0,82361.81,3.13,
E010431,Aarav,Engineering,59,14.0,57600.57,3.34,2027-07-09
E010432,Aarav,Engineering,25,32.0,55898.43,9.67,2027-07-10
E010433,Kabir,Finance,37,23.0,102111.16,5.53,2027-07-10
E010434,Diya,Engineering,57,32.0,29898.64,7.51,2027-07-10
,Diya,HR,27,10.0,62596.14,1.25,2027-07-11
E010436,Aarav,Operations,33,15.0,90846.64,9.15,2027-07-11
E010437,Isha,Marketing,28,14.0,29353.61,7.98,2027-07-11
E010438,Tara,Sales,59,1.0,66230.66,4.38,2027-07-12
E010439,Aarav,Marketing,34,20.0,62397.39,1.34,2027-07-12
E010440,Kabir,Engineering,35,10.0,51871.37,2.97,2027-07-12
E010441,Aditya,Marketing,39,10.0,44665.67,4.92,2027-07-13
E010442,Tara,Sales,57,34.0,72427.48,9.88,2027-07-13
E010443,Aarav,Sales,24,29.0,122367.46,5.05,2027-07-13
E010444,Kabir,Engineering,27,11.0,56694.52,2.93,2027-07-14
E010445,Diya,Finance,49,15.0,73457.32,7.67,2027-07-14
E010446,Isha,Sales,39,1.0,48872.22,7.41,2027-07-14
E010447,Aarav,Marketing,52,6.0,90018.5,4.0,2027-07-15
E010448,Rohan,Sales,45,34.0,82736.03,9.24,2027-07-15
E010449,Tara,HR,30,0.0,67608.38,6.56,2027-07-15
E010450,Kabir,Engineering,37,21.0,15087.37,9.09,2027-07-16
E010451,Aditya,Marketing,41,24.0,97209.61,1.42,2027-07-16
E010452,Nisha,HR,48,28.0,72380.47,1.27,2027-07-16
E010453,Tara,Sales,55,23.0,87687.76,7.45,2027-07-17
E010454,Diya,Engineering,59,20.0,60376.09,8.26,2027-07-17
E010455,Isha,Marketing,37,30.0,64556.46,3.61,2027-07-17
E010456,Tara,Finance,40,18.0,82730.97,4.02,2027-07-18
E010457,Diya,Marketing,24,5.0,44763.02,8.47,2027-07-18
E010458,Diya,Sales,44,12.0,77785.51,7.33,2027-07-18
E010459,Rohan,Operations,36,1.0,81617.49,5.15,2027-07-19
E010460,Tara,Marketing,28,11.0,67694.02,6.74,2027-07-19
E010461,Kabir,HR,51,26.0,78330.47,4.14,2027-07-19
E010462,Tara,Engineering,37,18.0,67640.9,2.55,2027-07-20
E010463,Aarav,Operations,35,14.0,33103.71,8.95,2027-07-20
E010464,Tara,Sales,35,30.0,61979.8,1.05,2027-07-20
E010465,Aditya,Finance,25,7.0,104376.55,6.84,2027-07-21
E010466,Tara,HR,56,19.0,79820.38,8.98,2027-07-21
E010467,Kabir,Sales,51,25.0,20393.47,9.74,2027-07-21
E010468,Nisha,Sales,24,6.0,98375.94,2.56,2027-07-22
E010469,Nisha,Sales,45,0.0,49543.32,7.77,2027-07-22
E010470,Nisha,HR,28,13.0,68974.51,2.96,2027-07-22
E010471,Aditya,Marketing,58,29.0,95085.74,9.58,2027-07-23
E010472,Aditya,Sales,57,11.0,74386.81,2.2,2027-07-23
E010473,Isha,Marketing,57,32.0,77010.28,9.99,2027-07-23
E010474,Aditya,Engineering,48,24.0,113776.38,2.31,2027-07-24
E010475,Nisha,HR,32,18.0,79937.79,7.95,2027-07-24
E010476,Diya,Operations,41,7.0,69381.93,1.09,2027-07-24
E010477,Kabir,Sales,57,25.0,30566.21,8.08,2027-07-25
E010478,Nisha,Sales,60,2.0,52703.46,7.99,2027-07-25
E010479,Diya,Operations,34,9.0,114747.95,1.11,2027-07-25
E010480,Diya,Marketing,51,16.0,51034.17,3.1,2027-07-26
E010481,Nisha,HR,43,12.0,106800.1,8.39,2027-07-26
E010482,Rohan,Sales,52,15.0,37089.12,9.29,2027-07-26
E010483,Kabir,Sales,26,,45728.49,1.9,2027-07-27
E010484,Kabir,Engineering,31,9.0,23312.83,5.13,2027-07-27
E010485,Nisha,Finance,46,17.0,83565.7,6.75,2027-07-27
E010486,Aditya,Operations,29,21.0,63714.28,9.29,2027-07-28
E010487,Aditya,Finance,36,25.0,50654.44,1.36,2027-07-28
E010488,Tara,Finance,47,5.0,52814.87,5.38,2027-07-28
E010489,Aarav,Operations,54,22.0,74681.41,1.64,2027-07-29
E010490,Kabir,Sales,46,32.0,75506.33,1.65,2027-07-29
E010491,Tara,Marketing,60,21.0,-32448.68,7.1,2027-07-29
E010492,Aarav,Sales,44,34.0,91721.44,8.01,2027-07-30
E010493,Tara,Operations,49,26.0,92533.74,6.51,2027-07-30
E010494,Tara,HR,44,2.0,82713.12,2.96,2027-07-30
E010495,Aarav,Sales,59,33.0,73784.38,1.84,2027-07-31
E010496,Diya,Finance,24,1.0,97163.27,4.06,2027-07-31
E010497,Rohan,Operations,31,1.0,77418.66,6.41,2027-07-31
E010498,,Marketing,32,31.0,100954.58,7.16,2027-08-01
E010499,Aditya,Engineering,44,3.0,75057.55,3.34,
E010500,Tara,Finance,26,9.0,21031.86,2.97,2027-08-01
E010501,Aditya,HR,21,32.0,47933.69,2.13,2027-08-02
E010502,,Sales,26,19.0,111723.3,4.91,2027-08-02
E010503,Nisha,Marketing,44,20.0,48825.52,4.9,2027-08-02
E010504,Aarav,Marketing,60,6.0,62549.67,9.55,2027-08-03
E010505,Diya,Engineering,61,34.0,112672.61,2.64,2027-08-03
E010506,Isha,Finance,41,29.0,76049.01,1.47,2027-08-03
E010507,Nisha,Operations,56,22.0,104102.76,7.67,2027-08-04
E010508,Kabir,Finance,34,17.0,26926.52,9.32,2027-08-04
E010509,Tara,Engineering,50,29.0,86326.08,2.09,2027-08-04
E010510,Diya,HR,46,3.0,73963.89,5.14,2027-08-05
E010511,Diya,Marketing,21,1.0,78520.59,9.77,2027-08-05
E010512,Rohan,HR,38,8.0,69968.15,3.19,2027-08-05
E010513,Tara,Operations,44,25.0,95816.42,6.53,2027-08-06
E010514,Tara,HR,25,26.0,91413.15,7.91,2027-08-06
E010515,Tara,Marketing,49,27.0,66621.14,8.41,2027-08-06
,Rohan,Finance,22,34.0,63987.01,1.33,2027-08-07
E010517,Tara,Sales,42,23.0,101410.79,8.93,2027-08-07
E010518,Nisha,Finance,57,33.0,39318.31,9.81,2027-08-07
E010519,Rohan,Operations,22,15.0,-10000.0,7.86,2027-08-08
E010520,Kabir,Operations,28,34.0,80277.36,3.39,2027-08-08
E010521,Rohan,HR,50,24.0,94396.85,2.51,2027-08-08
E010522,Aarav,Sales,50,10.0,56813.18,7.9,2027-08-09
E010523,Isha,Engineering,47,4.0,37250.73,5.38,2027-08-09
E010524,,Operations,52,10.0,81434.18,5.5,2027-08-09
E010525,Aditya,Engineering,32,22.0,81717.35,3.0,2027-08-10
E010526,Isha,Sales,30,2.0,58059.72,1.59,2027-08-10
E010527,Rohan,Finance,51,12.0,74298.22,3.14,
E010528,Nisha,Marketing,38,13.0,91789.09,2.14,2027-08-11
E010529,Nisha,Finance,50,16.0,72286.63,7.65,2027-08-11
E010530,Tara,HR,51,2.0,49730.17,9.34,2027-08-11
E010531,Tara,Operations,32,16.0,89935.16,1.98,2027-08-12
E010532,Kabir,Operations,58,13.0,59038.71,3.83,2027-08-12
E010533,Kabir,HR,34,24.0,62920.39,1.45,2027-08-12
E010534,Isha,Engineering,33,23.0,59728.37,6.89,2027-08-13
E010535,Aarav,Sales,52,30.0,103781.23,2.63,2027-08-13
E010536,Aditya,HR,31,31.0,78358.0,3.37,2027-08-13
E010537,Diya,Engineering,35,6.0,71759.43,4.14,2027-08-14
E010538,Aarav,Finance,90,0.0,21732.48,6.14,2027-08-14
E010539,Tara,Finance,28,34.0,123911.98,6.15,2027-08-14
E010540,Aditya,HR,56,31.0,38203.25,9.01,2027-08-15
E010541,Nisha,Engineering,50,12.0,72833.35,7.74,2027-08-15
E010542,Kabir,HR,58,8.0,28907.3,4.5,2027-08-15
E010543,Aarav,Sales,58,8.0,56333.45,8.05,2027-08-16
E010544,Aditya,HR,26,9.0,48786.55,1.48,2027-08-16
E010545,Nisha,Operations,33,27.0,149616.38,4.04,2027-08-16
,Aditya,Operations,45,12.0,85170.87,4.51,2027-08-17
E010547,Kabir,Finance,38,34.0,57618.4,6.12,2027-08-17
E010548,Aarav,Engineering,27,28.0,87496.28,6.07,2027-08-17
E010549,Isha,Sales,40,6.0,83995.93,2.0,2027-08-18
E010550,Tara,HR,25,21.0,47325.67,9.29,2027-08-18
E010551,,Operations,49,27.0,74418.34,3.44,2027-08-18
E010552,Aditya,Marketing,60,25.0,80008.96,5.55,2027-08-19
E010553,Tara,Finance,25,33.0,71697.77,8.94,2027-08-19
E010554,Nisha,Marketing,25,34.0,69769.65,2.06,2027-08-19
E010555,Isha,Finance,42,25.0,81671.04,7.46,2027-08-20
E010556,Rohan,Marketing,42,5.0,93370.88,3.94,2027-08-20
E010557,Aditya,HR,23,5.0,87436.3,2.22,2027-08-20
E010558,Aarav,Operations,49,29.0,93182.36,9.03,2027-08-21
E010559,Aarav,Sales,32,29.0,51801.66,4.71,2027-08-21
E010560,Isha,Finance,21,6.0,53835.85,6.72,2027-08-21
E010561,Kabir,HR,47,13.0,0.0,6.05,2027-08-22
E010562,Diya,HR,34,24.0,36314.57,7.7,2027-08-22
E010563,Aditya,Operations,38,25.0,24226.84,2.62,2027-08-22
E010564,Kabir,Engineering,43,5.0,100123.21,2.69,2027-08-23
E010565,Isha,Finance,21,22.0,90239.87,6.85,2027-08-23
E010566,Isha,Engineering,26,10.0,34975.44,1.55,2027-08-23
E010567,Kabir,Sales,43,34.0,39391.35,9.69,2027-08-24
,Kabir,Engineering,42,8.0,84506.55,1.75,2027-08-24
E010569,Isha,Operations,34,13.0,36889.16,3.9,2027-08-24
E010570,Diya,HR,31,2.0,89969.72,7.02,
E010571,Kabir,Engineering,58,19.0,24861.56,3.16,2027-08-25
E010572,Isha,Operations,40,,27596.81,8.73,2027-08-25
E010573,Isha,HR,55,18.0,57796.33,2.82,2027-08-26
E010574,Diya,Finance,31,13.0,48309.49,1.75,2027-08-26
E010575,Isha,Sales,54,26.0,103818.01,7.88,2027-08-26
E010576,Rohan,HR,55,7.0,61035.64,1.18,2027-08-27
E010577,Diya,Sales,21,27.0,91169.88,2.68,
E010578,Rohan,Finance,50,31.0,41854.4,2.83,2027-08-27
E010579,Nisha,Sales,35,10.0,95945.13,9.88,2027-08-28
E010580,Rohan,HR,59,4.0,80521.98,1.5,2027-08-28
E010581,Rohan,Sales,26,26.0,80964.92,1.51,2027-08-28
E010582,Isha,Finance,61,31.0,52275.37,3.17,2027-08-29
E010583,Aarav,Operations,34,16.0,79431.4,7.99,2027-08-29
E010584,Aditya,Engineering,54,16.0,0.0,1.67,2027-08-29
E010585,Nisha,Finance,42,21.0,67222.58,4.15,2027-08-30
E010586,Isha,Finance,26,20.0,106592.69,8.86,2027-08-30
E010587,Isha,Operations,34,20.0,95234.66,7.37,2027-08-30
E010588,Diya,Operations,50,28.0,25615.01,3.11,2027-08-31
E010589,Rohan,Operations,35,27.0,60552.44,6.27,2027-08-31
E010590,Tara,Engineering,39,22.0,57292.91,3.72,2027-08-31
E010591,Isha,Marketing,57,24.0,92005.94,8.02,2027-09-01
E010592,Nisha,Engineering,48,12.0,103809.7,2.35,2027-09-01
E010593,Rohan,Finance,40,1.0,83821.56,8.28,2027-09-01
E010594,Isha,HR,44,12.0,87635.56,4.41,2027-09-02
E010595,Aarav,HR,45,29.0,91381.13,6.34,2027-09-02
E010596,Tara,Engineering,54,34.0,60600.13,5.96,2027-09-02
E010597,Tara,Finance,47,17.0,137097.19,5.49,2027-09-03
E010598,Diya,Finance,51,15.0,88709.32,4.24,2027-09-03
E010599,Kabir,Finance,37,18.0,61373.36,7.92,2027-09-03
E010600,Isha,Operations,46,11.0,20039.3,6.73,2027-09-04
E010601,Diya,Finance,22,1.0,11521.49,5.73,2027-09-04
E010602,Tara,Engineering,61,,85159.19,5.94,2027-09-04
E010603,Rohan,Marketing,52,25.0,95373.32,1.56,2027-09-05
E010604,Nisha,Sales,23,32.0,30197.57,1.34,2027-09-05
E010605,Kabir,Operations,25,2.0,35965.94,1.26,2027-09-05
E010606,Aarav,Operations,61,23.0,123052.47,6.81,2027-09-06
E010607,Aarav,Marketing,53,31.0,65335.81,2.08,2027-09-06
E010608,Kabir,Engineering,61,1.0,61305.7,6.33,2027-09-06
E010609,Kabir,Engineering,52,26.0,76580.58,2.06,2027-09-07
E010610,Aarav,Finance,56,8.0,73838.66,3.94,2027-09-07
E010611,Kabir,Sales,40,17.0,27689.96,4.88,2027-09-07
E010612,Aarav,Marketing,28,13.0,101790.74,9.52,2027-09-08
E010613,Kabir,HR,34,33.0,74905.37,7.45,2027-09-08
E010614,Tara,Operations,28,14.0,120855.67,2.9,2027-09-08
E010615,Aarav,Engineering,53,21.0,85712.8,4.08,2027-09-09
E010616,Tara,Operations,30,17.0,72753.74,8.05,2027-09-09
E010617,Diya,Sales,58,32.0,62804.47,6.64,2027-09-09
,Kabir,HR,48,12.0,106764.2,3.02,2027-09-10
E010619,Aditya,Engineering,22,14.0,57919.25,3.34,2027-09-10
E010620,Kabir,Marketing,52,6.0,65256.59,9.0,2027-09-10
E010621,Aditya,Operations,48,9.0,51438.95,6.44,2027-09-11
E010622,Aditya,Finance,26,29.0,43385.15,3.4,2027-09-11
E010623,Isha,Finance,42,6.0,69777.92,8.65,2027-09-11
E010624,Diya,Finance,51,3.0,-2832.42,2.59,2027-09-12
E010625,Tara,Engineering,54,6.0,59294.75,6.73,2027-09-12
E010626,Tara,Operations,56,28.0,67204.31,4.3,2027-09-12
E010627,Kabir,Marketing,31,26.0,56344.23,1.75,2027-09-13
E010628,Aditya,Marketing,50,13.0,86208.86,3.98,2027-09-13
E010629,Rohan,HR,60,7.0,33294.23,4.4,2027-09-13
E010630,Aditya,Engineering,51,5.0,88575.46,7.19,2027-09-14
E010631,Aditya,Finance,24,10.0,96827.54,3.46,2027-09-14
E010632,Aditya,HR,39,16.0,112921.7,3.08,2027-09-14
E010633,Diya,HR,56,29.0,100292.6,-2.0,2027-09-15
E010634,Diya,Marketing,26,21.0,72633.08,4.34,2027-09-15
E010635,,Finance,56,19.0,78920.52,7.02,2027-09-15
E010636,Rohan,Sales,49,0.0,66651.21,8.28,2027-09-16
E010637,Rohan,Engineering,61,24.0,39641.95,9.86,2027-09-16
E010638,Rohan,Marketing,27,20.0,74112.67,2.42,2027-09-16
E010639,Isha,Sales,42,15.0,44624.04,5.99,2027-09-17
E010640,Aarav,HR,34,11.0,79208.67,2.22,2027-09-17
E010641,Kabir,Engineering,33,31.0,82934.97,5.3,2027-09-17
E010642,Diya,Finance,56,22.0,60499.14,1.92,2027-09-18
E010643,Isha,Marketing,26,12.0,104526.81,9.45,2027-09-18
E010644,Aditya,Operations,48,32.0,58811.08,5.16,
E010645,Aditya,Finance,35,21.0,111229.29,1.77,2027-09-19
E010646,Nisha,Operations,32,1.0,71422.79,3.88,2027-09-19
,Nisha,Operations,22,27.0,65059.48,9.25,2027-09-19
E010648,Nisha,Finance,25,3.0,87228.11,5.43,2027-09-20
E010649,Kabir,HR,41,26.0,36967.38,9.78,2027-09-20
E010650,Isha,Finance,40,3.0,54058.3,3.04,2027-09-20
E010651,Nisha,HR,42,2.0,92295.55,1.68,2027-09-21
E010652,Rohan,Marketing,34,32.0,32430.84,3.77,2027-09-21
E010653,Aarav,Operations,51,30.0,46236.98,7.29,2027-09-21
E010654,Aditya,Finance,25,10.0,53868.22,1.34,2027-09-22
E010655,Isha,Engineering,35,16.0,92512.42,7.8,2027-09-22
E010656,Isha,Marketing,31,14.0,65894.22,9.77,2027-09-22
E010657,Aarav,Sales,32,29.0,64900.38,4.05,2027-09-23
E010658,Kabir,Operations,49,4.0,62435.43,2.73,2027-09-23
E010659,Rohan,Finance,31,24.0,70392.09,3.43,2027-09-23
E010660,Aditya,Engineering,26,22.0,4626.14,4.22,2027-09-24
E010661,Aditya,Engineering,21,2.0,104087.48,1.67,2027-09-24
E010662,Aarav,Finance,59,32.0,114309.82,4.21,2027-09-24
E010663,Isha,HR,36,26.0,65976.75,9.06,2027-09-25
E010664,Tara,Sales,41,16.0,79582.18,9.91,2027-09-25
E010665,Aarav,HR,33,34.0,46589.44,1.48,2027-09-25
E010666,Aarav,HR,36,14.0,68715.04,5.99,2027-09-26
E010667,Aditya,Finance,28,12.0,67566.11,5.33,2027-09-26
E010668,Aditya,Marketing,25,23.0,76140.09,9.22,
E010669,Rohan,HR,49,21.0,60455.63,2.51,2027-09-27
E010670,Isha,HR,38,19.0,36917.69,8.02,2027-09-27
E010671,Aarav,Operations,33,4.0,45065.05,5.88,2027-09-27
E010672,Diya,Marketing,32,21.0,61196.24,1.4,2027-09-28
E010673,Isha,Finance,35,19.0,21424.95,6.81,2027-09-28
E010674,Aditya,Operations,21,28.0,67194.06,3.02,2027-09-28
E010675,Aditya,Finance,56,2.0,62608.17,6.31,2027-09-29
E010676,Isha,HR,49,24.0,39914.11,2.09,2027-09-29
E010677,Tara,Engineering,39,26.0,91019.72,1.55,2027-09-29
E010678,Aarav,Operations,26,3.0,64099.83,4.89,2027-09-30
E010679,Aarav,Marketing,55,9.0,125535.68,1.37,2027-09-30
E010680,Diya,Marketing,58,11.0,89281.16,6.01,2027-09-30
E010681,Rohan,Marketing,51,34.0,87598.72,6.94,2027-10-01
E010682,Isha,Operations,48,0.0,87489.87,4.83,2027-10-01
E010683,Nisha,Marketing,33,5.0,128410.3,9.9,2027-10-01
E010684,Diya,Operations,22,9.0,91047.64,3.5,2027-10-02
E010685,Aditya,Sales,26,1.0,42752.98,9.05,2027-10-02
E010686,Aditya,Sales,49,11.0,43328.42,8.49,2027-10-02
E010687,Aarav,Finance,42,18.0,29480.38,2.04,2027-10-03
E010688,Kabir,Engineering,27,23.0,26177.93,2.4,2027-10-03
E010689,Aarav,Engineering,43,24.0,47463.23,6.81,2027-10-03
E010690,Tara,HR,44,28.0,71286.11,5.02,2027-10-04
E010691,Diya,Marketing,25,8.0,7255.28,2.84,2027-10-04
E010692,Diya,Engineering,39,10.0,84327.89,4.77,2027-10-04
,Tara,HR,21,19.0,56497.71,2.2,2027-10-05
E010694,Kabir,Finance,30,24.0,100239.3,4.82,2027-10-05
E010695,Isha,HR,24,4.0,131745.52,4.14,2027-10-05
E010696,Aarav,Finance,35,32.0,112523.92,2.09,2027-10-06
E010697,Aarav,Engineering,57,26.0,37319.61,2.99,2027-10-06
E010698,Diya,Sales,57,7.0,81036.09,6.41,2027-10-06
E010699,Kabir,Sales,60,20.0,84561.73,3.32,2027-10-07
E010700,Isha,Operations,25,6.0,137469.93,4.72,2027-10-07
E010701,Aditya,Engineering,31,10.0,-10000.0,6.07,2027-10-07
E010702,Diya,Sales,33,19.0,83027.06,7.25,2027-10-08
E010703,Tara,Sales,39,25.0,68112.44,4.79,2027-10-08
E010704,Nisha,HR,31,21.0,41876.11,5.64,2027-10-08
E010705,Rohan,Engineering,52,6.0,54913.12,5.55,2027-10-09
E010706,Rohan,HR,37,12.0,100543.37,8.83,2027-10-09
E010707,Kabir,Operations,40,3.0,58591.42,1.27,2027-10-09
E010708,Diya,HR,59,,70513.37,3.01,2027-10-10
E010709,Diya,Engineering,44,30.0,55214.14,5.85,2027-10-10
E010710,Tara,Engineering,52,1.0,84209.79,5.64,2027-10-10
E010711,Isha,Operations,49,29.0,72261.19,7.65,2027-10-11
E010712,Aarav,HR,48,1.0,74631.36,8.16,2027-10-11
,Aarav,Sales,60,0.0,103981.38,7.27,2027-10-11
E010714,Isha,Operations,35,5.0,75289.08,9.94,2027-10-12
E010715,Isha,Operations,46,24.0,89965.95,4.86,2027-10-12
E010716,Rohan,HR,60,23.0,48446.76,7.27,2027-10-12
E010717,Nisha,HR,40,14.0,31510.91,6.78,2027-10-13
E010718,Tara,Operations,38,10.0,42875.43,2.44,2027-10-13
E010719,Nisha,Operations,59,11.0,81514.17,5.47,2027-10-13
E010720,Tara,Operations,57,24.0,70183.5,8.38,2027-10-14
E010721,Tara,Engineering,34,5.0,84208.9,1.21,2027-10-14
E010722,Aditya,Finance,33,29.0,74955.76,8.73,2027-10-14
E010723,,Finance,50,31.0,25531.2,2.52,2027-10-15
E010724,Nisha,HR,55,17.0,56279.93,5.4,2027-10-15
E010725,Diya,Operations,42,16.0,117845.04,6.12,2027-10-15
E010726,Aarav,Finance,35,21.0,39261.32,4.81,2027-10-16
E010727,Kabir,Operations,25,26.0,-6283.25,6.85,2027-10-16
E010728,Rohan,HR,35,7.0,78643.4,1.41,2027-10-16
E010729,Aditya,Marketing,60,26.0,50311.13,6.27,2027-10-17
E010730,Isha,Finance,57,6.0,57401.08,4.79,2027-10-17
E010731,Aarav,Engineering,31,20.0,102844.3,4.22,2027-10-17
E010732,Isha,Marketing,36,22.0,103394.47,7.85,2027-10-18
E010733,Tara,Operations,51,19.0,65475.51,7.51,2027-10-18
E010734,Aarav,HR,53,7.0,53838.25,1.37,2027-10-18
E010735,Isha,Finance,0,12.0,42818.76,1.5,2027-10-19
E010736,Isha,Operations,28,4.0,69763.99,1.47,2027-10-19
E010737,Aarav,Operations,31,3.0,70968.85,1.99,2027-10-19
E010738,Rohan,Operations,25,32.0,50654.36,3.65,2027-10-20
E010739,Aarav,Operations,42,3.0,30292.77,6.48,2027-10-20
,,Marketing,53,22.0,101054.65,3.92,2027-10-20
E010741,Kabir,Engineering,36,34.0,93121.66,4.3,2027-10-21
E010742,Aditya,Operations,61,11.0,79361.3,9.75,2027-10-21
E010743,Aarav,Engineering,36,19.0,76905.93,9.71,2027-10-21
E010744,Nisha,Sales,59,0.0,98240.59,9.2,2027-10-22
E010745,Kabir,Operations,43,3.0,64447.4,7.91,2027-10-22
E010746,Rohan,HR,60,11.0,104528.63,7.03,2027-10-22
E010747,Kabir,Sales,48,18.0,27553.35,8.04,2027-10-23
E010748,Tara,Marketing,26,1.0,59367.95,8.0,2027-10-23
E010749,Tara,Marketing,41,32.0,106400.22,5.38,2027-10-23
E010750,,Sales,51,21.0,85344.73,8.85,2027-10-24
E010751,Kabir,Operations,30,27.0,97568.62,9.43,2027-10-24
E010752,Aarav,Finance,44,31.0,85302.1,5.97,2027-10-24
E010753,Tara,Sales,42,16.0,38618.64,7.63,2027-10-25
E010754,Aditya,Operations,35,30.0,44267.17,7.8,2027-10-25
E010755,Kabir,Marketing,22,11.0,62592.1,5.86,2027-10-25
E010756,Aarav,Engineering,30,21.0,114602.72,5.05,2027-10-26
E010757,Aditya,Engineering,38,12.0,72393.8,9.65,2027-10-26
E010758,Nisha,Operations,36,3.0,133186.08,8.87,2027-10-26
E010759,Aditya,HR,34,17.0,23987.52,7.5,2027-10-27
E010760,Aditya,Sales,37,31.0,87353.09,2.53,2027-10-27
E010761,Aarav,Sales,59,16.0,73081.82,1.92,2027-10-27
E010762,Diya,Operations,24,17.0,33178.26,4.73,2027-10-28
E010763,Aditya,Engineering,36,23.0,46986.67,7.84,2027-10-28
E010764,Rohan,HR,48,14.0,66238.47,1.86,2027-10-28
E010765,Aditya,Finance,43,20.0,100285.26,1.41,2027-10-29
E010766,Isha,Operations,32,2.0,17592.76,5.11,2027-10-29
E010767,Aarav,Sales,32,25.0,73973.43,7.52,2027-10-29
E010768,,Finance,42,27.0,34559.87,8.79,2027-10-30
E010769,Diya,Operations,51,15.0,68285.11,5.52,2027-10-30
E010770,Kabir,Marketing,49,33.0,96829.46,7.24,2027-10-30
E010771,Isha,Engineering,48,25.0,38716.25,7.5,2027-10-31
E010772,Tara,Operations,22,20.0,69552.07,2.92,2027-10-31
E010773,Nisha,Finance,57,13.0,75199.1,8.62,2027-10-31
E010774,Tara,Finance,39,7.0,24772.08,1.13,2027-11-01
E010775,Nisha,Marketing,0,19.0,44275.3,1.74,2027-11-01
E010776,Diya,Engineering,24,12.0,75989.75,6.45,2027-11-01
E010777,Nisha,Sales,32,12.0,45867.73,7.43,2027-11-02
E010778,Aditya,Sales,43,13.0,112769.56,2.25,2027-11-02
E010779,Rohan,Operations,23,5.0,53222.07,3.15,2027-11-02
E010780,Aarav,Sales,40,21.0,92350.16,7.58,2027-11-03
E010781,Isha,Engineering,48,29.0,121781.48,8.87,2027-11-03
E010782,Kabir,Finance,35,28.0,65315.35,2.41,2027-11-03
E010783,Kabir,Finance,26,12.0,110216.36,4.53,2027-11-04
E010784,Aditya,Engineering,32,1.0,40311.23,2.95,2027-11-04
E010785,Rohan,Finance,21,19.0,71372.1,2.11,2027-11-04
E010786,Isha,HR,44,16.0,84145.66,8.11,2027-11-05
E010787,Rohan,Operations,52,24.0,97787.92,9.79,2027-11-05
E010788,Rohan,Sales,43,29.0,79616.65,5.6,2027-11-05
E010789,Rohan,Marketing,26,34.0,36059.09,3.82,2027-11-06
E010790,Nisha,Engineering,39,23.0,57130.89,2.47,2027-11-06
E010791,Isha,Engineering,45,21.0,34963.68,3.34,2027-11-06
E010792,Isha,HR,58,24.0,71193.45,3.57,2027-11-07
,Diya,HR,22,,64967.42,3.75,2027-11-07
E010794,Tara,Finance,31,9.0,77737.24,3.37,2027-11-07
E010795,Rohan,Sales,31,10.0,90330.34,2.27,2027-11-08
E010796,Kabir,HR,50,13.0,26717.64,4.09,2027-11-08
E010797,Tara,HR,49,20.0,95262.12,1.81,2027-11-08
E010798,Isha,Marketing,54,22.0,29580.4,6.44,2027-11-09
E010799,Tara,Marketing,41,12.0,90281.17,7.95,2027-11-09
E010800,Isha,Marketing,53,32.0,35527.35,1.77,2027-11-09
E010801,Diya,Finance,56,22.0,60797.38,5.33,2027-11-10
E010802,Diya,Engineering,28,32.0,131179.94,9.3,2027-11-10
E010803,Diya,Sales,24,25.0,68271.03,5.12,2027-11-10
E010804,Aarav,Marketing,47,10.0,63058.64,6.52,2027-11-11
E010805,Tara,Marketing,36,12.0,32887.71,1.53,2027-11-11
E010806,Aarav,Marketing,56,0.0,51597.79,7.44,2027-11-11
E010807,Kabir,Engineering,28,23.0,80992.16,3.51,
E010808,Nisha,HR,46,9.0,27759.34,5.66,2027-11-12
E010809,Nisha,Marketing,33,29.0,78727.88,4.09,2027-11-12
E010810,Tara,Sales,22,13.0,43651.83,7.72,2027-11-13
E010811,Rohan,Marketing,28,4.0,71120.76,5.63,2027-11-13
,Kabir,Operations,53,9.0,88532.95,3.86,2027-11-13
E010813,Kabir,Engineering,27,9.0,66887.63,7.98,2027-11-14
E010814,Kabir,HR,27,32.0,68976.12,1.7,2027-11-14
E010815,,HR,55,33.0,94336.82,8.28,2027-11-14
E010816,Tara,Sales,45,0.0,13637.65,3.39,2027-11-15
E010817,Aditya,Operations,37,26.0,99845.29,8.24,2027-11-15
E010818,Rohan,Finance,50,20.0,24753.33,7.89,2027-11-15
E010819,Kabir,Marketing,33,14.0,63151.89,1.91,2027-11-16
E010820,Tara,Engineering,29,30.0,50686.3,1.69,2027-11-16
E010821,Nisha,Marketing,46,33.0,59103.95,3.0,2027-11-16
E010822,Tara,Finance,27,17.0,80062.64,8.68,2027-11-17
E010823,Diya,Marketing,59,6.0,67888.77,2.24,2027-11-17
E010824,Aarav,Sales,60,18.0,69853.79,4.29,2027-11-17
E010825,Diya,Sales,24,24.0,31693.74,1.26,2027-11-18
E010826,Aditya,Engineering,58,24.0,50315.75,9.62,2027-11-18
E010827,Aditya,Sales,21,26.0,80871.71,9.14,2027-11-18
E010828,Tara,Finance,57,22.0,92687.92,4.54,2027-11-19
E010829,Rohan,HR,31,27.0,101038.28,4.39,2027-11-19
E010830,Diya,Engineering,24,34.0,123718.47,9.99,2027-11-19
E010831,Aditya,Engineering,23,1.0,68058.08,7.44,2027-11-20
E010832,Aarav,Sales,45,1.0,83262.18,8.65,2027-11-20
E010833,Aditya,HR,24,22.0,86112.73,4.63,2027-11-20
E010834,Nisha,Operations,36,17.0,98390.83,3.46,2027-11-21
E010835,Nisha,Operations,61,5.0,76725.07,7.3,2027-11-21
E010836,Aditya,Operations,22,10.0,135433.82,8.28,2027-11-21
E010837,Isha,Marketing,52,26.0,66510.82,2.26,
E010838,Tara,Engineering,59,11.0,58387.11,2.76,2027-11-22
E010839,Aarav,Finance,54,5.0,41648.52,9.36,2027-11-22
E010840,Aarav,Operations,23,26.0,63616.18,9.51,2027-11-23
,Isha,HR,33,34.0,63173.2,9.46,2027-11-23
E010842,Aditya,Operations,27,22.0,63831.14,4.01,2027-11-23
E010843,Diya,Finance,51,34.0,79497.86,4.5,2027-11-24
E010844,Rohan,Finance,33,23.0,47597.97,1.17,2027-11-24
E010845,Nisha,HR,60,24.0,38640.75,9.07,2027-11-24
E010846,Rohan,Engineering,32,5.0,55535.76,1.6,2027-11-25
E010847,Tara,Marketing,59,28.0,42327.22,7.45,2027-11-25
E010848,Isha,Finance,46,21.0,93598.78,1.5,2027-11-25
E010849,Tara,Engineering,27,21.0,71746.88,9.57,2027-11-26
E010850,Tara,Sales,56,1.0,52843.61,5.42,2027-11-26
E010851,Rohan,HR,43,4.0,101976.35,8.73,2027-11-26
E010852,Isha,Finance,37,11.0,53157.51,3.44,2027-11-27
E010853,Tara,Engineering,46,34.0,83170.83,8.61,2027-11-27
E010854,Rohan,Operations,29,9.0,131845.64,8.32,2027-11-27
E010855,Rohan,HR,39,7.0,69454.89,2.71,2027-11-28
E010856,Isha,Finance,35,21.0,97851.85,6.33,2027-11-28
E010857,Kabir,Sales,48,20.0,49931.58,8.58,2027-11-28
E010858,Isha,Sales,29,30.0,70815.25,3.13,2027-11-29
E010859,Nisha,HR,41,10.0,77091.25,2.62,2027-11-29
E010860,Isha,Marketing,25,3.0,73772.08,5.92,
E010861,Isha,HR,55,24.0,43424.93,1.1,2027-11-30
E010862,Tara,HR,60,19.0,51685.58,7.45,2027-11-30
E010863,Nisha,Marketing,44,22.0,43262.08,3.2,2027-11-30
E010864,Tara,Operations,47,30.0,80614.93,9.98,
E010865,Aarav,Operations,55,34.0,50278.19,7.55,2027-12-01
E010866,Diya,Operations,22,24.0,61973.56,8.9,2027-12-01
E010867,Rohan,Engineering,27,10.0,39057.04,3.17,2027-12-02
E010868,Aarav,Operations,25,28.0,55210.33,1.29,2027-12-02
E010869,Aarav,Sales,40,16.0,105322.21,1.74,2027-12-02
E010870,Rohan,Sales,24,22.0,57362.43,5.65,2027-12-03
E010871,Aarav,Operations,21,10.0,27007.23,2.84,2027-12-03
E010872,Kabir,Sales,37,19.0,98274.81,3.39,2027-12-03
E010873,Aditya,Finance,22,21.0,91272.68,6.39,2027-12-04
E010874,Diya,Operations,53,1.0,92707.27,2.2,2027-12-04
E010875,Tara,Operations,55,5.0,84790.43,9.18,2027-12-04
E010876,Tara,Marketing,59,5.0,90386.17,7.32,2027-12-05
E010877,Isha,Finance,56,11.0,38673.23,2.16,2027-12-05
E010878,Nisha,Engineering,32,,67124.24,2.75,2027-12-05
E010879,Tara,Marketing,28,1.0,72321.51,5.59,2027-12-06
E010880,Aarav,Sales,45,13.0,106169.9,6.28,2027-12-06
E010881,Aditya,Sales,29,29.0,33120.87,3.38,2027-12-06
E010882,Kabir,Marketing,24,24.0,33906.23,9.9,2027-12-07
E010883,Tara,HR,23,17.0,75560.11,5.73,2027-12-07
E010884,Nisha,Operations,43,1.0,69741.77,8.9,2027-12-07
E010885,Aditya,Operations,59,25.0,100043.54,6.68,2027-12-08
E010886,Aditya,Marketing,54,1.0,61490.28,9.42,2027-12-08
E010887,Aarav,HR,52,31.0,50327.65,2.96,2027-12-08
E010888,Tara,Marketing,26,1.0,84560.69,9.37,2027-12-09
E010889,Kabir,HR,41,14.0,56453.37,6.24,2027-12-09
E010890,Diya,HR,29,8.0,53834.27,4.04,2027-12-09
E010891,Diya,HR,58,21.0,55789.21,1.5,2027-12-10
E010892,Aditya,Engineering,22,1.0,105115.77,7.01,2027-12-10
E010893,Aditya,Operations,50,8.0,86055.6,6.53,2027-12-10
E010894,Isha,Sales,49,12.0,58292.27,1.04,2027-12-11
E010895,Rohan,Finance,46,34.0,106282.14,4.47,2027-12-11
E010896,Kabir,HR,61,7.0,80215.53,8.49,2027-12-11
E010897,Isha,Operations,34,26.0,53229.34,6.08,2027-12-12
E010898,Aarav,Operations,30,9.0,72945.4,2.84,2027-12-12
E010899,Kabir,Marketing,38,28.0,92937.51,9.77,2027-12-12
E010900,Isha,Marketing,25,0.0,47276.04,8.71,2027-12-13
E010901,Aditya,Engineering,48,,76441.49,9.24,2027-12-13
E010902,Diya,Sales,43,21.0,38089.77,2.32,2027-12-13
E010903,Aarav,Marketing,40,28.0,103492.88,7.96,2027-12-14
E010904,Isha,HR,54,10.0,57587.13,6.72,2027-12-14
E010905,Aditya,Finance,27,30.0,79796.52,7.39,2027-12-14
E010906,Tara,HR,47,10.0,74495.41,1.32,2027-12-15
E010907,Kabir,Engineering,33,16.0,104641.85,5.02,2027-12-15
E010908,Kabir,HR,45,8.0,61976.2,4.0,2027-12-15
,Nisha,Sales,26,22.0,69362.48,3.17,2027-12-16
E010910,Diya,HR,22,0.0,92309.9,4.47,2027-12-16
E010911,Aarav,Sales,49,8.0,123991.54,5.44,2027-12-16
E010912,Rohan,Sales,26,31.0,92822.46,7.93,2027-12-17
E010913,Nisha,Operations,49,6.0,83055.91,6.11,2027-12-17
E010914,Nisha,Marketing,47,17.0,74680.96,4.55,2027-12-17
E010915,Aarav,Finance,61,26.0,28960.36,8.02,2027-12-18
E010916,Aditya,HR,51,13.0,48826.01,8.33,2027-12-18
E010917,Rohan,Marketing,21,19.0,68050.14,4.34,2027-12-18
E010918,Kabir,HR,54,1.0,106550.43,3.72,
E010919,Kabir,Marketing,35,10.0,33600.08,8.58,2027-12-19
,Tara,Sales,55,22.0,68412.21,1.81,2027-12-19
E010921,Aditya,Operations,53,8.0,21530.13,6.44,2027-12-20
E010922,Rohan,Finance,50,25.0,66699.64,6.2,2027-12-20
E010923,Kabir,Sales,42,33.0,40718.16,5.57,2027-12-20
E010924,Rohan,Finance,52,10.0,64900.81,2.31,2027-12-21
E010925,Aarav,Finance,21,7.0,18675.66,3.99,2027-12-21
E010926,Nisha,Marketing,39,,40745.4,4.05,2027-12-21
E010927,Rohan,Sales,47,2.0,88301.85,3.91,2027-12-22
E010928,Nisha,Engineering,30,1.0,61785.41,7.61,2027-12-22
E010929,Isha,Engineering,35,,67855.05,1.23,2027-12-22
E010930,Kabir,Marketing,51,18.0,71219.85,1.45,2027-12-23
E010931,Rohan,Operations,47,3.0,70805.62,4.99,2027-12-23
E010932,Isha,Sales,25,15.0,52366.49,1.9,2027-12-23
E010933,Tara,Engineering,32,31.0,102120.16,8.34,2027-12-24
E010934,Diya,HR,25,24.0,126034.65,6.79,2027-12-24
E010935,Tara,Marketing,53,20.0,51981.65,3.85,2027-12-24
E010936,Tara,Engineering,39,4.0,79495.49,7.51,2027-12-25
E010937,Aditya,HR,35,0.0,90105.46,9.42,2027-12-25
E010938,Nisha,HR,46,30.0,83579.49,2.78,2027-12-25
E010939,Tara,Engineering,21,6.0,81020.0,1.9,2027-12-26
E010940,Nisha,Operations,54,25.0,72182.41,1.79,2027-12-26
E010941,Rohan,Finance,51,20.0,72431.72,8.44,2027-12-26
E010942,Aditya,Engineering,33,29.0,67244.85,1.2,2027-12-27
E010943,Diya,Marketing,36,27.0,97697.16,3.41,2027-12-27
E010944,Diya,Finance,47,25.0,56255.86,4.75,2027-12-27
E010945,Kabir,Operations,58,8.0,40391.19,3.79,2027-12-28
E010946,Diya,Sales,43,33.0,52072.64,7.41,2027-12-28
E010947,Aditya,Marketing,54,17.0,96220.85,7.3,2027-12-28
E010948,Aarav,Operations,24,32.0,46945.75,5.16,2027-12-29
E010949,Rohan,Sales,45,28.0,95118.49,8.46,2027-12-29
E010950,Aditya,Engineering,34,8.0,75427.1,5.27,2027-12-29
E010951,Isha,Engineering,52,13.0,66175.23,2.12,2027-12-30
E010952,,Operations,56,1.0,63430.61,6.72,2027-12-30
E010953,Isha,HR,42,0.0,72132.66,4.96,2027-12-30
E010954,Tara,Operations,55,19.0,87851.98,4.57,2027-12-31
E010955,Rohan,Marketing,40,1.0,58759.22,8.82,2027-12-31
E010956,Diya,Marketing,55,11.0,40776.4,7.67,
E010957,Rohan,Operations,40,11.0,105639.95,1.58,2028-01-01
E010958,Aditya,Marketing,47,12.0,113203.19,1.85,2028-01-01
E010959,Isha,Marketing,58,24.0,91848.31,8.51,2028-01-01
E010960,Aarav,Operations,44,27.0,80228.78,4.94,2028-01-02
E010961,Rohan,Finance,29,4.0,85603.41,7.26,2028-01-02
E010962,Aarav,Engineering,39,31.0,51259.82,1.31,2028-01-02
E010963,Aditya,Finance,33,9.0,61684.17,5.5,2028-01-03
E010964,Isha,Engineering,39,21.0,125906.66,8.52,2028-01-03
E010965,Diya,Marketing,32,14.0,43828.92,7.24,2028-01-03
E010966,Aditya,Marketing,24,4.0,76748.57,7.39,2028-01-04
E010967,Nisha,HR,28,34.0,62013.59,4.8,2028-01-04
E010968,Nisha,Sales,31,22.0,67958.64,8.48,2028-01-04
E010969,Aarav,HR,45,10.0,57993.63,2.25,2028-01-05
E010970,Kabir,Marketing,59,20.0,57979.64,2.79,2028-01-05
E010971,Isha,Engineering,52,5.0,34019.64,6.9,2028-01-05
E010972,Aditya,HR,33,18.0,82554.2,9.23,2028-01-06
E010973,Nisha,Marketing,55,4.0,60325.54,2.16,2028-01-06
E010974,Tara,Operations,51,24.0,72424.64,3.29,2028-01-06
E010975,Isha,Marketing,23,34.0,87966.65,9.11,2028-01-07
E010976,Diya,HR,44,21.0,41262.45,1.74,2028-01-07
E010977,Nisha,HR,45,30.0,60640.64,4.58,2028-01-07
E010978,Kabir,Operations,36,6.0,49082.92,1.82,2028-01-08
E010979,Tara,Sales,31,26.0,69927.94,8.95,2028-01-08
E010980,Nisha,Sales,23,11.0,69955.65,4.41,2028-01-08
E010981,Nisha,Engineering,37,,65733.45,4.56,2028-01-09
E010982,Tara,Engineering,24,2.0,111886.17,1.8,2028-01-09
E010983,Kabir,Sales,44,26.0,86567.46,4.17,2028-01-09
E010984,Aarav,Finance,41,30.0,35189.24,3.62,2028-01-10
E010985,Kabir,Engineering,34,8.0,75044.56,2.9,2028-01-10
E010986,Aarav,Sales,39,,31732.65,6.64,2028-01-10
E010987,Tara,Finance,26,0.0,79981.44,6.6,2028-01-11
E010988,Nisha,Engineering,42,28.0,44456.71,3.79,2028-01-11
E010989,Diya,Marketing,47,19.0,54065.04,5.54,2028-01-11
E010990,Aditya,Finance,41,12.0,76845.41,-2.0,2028-01-12
E010991,Tara,Marketing,57,18.0,35527.74,3.53,2028-01-12
E010992,Rohan,Operations,54,21.0,85255.47,5.17,2028-01-12
,Aditya,HR,59,27.0,59359.47,9.13,2028-01-13
E010994,Kabir,HR,24,9.0,49052.55,6.6,2028-01-13
E010995,Nisha,Sales,57,0.0,56420.35,1.64,2028-01-13
E010996,Kabir,Finance,52,29.0,48525.98,3.42,2028-01-14
E010997,Aarav,Marketing,42,6.0,48084.95,1.3,2028-01-14
E010998,Isha,Engineering,23,26.0,72575.28,4.83,2028-01-14
E010999,,Operations,44,0.0,114710.39,5.88,2028-01-15
E011000,Diya,Engineering,43,29.0,85525.08,7.73,2028-01-15
E011001,Nisha,Sales,33,11.0,53068.65,2.85,2028-01-15
E011002,Tara,Engineering,44,30.0,57762.34,1.84,2028-01-16
E011003,Nisha,Marketing,43,32.0,33378.55,6.7,2028-01-16
E011004,Aditya,HR,37,9.0,64313.02,8.55,2028-01-16
E011005,Nisha,Finance,32,22.0,59252.8,6.21,2028-01-17
E011006,Rohan,HR,42,11.0,54486.9,5.65,2028-01-17
E011007,Diya,Operations,48,7.0,84066.23,9.37,2028-01-17
E011008,Kabir,Engineering,26,22.0,63566.13,8.93,2028-01-18
E011009,Aditya,Engineering,24,15.0,78132.46,8.88,2028-01-18
E011010,Rohan,Marketing,29,6.0,81706.16,4.9,2028-01-18
E011011,Rohan,Marketing,45,21.0,71560.01,1.63,2028-01-19
E011012,Tara,Operations,54,1.0,76143.88,7.9,2028-01-19
E011013,Diya,Marketing,59,3.0,67249.03,5.41,2028-01-19
E011014,Nisha,Finance,55,13.0,91397.55,5.81,2028-01-20
E011015,Diya,Operations,23,17.0,87000.11,4.25,2028-01-20
E011016,Nisha,HR,41,4.0,51392.14,2.41,2028-01-20
E011017,Tara,Engineering,35,23.0,102590.83,1.3,2028-01-21
E011018,Isha,Operations,28,18.0,64089.33,2.02,2028-01-21
E011019,Aditya,Engineering,47,9.0,71879.86,6.65,2028-01-21
E011020,Aarav,HR,52,30.0,80400.89,3.6,2028-01-22
E011021,,Finance,27,14.0,95826.74,8.11,2028-01-22
E011022,Isha,Sales,47,9.0,84718.59,4.56,2028-01-22
E011023,Aditya,Operations,29,23.0,76597.14,5.15,2028-01-23
E011024,Kabir,Engineering,50,33.0,64037.9,4.66,2028-01-23
E011025,Kabir,Engineering,52,11.0,0.0,9.26,2028-01-23
E011026,Tara,Engineering,34,14.0,100787.56,5.58,2028-01-24
E011027,Aditya,Engineering,60,12.0,91558.9,1.33,2028-01-24
E011028,Diya,Finance,43,18.0,60788.04,2.36,2028-01-24
E011029,Nisha,Engineering,44,31.0,84071.65,2.95,2028-01-25
E011030,Aditya,Marketing,25,5.0,54694.76,7.69,2028-01-25
,Nisha,Marketing,29,26.0,96090.18,2.9,2028-01-25
E011032,Aarav,Operations,37,1.0,104493.91,6.34,2028-01-26
E011033,Nisha,Sales,40,20.0,103663.42,9.65,2028-01-26
E011034,Kabir,HR,61,23.0,96005.29,7.99,2028-01-26
E011035,Nisha,Marketing,47,31.0,79739.32,6.51,2028-01-27
E011036,Kabir,Operations,51,28.0,102338.17,6.84,2028-01-27
E011037,Isha,Marketing,52,23.0,75408.23,5.86,2028-01-27
E011038,Nisha,HR,51,10.0,11634.13,1.73,2028-01-28
E011039,Aarav,HR,45,7.0,46941.0,9.13,2028-01-28
E011040,Nisha,Marketing,44,12.0,42849.77,5.55,2028-01-28
E011041,Aarav,Sales,33,2.0,73895.1,7.46,2028-01-29
E011042,Aditya,Marketing,51,25.0,92725.66,4.45,2028-01-29
E011043,Tara,HR,47,27.0,61906.05,2.66,2028-01-29
E011044,Diya,Marketing,42,13.0,78680.89,9.58,2028-01-30
E011045,Tara,Operations,57,21.0,62707.06,6.19,2028-01-30
E011046,Rohan,HR,45,0.0,103856.59,6.78,2028-01-30
E011047,Isha,Finance,33,6.0,72171.52,5.6,2028-01-31
E011048,Kabir,Operations,38,17.0,36726.86,5.57,2028-01-31
E011049,Isha,HR,60,30.0,64601.0,6.79,2028-01-31
E011050,Aarav,Engineering,39,30.0,65362.28,6.16,2028-02-01
E011051,Kabir,Operations,30,7.0,68237.44,9.35,2028-02-01
E011052,Isha,Engineering,42,10.0,55213.02,2.91,
E011053,Isha,Finance,31,5.0,88613.46,2.77,2028-02-02
,Nisha,Marketing,21,17.0,104772.73,8.51,2028-02-02
E011055,Nisha,Finance,31,31.0,58696.5,5.37,2028-02-02
E011056,Aditya,Finance,29,24.0,52706.83,4.7,2028-02-03
E011057,Isha,Sales,59,29.0,67102.24,3.34,2028-02-03
E011058,Tara,Engineering,38,11.0,88603.04,1.69,2028-02-03
E011059,Nisha,HR,38,29.0,44184.84,9.42,2028-02-04
E011060,Kabir,Finance,34,17.0,102963.55,9.24,2028-02-04
E011061,Kabir,Finance,48,25.0,58864.52,8.52,2028-02-04
E011062,Aditya,HR,23,,57295.51,1.62,2028-02-05
,Isha,Operations,58,21.0,81757.42,2.78,2028-02-05
E011064,Diya,HR,56,28.0,17313.46,7.5,2028-02-05
E011065,Diya,Sales,49,11.0,94905.83,3.39,2028-02-06
E011066,Aarav,Sales,51,16.0,131673.11,4.52,2028-02-06
E011067,Rohan,Sales,44,1.0,114881.87,6.0,
E011068,Isha,Operations,59,21.0,89901.93,9.39,2028-02-07
E011069,Aarav,Finance,28,7.0,93375.75,7.02,2028-02-07
E011070,Diya,Marketing,24,,68401.23,2.76,2028-02-07
E011071,Diya,Engineering,59,6.0,69518.06,9.96,2028-02-08
E011072,Aditya,Marketing,25,13.0,42501.33,7.24,2028-02-08
E011073,Aarav,Engineering,39,26.0,55979.25,7.98,2028-02-08
E011074,Aarav,Operations,51,4.0,48456.11,5.48,2028-02-09
E011075,Rohan,Marketing,36,2.0,86059.4,3.37,2028-02-09
E011076,Aarav,Engineering,35,8.0,65435.29,7.47,2028-02-09
E011077,Aditya,Sales,55,8.0,62243.41,8.87,2028-02-10
E011078,Rohan,Engineering,41,7.0,74204.67,8.36,2028-02-10
E011079,Nisha,HR,45,0.0,78115.84,3.11,2028-02-10
E011080,Rohan,Engineering,37,23.0,94350.99,4.56,2028-02-11
E011081,Rohan,HR,59,1.0,36484.3,9.9,2028-02-11
E011082,Tara,Marketing,23,14.0,73470.62,8.88,2028-02-11
E011083,Kabir,Sales,28,25.0,97068.65,4.16,2028-02-12
E011084,Tara,HR,51,7.0,93587.83,1.12,2028-02-12
E011085,,Engineering,40,16.0,122352.22,9.28,2028-02-12
E011086,Tara,Sales,40,28.0,66651.69,7.82,2028-02-13
E011087,Kabir,Operations,40,21.0,91320.54,5.14,2028-02-13
E011088,Diya,Engineering,51,15.0,18388.09,5.25,2028-02-13
E011089,Aditya,Sales,45,26.0,68996.39,9.51,2028-02-14
E011090,Rohan,Marketing,55,23.0,63720.82,6.47,2028-02-14
E011091,Rohan,Operations,30,10.0,98899.33,9.94,2028-02-14
E011092,Rohan,Finance,49,27.0,87542.31,7.64,2028-02-15
E011093,Diya,Marketing,40,10.0,53176.69,8.12,2028-02-15
E011094,Isha,Operations,37,14.0,60081.68,1.71,2028-02-15
E011095,Kabir,HR,39,8.0,47960.32,2.33,2028-02-16
,Diya,HR,30,22.0,92243.9,3.54,2028-02-16
E011097,Rohan,Engineering,46,10.0,85293.27,1.09,2028-02-16
E011098,Nisha,Sales,53,1.0,17755.43,1.48,2028-02-17
E011099,Nisha,Engineering,29,0.0,37515.61,1.71,2028-02-17
E011100,Aarav,Finance,60,19.0,65263.8,9.61,2028-02-17
E011101,Tara,HR,57,18.0,92590.74,8.06,2028-02-18
E011102,Diya,Finance,54,5.0,28454.9,6.09,2028-02-18
E011103,Aarav,Engineering,60,32.0,80092.87,1.65,2028-02-18
E011104,Nisha,Marketing,37,9.0,51599.23,2.1,2028-02-19
E011105,Kabir,Finance,40,22.0,69026.91,4.0,2028-02-19
E011106,Rohan,Marketing,61,32.0,74398.94,7.79,2028-02-19
E011107,Aarav,Operations,50,7.0,71829.88,1.42,2028-02-20
E011108,Diya,Sales,29,17.0,13263.67,6.91,2028-02-20
E011109,Rohan,Sales,32,21.0,147036.14,7.8,
E011110,Aditya,Marketing,50,11.0,100988.85,3.24,2028-02-21
E011111,Rohan,HR,39,17.0,74339.21,5.37,2028-02-21
E011112,Rohan,Operations,55,31.0,54301.81,2.27,2028-02-21
E011113,Aarav,Sales,28,28.0,74468.24,7.15,2028-02-22
E011114,Isha,Finance,59,12.0,52533.7,7.45,2028-02-22
E011115,Diya,Operations,39,17.0,67795.1,1.03,
E011116,Kabir,Sales,59,5.0,98363.5,9.2,2028-02-23
E011117,Aarav,Engineering,57,19.0,56415.34,1.1,2028-02-23
E011118,Rohan,HR,29,21.0,79853.12,1.59,2028-02-23
E011119,Tara,Operations,37,16.0,95965.9,8.54,2028-02-24
E011120,Isha,HR,59,30.0,91932.72,9.71,2028-02-24
E011121,Aarav,Marketing,32,31.0,73626.47,4.61,2028-02-24
E011122,,Engineering,29,19.0,55247.07,9.21,2028-02-25
E011123,Diya,Marketing,32,11.0,112058.64,15.0,2028-02-25
E011124,Diya,Operations,59,22.0,107123.8,7.09,2028-02-25
E011125,Aditya,Operations,40,23.0,56534.08,9.75,2028-02-26
E011126,Kabir,Engineering,41,11.0,82981.67,7.88,2028-02-26
E011127,Diya,Finance,55,1.0,48485.09,3.72,2028-02-26
E011128,Tara,Finance,35,6.0,57266.02,3.68,2028-02-27
E011129,Diya,Marketing,59,8.0,112801.41,2.81,
E011130,Diya,Marketing,38,14.0,56262.97,1.6,2028-02-27
E011131,Nisha,HR,45,27.0,65899.69,7.4,2028-02-28
E011132,Diya,HR,24,9.0,82297.07,5.28,2028-02-28
E011133,Aarav,Marketing,39,28.0,72329.9,2.11,2028-02-28
E011134,Isha,HR,49,22.0,78295.64,5.32,2028-02-29
E011135,Diya,Operations,21,20.0,84478.33,4.57,2028-02-29
E011136,Kabir,HR,53,6.0,17037.36,1.03,2028-02-29
E011137,Isha,Sales,37,6.0,83288.41,3.56,2028-03-01
E011138,Isha,Marketing,59,25.0,71258.8,6.98,2028-03-01
E011139,Nisha,Finance,38,24.0,4594.22,1.29,2028-03-01
E011140,Aditya,Marketing,37,5.0,56294.69,1.83,2028-03-02
E011141,Aditya,Operations,37,12.0,90637.68,3.9,2028-03-02
E011142,Aarav,Operations,58,25.0,86381.75,8.92,2028-03-02
E011143,Aditya,Operations,60,20.0,74581.87,4.15,
E011144,Nisha,Finance,34,11.0,52476.59,7.71,2028-03-03
E011145,Aditya,Finance,48,30.0,81390.82,8.79,2028-03-03
E011146,Aditya,HR,53,15.0,59330.98,1.58,2028-03-04
E011147,Aditya,Operations,44,32.0,64645.19,1.32,2028-03-04
E011148,Kabir,Operations,53,,29853.02,9.37,
E011149,Kabir,Sales,29,7.0,49250.68,7.44,2028-03-05
E011150,Nisha,Marketing,52,26.0,93585.14,4.53,2028-03-05
E011151,Nisha,Operations,29,22.0,91325.07,4.62,2028-03-05
E011152,Nisha,Finance,55,33.0,60385.99,2.2,2028-03-06
E011153,Rohan,Engineering,24,29.0,40782.33,9.31,2028-03-06
E011154,Tara,Engineering,22,23.0,96722.25,9.79,2028-03-06
E011155,Rohan,Engineering,33,23.0,58033.89,7.16,2028-03-07
E011156,Kabir,Marketing,51,8.0,102009.26,3.38,2028-03-07
E011157,Aditya,Sales,49,8.0,72462.06,9.95,2028-03-07
E011158,Kabir,Sales,32,5.0,45913.48,3.43,2028-03-08
E011159,Aarav,Sales,36,16.0,84903.35,5.55,2028-03-08
E011160,Aditya,Marketing,46,29.0,61026.02,7.58,2028-03-08
E011161,Aarav,Finance,50,4.0,56152.92,6.54,2028-03-09
E011162,Isha,Marketing,30,17.0,68144.54,3.58,2028-03-09
E011163,Isha,Marketing,23,13.0,37905.3,9.38,2028-03-09
E011164,Kabir,Marketing,48,5.0,81973.75,3.63,2028-03-10
E011165,Aarav,Operations,27,33.0,55216.65,4.25,2028-03-10
E011166,Tara,Operations,48,3.0,20291.82,3.44,2028-03-10
E011167,Rohan,Finance,29,22.0,43559.11,7.25,2028-03-11
E011168,Diya,Finance,60,14.0,164603.21,2.88,2028-03-11
E011169,Nisha,Finance,47,0.0,63241.74,7.11,2028-03-11
E011170,Kabir,Operations,38,6.0,98589.72,8.6,2028-03-12
E011171,Isha,Finance,30,,15807.72,9.93,2028-03-12
E011172,Diya,HR,55,18.0,66694.79,7.59,2028-03-12
E011173,Isha,HR,56,10.0,30693.73,2.04,2028-03-13
E011174,Aditya,Finance,57,28.0,41597.44,8.89,2028-03-13
E011175,Kabir,HR,29,32.0,56514.56,9.82,2028-03-13
E011176,Aditya,Sales,48,1.0,112534.01,9.23,2028-03-14
E011177,Nisha,Finance,27,0.0,97985.24,2.5,2028-03-14
E011178,Tara,Operations,25,33.0,47814.13,9.7,2028-03-14
E011179,Diya,Sales,28,3.0,79969.23,8.11,2028-03-15
E011180,Kabir,Marketing,36,1.0,72456.02,4.96,2028-03-15
E011181,Kabir,Finance,54,3.0,47841.52,6.27,2028-03-15
E011182,Aditya,Engineering,58,0.0,18722.99,9.37,2028-03-16
E011183,Diya,Operations,27,7.0,103921.9,3.75,2028-03-16
E011184,Isha,Finance,32,3.0,96302.01,2.34,2028-03-16
E011185,Rohan,Marketing,27,0.0,71831.38,8.47,2028-03-17
E011186,Kabir,Finance,23,20.0,54678.13,7.21,2028-03-17
E011187,Nisha,Marketing,30,9.0,63713.98,8.83,2028-03-17
E011188,Nisha,Engineering,30,34.0,72118.09,4.86,2028-03-18
E011189,Tara,Operations,50,21.0,98383.56,7.79,2028-03-18
E011190,Nisha,Finance,56,14.0,63546.15,8.26,2028-03-18
E011191,Tara,Finance,34,12.0,52047.94,3.81,2028-03-19
E011192,Aarav,Operations,39,4.0,77171.1,4.46,2028-03-19
E011193,Nisha,Sales,50,24.0,72752.48,2.29,2028-03-19
E011194,Nisha,Marketing,50,2.0,88079.75,5.81,2028-03-20
E011195,Tara,Sales,21,4.0,633.56,1.31,2028-03-20
E011196,Aarav,Sales,33,34.0,51863.85,3.77,2028-03-20
E011197,Isha,Marketing,55,15.0,68902.61,5.23,2028-03-21
E011198,Rohan,Sales,46,3.0,33642.76,8.39,2028-03-21
E011199,Nisha,Marketing,24,0.0,77652.41,4.26,2028-03-21
E011200,Rohan,Marketing,39,27.0,42450.44,5.17,2028-03-22
E011201,Diya,HR,56,1.0,56708.45,7.64,2028-03-22
E011202,Kabir,Marketing,39,7.0,57716.42,3.0,2028-03-22
E011203,Nisha,Marketing,51,21.0,116531.85,6.21,2028-03-23
E011204,Nisha,Sales,55,9.0,58500.25,1.47,2028-03-23
E011205,Diya,Operations,23,4.0,84893.5,8.59,2028-03-23
E011206,Tara,Marketing,51,33.0,30773.39,7.17,2028-03-24
E011207,Tara,Operations,51,13.0,109780.92,6.21,2028-03-24
E011208,Aditya,Marketing,47,24.0,51371.45,4.92,2028-03-24
E011209,Kabir,HR,36,20.0,52714.91,1.61,2028-03-25
E011210,Nisha,Marketing,27,,57392.42,8.1,2028-03-25
E011211,Aarav,Engineering,49,23.0,48897.68,2.0,2028-03-25
E011212,Nisha,Marketing,40,4.0,44081.92,4.17,2028-03-26
E011213,Isha,Engineering,60,7.0,98113.41,3.43,2028-03-26
E011214,Kabir,Engineering,27,20.0,64199.54,3.21,2028-03-26
E011215,Aarav,Finance,36,11.0,52273.29,6.15,2028-03-27
E011216,Isha,Finance,39,26.0,112665.04,7.82,2028-03-27
E011217,Nisha,Sales,35,14.0,42886.59,3.15,2028-03-27
E011218,Kabir,Operations,60,22.0,73940.64,4.26,
E011219,Aarav,Engineering,60,21.0,19614.29,7.41,2028-03-28
E011220,Isha,Finance,35,23.0,38753.68,2.48,2028-03-28
E011221,Nisha,Sales,31,27.0,72847.24,4.14,2028-03-29
E011222,Aarav,Sales,57,3.0,84333.1,8.15,2028-03-29
E011223,Isha,Engineering,32,32.0,58178.69,5.16,2028-03-29
E011224,Aarav,Operations,23,34.0,115174.43,3.69,2028-03-30
E011225,Tara,Operations,34,20.0,41823.89,8.17,2028-03-30
E011226,Aarav,HR,61,19.0,52039.16,1.62,2028-03-30
E011227,Rohan,Marketing,59,16.0,49985.09,3.16,2028-03-31
E011228,Isha,Operations,41,10.0,68198.8,5.99,2028-03-31
E011229,Kabir,Engineering,59,21.0,109309.69,2.4,2028-03-31
E011230,Rohan,Operations,52,23.0,111667.55,7.17,2028-04-01
E011231,Kabir,Engineering,60,2.0,41557.48,9.77,2028-04-01
E011232,Kabir,HR,37,27.0,42139.41,9.31,2028-04-01
E011233,Isha,HR,45,27.0,20048.23,7.06,2028-04-02
E011234,Nisha,Sales,60,27.0,86785.64,1.4,2028-04-02
E011235,Isha,Sales,34,8.0,104072.33,7.42,2028-04-02
E011236,Kabir,Marketing,26,34.0,65071.62,5.75,2028-04-03
E011237,Rohan,Marketing,59,10.0,73380.13,5.72,2028-04-03
E011238,Nisha,HR,53,1.0,83863.23,5.37,2028-04-03
E011239,Tara,Marketing,36,,39724.89,9.32,2028-04-04
,Tara,Finance,47,14.0,66686.91,3.08,2028-04-04
E011241,Tara,Engineering,41,6.0,35851.84,4.51,2028-04-04
E011242,Rohan,Operations,42,15.0,88195.65,7.53,2028-04-05
E011243,Rohan,Engineering,60,32.0,67627.62,9.65,2028-04-05
E011244,Nisha,Sales,35,2.0,60959.08,3.14,2028-04-05
E011245,Rohan,Marketing,31,20.0,68504.34,9.55,2028-04-06
E011246,Tara,Marketing,49,16.0,55224.57,6.36,2028-04-06
E011247,Aarav,Marketing,56,33.0,71148.39,3.53,2028-04-06
E011248,Kabir,Engineering,38,25.0,55458.16,6.62,2028-04-07
E011249,Diya,Marketing,56,32.0,99652.1,6.07,2028-04-07
E011250,Tara,HR,36,15.0,34437.24,5.73,2028-04-07
E011251,Diya,HR,31,23.0,110021.25,3.89,2028-04-08
E011252,Aarav,Finance,27,19.0,78934.14,7.07,2028-04-08
E011253,Aditya,Marketing,58,25.0,87060.08,5.23,2028-04-08
E011254,Diya,Engineering,43,,1265.2,4.29,2028-04-09
E011255,Isha,Engineering,49,15.0,66261.61,7.51,2028-04-09
E011256,Tara,Marketing,34,9.0,32273.85,3.01,2028-04-09
E011257,Aarav,Operations,50,32.0,72148.5,4.51,2028-04-10
E011258,Rohan,HR,30,20.0,29124.08,1.83,2028-04-10
E011259,Nisha,Finance,58,22.0,97265.07,4.72,2028-04-10
E011260,Aarav,Finance,41,34.0,93614.11,9.81,2028-04-11
E011261,Kabir,Engineering,42,26.0,74940.22,1.25,2028-04-11
E011262,Aarav,Engineering,51,28.0,45345.28,5.37,2028-04-11
,Isha,Sales,36,8.0,74735.98,7.36,2028-04-12
E011264,Rohan,Engineering,45,8.0,67964.97,2.35,2028-04-12
E011265,Isha,Marketing,35,20.0,27986.99,8.91,2028-04-12
E011266,Isha,HR,48,14.0,73548.49,9.27,2028-04-13
E011267,Diya,Marketing,36,23.0,48898.83,2.65,2028-04-13
E011268,Nisha,Sales,57,11.0,80987.77,2.32,2028-04-13
E011269,Kabir,Finance,30,5.0,92322.12,8.63,2028-04-14
E011270,Diya,Marketing,40,24.0,43490.52,3.99,2028-04-14
E011271,Rohan,Finance,57,18.0,41366.54,2.5,2028-04-14
E011272,Isha,Marketing,24,1.0,78668.32,9.93,2028-04-15
E011273,Isha,Sales,48,29.0,38034.92,3.89,2028-04-15
E011274,Kabir,Marketing,28,18.0,83242.65,7.5,2028-04-15
E011275,Aditya,Sales,41,12.0,72202.01,4.99,2028-04-16
E011276,Tara,Engineering,40,2.0,62785.73,5.64,2028-04-16
E011277,Tara,Operations,49,25.0,78400.65,3.15,2028-04-16
E011278,Kabir,Marketing,42,32.0,61469.01,2.81,2028-04-17
E011279,Nisha,Finance,50,14.0,29751.92,5.37,2028-04-17
E011280,Kabir,Operations,49,13.0,3000000.0,4.05,2028-04-17
E011281,Aarav,Finance,38,29.0,95535.49,6.61,2028-04-18
E011282,Tara,Sales,39,27.0,73985.56,1.07,2028-04-18
E011283,Aarav,Sales,55,29.0,87606.14,5.03,2028-04-18
E011284,Aditya,HR,25,25.0,69470.92,9.85,2028-04-19
E011285,Aditya,Engineering,35,23.0,53410.4,9.65,2028-04-19
E011286,Isha,Sales,42,21.0,85375.57,6.89,2028-04-19
E011287,Tara,Marketing,61,8.0,76048.1,4.82,2028-04-20
E011288,Kabir,Finance,30,13.0,41031.76,9.75,2028-04-20
E011289,Aditya,HR,34,24.0,101106.65,9.66,2028-04-20
E011290,Tara,Marketing,47,8.0,98815.05,3.37,2028-04-21
E011291,Tara,HR,51,31.0,45473.36,3.47,2028-04-21
E011292,Diya,Sales,35,18.0,76459.96,9.98,2028-04-21
E011293,Isha,Sales,47,29.0,89159.57,8.03,2028-04-22
E011294,Nisha,Operations,59,7.0,67654.93,7.44,2028-04-22
E011295,Diya,Marketing,27,33.0,119734.13,7.95,2028-04-22
E011296,Tara,HR,26,33.0,60243.61,7.14,2028-04-23
E011297,Rohan,Sales,43,22.0,69143.27,8.14,2028-04-23
E011298,Aditya,Engineering,56,20.0,128875.27,7.58,2028-04-23
E011299,Rohan,Marketing,48,3.0,44133.35,6.26,2028-04-24
E011300,Tara,Marketing,26,17.0,71548.61,5.49,2028-04-24
E011301,Isha,HR,51,0.0,83162.01,1.26,2028-04-24
E011302,Diya,Finance,36,11.0,87127.68,4.2,2028-04-25
E011303,Rohan,Marketing,28,32.0,50725.07,8.61,2028-04-25
E011304,Rohan,Finance,36,15.0,99079.28,8.08,2028-04-25
E011305,Aarav,HR,55,33.0,67790.56,4.14,2028-04-26
E011306,Nisha,Sales,53,6.0,55486.27,8.67,2028-04-26
E011307,Aditya,Finance,44,9.0,93634.4,8.23,2028-04-26
E011308,Aarav,Engineering,38,23.0,39885.46,4.41,2028-04-27
E011309,Rohan,Finance,26,33.0,70314.41,4.56,2028-04-27
E011310,Nisha,HR,35,8.0,64091.04,9.04,2028-04-27
E011311,Isha,Engineering,47,11.0,65364.48,4.14,2028-04-28
E011312,Tara,Marketing,31,17.0,91796.4,3.14,2028-04-28
E011313,Isha,Sales,22,34.0,59063.74,2.35,2028-04-28
E011314,Isha,Marketing,26,28.0,49882.28,5.61,2028-04-29
E011315,Aarav,Engineering,38,16.0,41555.55,4.65,2028-04-29
E011316,Aditya,Operations,49,19.0,106973.39,8.99,2028-04-29
E011317,Nisha,Marketing,36,15.0,25790.89,9.42,2028-04-30
E011318,Diya,Engineering,40,0.0,70234.82,9.13,2028-04-30
E011319,Aarav,Engineering,30,34.0,81079.36,4.86,2028-04-30
E011320,,Finance,27,21.0,68244.65,1.13,2028-05-01
E011321,Diya,Operations,40,13.0,70522.6,2.83,2028-05-01
E011322,Kabir,Sales,57,22.0,69499.78,4.5,2028-05-01
E011323,Nisha,Sales,26,11.0,58785.88,1.78,2028-05-02
E011324,Aarav,Finance,29,32.0,85944.45,3.61,2028-05-02
E011325,Aarav,Engineering,25,24.0,9096.71,7.99,2028-05-02
E011326,Kabir,Engineering,52,3.0,84786.87,6.37,2028-05-03
E011327,Aditya,Operations,40,12.0,107818.29,2.07,2028-05-03
E011328,Nisha,Operations,33,15.0,64473.82,3.55,2028-05-03
E011329,Aarav,Marketing,24,10.0,83805.78,7.45,2028-05-04
E011330,Tara,Engineering,35,20.0,58142.06,7.35,2028-05-04
E011331,Diya,Sales,39,20.0,74620.0,1.66,2028-05-04
E011332,Isha,Operations,46,12.0,44638.62,8.78,2028-05-05
E011333,Nisha,Operations,48,32.0,68580.91,5.93,2028-05-05
E011334,Kabir,Engineering,42,12.0,91290.7,5.21,2028-05-05
E011335,Tara,Finance,57,20.0,20587.42,5.03,2028-05-06
E011336,Tara,Operations,60,19.0,54964.45,2.35,2028-05-06
E011337,Isha,Engineering,39,31.0,53340.81,1.22,2028-05-06
E011338,Nisha,Operations,30,4.0,130850.1,6.06,2028-05-07
E011339,Diya,Engineering,21,23.0,84842.4,6.04,2028-05-07
E011340,Nisha,Finance,22,7.0,62138.12,1.85,2028-05-07
E011341,Diya,Engineering,31,12.0,116524.55,2.7,2028-05-08
E011342,Kabir,Sales,40,20.0,97066.84,9.9,2028-05-08
E011343,Isha,Operations,36,34.0,55260.47,4.41,2028-05-08
E011344,Diya,Marketing,60,1.0,71615.34,5.93,2028-05-09
E011345,Diya,Operations,37,33.0,104648.09,9.59,2028-05-09
E011346,Isha,Marketing,35,12.0,95349.25,8.4,2028-05-09
E011347,Aarav,Engineering,46,4.0,69538.12,3.83,2028-05-10
E011348,Rohan,Engineering,40,31.0,85473.1,7.54,2028-05-10
E011349,Isha,Operations,51,21.0,80851.35,6.56,2028-05-10
E011350,Diya,Operations,35,1.0,91925.29,6.77,2028-05-11
E011351,Isha,Marketing,31,1.0,53147.33,2.1,2028-05-11
E011352,Kabir,Sales,48,31.0,47308.04,3.54,2028-05-11
E011353,Nisha,Marketing,30,22.0,69754.17,8.62,2028-05-12
E011354,Isha,Operations,34,24.0,30422.05,6.12,2028-05-12
E011355,Aditya,HR,59,19.0,112378.15,1.3,2028-05-12
E011356,Kabir,Marketing,47,4.0,76944.56,6.91,2028-05-13
E011357,Aarav,Marketing,49,29.0,49187.84,3.37,2028-05-13
E011358,Aditya,Sales,48,25.0,61736.14,2.1,2028-05-13
E011359,Aditya,HR,42,,26027.24,4.37,2028-05-14
E011360,Aarav,Marketing,25,15.0,59402.4,1.89,2028-05-14
E011361,Nisha,Operations,41,28.0,101833.29,9.29,2028-05-14
E011362,Diya,Engineering,50,8.0,24414.25,6.42,2028-05-15
E011363,Diya,HR,28,21.0,35512.74,2.95,2028-05-15
E011364,Isha,HR,42,31.0,66612.09,5.71,2028-05-15
E011365,Diya,Engineering,45,19.0,106233.74,7.07,2028-05-16
E011366,Nisha,HR,52,33.0,75475.1,6.53,2028-05-16
E011367,Kabir,Sales,60,17.0,42235.99,4.76,2028-05-16
E011368,Nisha,Finance,35,26.0,67637.56,5.08,2028-05-17
E011369,Aarav,Marketing,29,21.0,61538.38,8.16,2028-05-17
E011370,Tara,Marketing,37,34.0,51517.74,6.77,2028-05-17
E011371,Tara,Operations,49,20.0,38543.58,6.61,2028-05-18
E011372,Kabir,Operations,41,19.0,65665.25,3.44,2028-05-18
E011373,Aditya,Engineering,54,32.0,55594.38,3.06,2028-05-18
E011374,Aarav,Finance,25,11.0,48708.24,3.8,2028-05-19
E011375,Nisha,Engineering,48,20.0,66752.93,8.58,2028-05-19
E011376,Aditya,Marketing,46,10.0,75055.24,9.53,2028-05-19
E011377,Tara,HR,45,30.0,71387.8,1.36,2028-05-20
E011378,Kabir,HR,35,10.0,70440.05,5.34,2028-05-20
E011379,Tara,Sales,61,22.0,104782.89,5.74,2028-05-20
E011380,Tara,Engineering,54,20.0,105640.58,6.73,2028-05-21
E011381,Diya,Sales,34,3.0,88297.39,4.24,2028-05-21
E011382,Kabir,HR,24,25.0,104925.35,3.33,2028-05-21
E011383,Kabir,Operations,45,34.0,135961.96,5.48,2028-05-22
E011384,Tara,Finance,30,9.0,61823.11,6.69,2028-05-22
E011385,Rohan,Finance,47,30.0,105791.6,5.96,2028-05-22
E011386,Rohan,Operations,47,15.0,61971.21,4.13,2028-05-23
E011387,Kabir,Finance,43,14.0,97657.65,5.33,2028-05-23
E011388,Diya,HR,24,32.0,94293.08,3.34,2028-05-23
E011389,Kabir,Sales,36,21.0,79170.13,6.55,2028-05-24
E011390,Aditya,HR,33,28.0,87077.79,9.34,2028-05-24
E011391,Nisha,Sales,31,31.0,98908.63,8.92,2028-05-24
E011392,Diya,Finance,35,60.0,82158.58,4.19,2028-05-25
E011393,Rohan,Engineering,39,3.0,94622.46,3.29,2028-05-25
E011394,Kabir,HR,37,8.0,59577.11,8.85,2028-05-25
E011395,Diya,Engineering,33,31.0,78082.67,9.4,2028-05-26
E011396,Isha,Finance,39,27.0,58093.07,8.58,2028-05-26
E011397,Isha,Operations,42,21.0,34629.73,5.61,2028-05-26
E011398,Kabir,Operations,58,31.0,76993.15,6.18,2028-05-27
E011399,Tara,Finance,32,29.0,87670.57,7.2,2028-05-27
E011400,Diya,Sales,49,14.0,64386.22,2.03,2028-05-27
E011401,Diya,Engineering,33,17.0,76530.66,4.4,2028-05-28
E011402,Nisha,Operations,23,1.0,139076.82,2.56,2028-05-28
E011403,Rohan,HR,61,33.0,75087.45,5.25,2028-05-28
E011404,Aarav,Finance,59,6.0,103034.04,3.02,2028-05-29
E011405,Aditya,Marketing,37,20.0,81857.91,4.52,2028-05-29
E011406,Diya,Sales,37,,70650.35,9.9,
E011407,Tara,Finance,57,29.0,54443.72,2.98,2028-05-30
E011408,Nisha,HR,21,22.0,53561.76,3.22,2028-05-30
E011409,Diya,HR,38,4.0,22027.57,8.63,2028-05-30
E011410,Aditya,Engineering,30,13.0,57957.45,4.43,2028-05-31
E011411,Aarav,Finance,49,3.0,18671.62,7.56,2028-05-31
E011412,Nisha,Sales,22,1.0,82640.29,3.11,2028-05-31
E011413,Aarav,Finance,35,15.0,80588.76,1.67,2028-06-01
E011414,Isha,Operations,37,0.0,81502.75,7.64,2028-06-01
E011415,Aditya,Operations,28,25.0,66517.61,8.36,2028-06-01
E011416,Rohan,Operations,48,6.0,73374.68,2.32,2028-06-02
E011417,Tara,Operations,41,1.0,68813.97,6.06,2028-06-02
E011418,Aarav,Operations,26,14.0,81945.3,3.91,2028-06-02
E011419,Nisha,HR,40,22.0,82533.52,1.34,2028-06-03
E011420,Diya,Marketing,30,33.0,50794.55,7.81,2028-06-03
E011421,Isha,Engineering,40,32.0,108862.64,8.48,2028-06-03
E011422,Diya,Engineering,44,28.0,85336.55,7.06,2028-06-04
E011423,Aarav,Engineering,43,26.0,43705.17,1.86,2028-06-04
E011424,Aarav,HR,44,25.0,82439.2,9.78,2028-06-04
E011425,Isha,Engineering,53,3.0,102784.76,6.33,2028-06-05
E011426,Kabir,Finance,21,24.0,42453.83,9.35,2028-06-05
E011427,Nisha,Engineering,21,0.0,9593.45,9.97,2028-06-05
E011428,Nisha,Marketing,21,6.0,41845.06,9.66,2028-06-06
E011429,Aarav,Finance,60,33.0,115993.2,6.45,2028-06-06
E011430,Kabir,Operations,27,4.0,42477.39,3.0,2028-06-06
E011431,Isha,Marketing,55,14.0,85533.05,5.08,2028-06-07
E011432,Nisha,Sales,29,11.0,67399.66,6.01,2028-06-07
E011433,Nisha,Sales,58,29.0,127179.33,6.41,2028-06-07
E011434,Aarav,Operations,32,6.0,101665.12,8.29,2028-06-08
E011435,Aditya,Marketing,27,32.0,79801.38,7.81,2028-06-08
E011436,Aditya,Operations,54,34.0,60279.05,11.0,2028-06-08
E011437,Nisha,Operations,44,11.0,96142.42,1.98,2028-06-09
E011438,Aditya,Marketing,32,24.0,23466.74,9.66,2028-06-09
E011439,Aarav,Operations,61,10.0,51769.17,2.21,2028-06-09
E011440,Tara,Marketing,55,12.0,76889.01,7.24,2028-06-10
E011441,Diya,Operations,38,9.0,27974.55,9.0,2028-06-10
E011442,Isha,Marketing,21,16.0,69992.83,8.85,2028-06-10
E011443,Kabir,Sales,21,26.0,28803.54,8.16,2028-06-11
E011444,Tara,HR,50,0.0,75778.77,1.55,2028-06-11
E011445,Isha,Sales,58,33.0,64634.07,3.76,2028-06-11
E011446,Aarav,Operations,29,30.0,65075.3,7.91,2028-06-12
E011447,Aarav,Marketing,29,24.0,77385.51,9.4,2028-06-12
E011448,Tara,HR,32,14.0,67165.69,9.23,2028-06-12
E011449,Isha,Engineering,34,29.0,88721.84,7.86,2028-06-13
E011450,Isha,Marketing,52,30.0,43478.31,1.16,2028-06-13
E011451,Rohan,Engineering,44,11.0,30777.08,5.81,2028-06-13
E011452,Diya,HR,47,8.0,108886.25,6.31,2028-06-14
E011453,Diya,Marketing,39,2.0,48689.52,4.12,2028-06-14
,Kabir,Operations,29,25.0,62882.71,6.17,2028-06-14
E011455,Kabir,Marketing,60,3.0,87133.79,3.12,2028-06-15
E011456,Tara,Marketing,34,27.0,51280.16,5.39,2028-06-15
E011457,Aarav,HR,34,26.0,32777.97,8.87,2028-06-15
E011458,Diya,Finance,26,21.0,70017.86,6.15,2028-06-16
E011459,Tara,Marketing,34,24.0,45527.61,6.95,2028-06-16
E011460,Aarav,Sales,26,22.0,115800.05,5.26,2028-06-16
E011461,Rohan,Operations,56,13.0,77105.15,6.57,2028-06-17
E011462,Isha,Marketing,36,6.0,105856.43,4.67,2028-06-17
E011463,Kabir,HR,23,0.0,63551.91,4.42,2028-06-17
E011464,Aarav,Sales,31,10.0,84881.19,6.19,2028-06-18
E011465,Aditya,HR,51,11.0,59866.36,2.08,2028-06-18
E011466,Nisha,Finance,57,8.0,53085.63,9.55,2028-06-18
E011467,Nisha,Sales,54,28.0,39081.8,4.48,2028-06-19
E011468,Nisha,Marketing,50,25.0,85692.44,2.8,2028-06-19
E011469,Tara,Operations,27,9.0,84402.73,3.53,2028-06-19
E011470,Isha,Operations,24,28.0,54314.79,4.9,2028-06-20
E011471,Kabir,Marketing,22,30.0,55683.93,7.49,2028-06-20
E011472,Nisha,Engineering,24,16.0,88816.53,6.78,2028-06-20
E011473,Kabir,Operations,47,26.0,58307.01,7.22,2028-06-21
E011474,Rohan,Marketing,29,3.0,61965.81,9.53,2028-06-21
E011475,Tara,Marketing,30,10.0,120370.77,4.36,2028-06-21
E011476,Aarav,Operations,34,31.0,69785.26,5.22,2028-06-22
E011477,Isha,Engineering,60,33.0,51380.13,8.95,2028-06-22
E011478,Isha,Finance,60,19.0,55896.13,6.03,2028-06-22
E011479,Isha,Operations,57,15.0,106107.81,4.81,2028-06-23
E011480,Tara,Marketing,52,27.0,72048.79,5.32,2028-06-23
E011481,Tara,Finance,25,23.0,64831.26,7.87,2028-06-23
E011482,Aditya,Operations,28,28.0,32473.94,9.91,2028-06-24
E011483,Aditya,Operations,54,20.0,13049.39,4.33,2028-06-24
E011484,Aarav,Finance,49,7.0,88307.78,2.72,2028-06-24
E011485,Nisha,Operations,42,29.0,26519.14,6.32,2028-06-25
E011486,Diya,Finance,23,24.0,63336.29,6.26,2028-06-25
E011487,Aditya,Finance,45,10.0,47600.56,7.89,2028-06-25
E011488,Isha,HR,30,8.0,87057.0,9.89,2028-06-26
E011489,Isha,Finance,29,1.0,64500.17,9.38,2028-06-26
E011490,Isha,Marketing,22,16.0,92044.24,3.93,2028-06-26
E011491,Tara,Sales,34,29.0,76167.19,1.85,2028-06-27
E011492,Isha,Marketing,26,28.0,83336.31,4.64,2028-06-27
E011493,Diya,Finance,59,27.0,87225.13,5.03,2028-06-27
E011494,Aditya,Marketing,61,16.0,91167.69,1.29,2028-06-28
E011495,Tara,HR,44,17.0,105410.95,9.34,2028-06-28
E011496,Kabir,Finance,43,20.0,68806.48,4.83,2028-06-28
E011497,Nisha,Operations,26,26.0,33514.35,3.44,2028-06-29
E011498,Diya,Operations,44,6.0,71331.43,6.98,2028-06-29
E011499,Isha,Sales,56,6.0,71317.22,8.23,2028-06-29
E011500,Kabir,Engineering,40,9.0,74935.55,9.96,2028-06-30
E011501,Aarav,Engineering,33,16.0,48330.31,6.12,2028-06-30
E011502,,Marketing,45,23.0,82963.67,7.62,2028-06-30
E011503,Diya,Finance,25,7.0,47320.2,9.41,2028-07-01
E011504,Aarav,Sales,37,29.0,99082.05,6.24,2028-07-01
E011505,Rohan,Marketing,26,,95552.21,2.04,2028-07-01
E011506,Diya,Sales,22,4.0,105235.22,6.04,2028-07-02
E011507,Nisha,Finance,27,23.0,65203.95,5.65,2028-07-02
E011508,Nisha,Operations,53,30.0,38456.83,2.98,2028-07-02
E011509,Diya,Finance,40,5.0,75399.42,5.08,2028-07-03
E011510,Tara,HR,43,14.0,87761.04,6.67,2028-07-03
E011511,Diya,Sales,47,30.0,34755.91,1.55,2028-07-03
E011512,Rohan,Engineering,25,13.0,44484.89,7.88,2028-07-04
E011513,Kabir,Finance,52,4.0,103694.97,4.15,2028-07-04
E011514,Tara,Operations,43,15.0,109676.6,3.12,2028-07-04
E011515,Kabir,HR,44,31.0,85510.23,9.74,2028-07-05
E011516,Aarav,Sales,40,4.0,72119.21,3.01,2028-07-05
E011517,Tara,Sales,31,7.0,42441.77,4.46,2028-07-05
E011518,Kabir,Operations,32,27.0,86763.8,5.42,2028-07-06
E011519,Nisha,Operations,61,15.0,47998.11,1.1,2028-07-06
E011520,Aditya,Marketing,59,18.0,126932.03,4.29,2028-07-06
E011521,Kabir,Marketing,26,31.0,105640.03,8.77,2028-07-07
E011522,Isha,Finance,30,21.0,51846.65,7.89,2028-07-07
E011523,Aarav,HR,25,29.0,80814.87,4.2,2028-07-07
E011524,Kabir,Marketing,21,23.0,51860.33,9.12,2028-07-08
E011525,Diya,Engineering,23,1.0,77047.54,9.08,2028-07-08
E011526,Isha,Finance,32,16.0,95467.19,8.8,2028-07-08
E011527,Nisha,Finance,47,22.0,74349.0,6.0,2028-07-09
E011528,Aditya,Sales,22,3.0,67629.99,8.67,2028-07-09
E011529,Kabir,Sales,46,10.0,87367.75,3.46,2028-07-09
E011530,Aditya,Marketing,51,33.0,89455.26,4.49,2028-07-10
E011531,Diya,Finance,57,19.0,41760.86,2.57,2028-07-10
E011532,Diya,HR,40,17.0,61384.78,6.93,2028-07-10
E011533,Tara,HR,36,22.0,69783.71,8.38,2028-07-11
E011534,Nisha,HR,49,2.0,72463.9,1.58,
E011535,Nisha,Sales,60,7.0,114334.77,3.76,2028-07-11
E011536,Isha,Finance,24,14.0,61519.92,7.38,2028-07-12
E011537,Kabir,Operations,48,31.0,61844.42,3.69,2028-07-12
E011538,Aarav,Marketing,53,26.0,52460.0,2.33,2028-07-12
E011539,Diya,Marketing,55,31.0,78387.29,7.27,2028-07-13
E011540,Aditya,Engineering,56,23.0,28042.06,4.5,2028-07-13
E011541,Rohan,Finance,40,20.0,64874.05,5.39,2028-07-13
E011542,Aditya,Operations,45,24.0,82475.02,2.22,2028-07-14
E011543,Aarav,Marketing,29,,86831.44,5.71,2028-07-14
E011544,Rohan,Sales,32,7.0,84596.13,4.68,2028-07-14
E011545,Aarav,Finance,39,11.0,60699.91,8.48,2028-07-15
E011546,Isha,Engineering,41,11.0,62176.96,8.62,2028-07-15
E011547,Nisha,Engineering,59,25.0,73885.29,1.26,2028-07-15
E011548,Rohan,Sales,44,25.0,68284.66,3.68,2028-07-16
E011549,Aarav,Finance,47,2.0,67499.6,3.55,2028-07-16
E011550,Tara,Engineering,48,6.0,50842.04,3.44,2028-07-16
E011551,Isha,Marketing,27,13.0,66996.69,8.97,2028-07-17
E011552,Tara,HR,28,60.0,25983.24,8.86,2028-07-17
E011553,Aditya,Operations,25,17.0,76007.07,3.5,2028-07-17
E011554,Aditya,Engineering,44,14.0,53589.16,5.52,2028-07-18
E011555,Nisha,Sales,44,12.0,75166.28,8.7,2028-07-18
E011556,Isha,Operations,41,31.0,75147.25,2.07,2028-07-18
,Tara,Engineering,27,17.0,75959.49,4.22,2028-07-19
E011558,Isha,Engineering,53,19.0,55843.69,8.4,2028-07-19
E011559,Aditya,Engineering,43,17.0,101576.81,2.46,2028-07-19
E011560,Tara,Sales,50,18.0,29614.72,3.77,2028-07-20
E011561,Diya,Marketing,52,10.0,98271.49,2.32,2028-07-20
E011562,Diya,Operations,29,22.0,72939.69,4.6,2028-07-20
E011563,Tara,Engineering,25,3.0,52049.65,1.27,2028-07-21
E011564,Kabir,Finance,29,1.0,97007.19,5.98,2028-07-21
E011565,Aditya,Engineering,44,23.0,97329.87,8.92,2028-07-21
E011566,Tara,HR,49,6.0,54427.69,3.74,2028-07-22
E011567,Kabir,Sales,25,10.0,129510.57,3.64,2028-07-22
E011568,Aditya,Operations,35,6.0,66422.58,5.18,2028-07-22
,Nisha,HR,30,32.0,51593.31,6.36,2028-07-23
E011570,Aarav,HR,24,31.0,60645.51,8.72,2028-07-23
E011571,Kabir,HR,29,,34951.73,7.97,2028-07-23
E011572,Aarav,Marketing,27,34.0,45281.22,6.53,2028-07-24
E011573,Diya,HR,38,2.0,31290.52,5.32,2028-07-24
E011574,Diya,Sales,33,30.0,96119.43,7.7,2028-07-24
E011575,Nisha,Operations,60,29.0,69431.75,4.25,2028-07-25
E011576,Isha,Marketing,42,9.0,66126.49,9.08,2028-07-25
E011577,Aditya,Sales,22,18.0,39552.44,3.52,2028-07-25
E011578,Kabir,HR,49,1.0,56553.87,3.83,
E011579,Rohan,HR,22,16.0,30665.28,3.65,2028-07-26
E011580,Rohan,Operations,49,32.0,47412.76,8.05,2028-07-26
E011581,Rohan,Operations,47,29.0,49856.85,9.87,2028-07-27
E011582,Rohan,Operations,38,26.0,93641.94,3.33,2028-07-27
E011583,Diya,Marketing,35,2.0,56306.95,3.63,2028-07-27
E011584,Diya,HR,38,25.0,102751.22,1.22,2028-07-28
E011585,Tara,Operations,48,29.0,38240.82,7.94,2028-07-28
E011586,Tara,Finance,31,6.0,52359.95,7.51,2028-07-28
E011587,Isha,Sales,42,5.0,79380.15,3.91,2028-07-29
E011588,Aditya,Finance,61,10.0,66023.3,6.56,2028-07-29
E011589,Diya,Finance,25,34.0,61807.07,9.87,2028-07-29
E011590,Diya,Finance,55,30.0,74282.77,3.78,2028-07-30
E011591,Nisha,Marketing,38,5.0,61264.65,5.37,2028-07-30
E011592,Aarav,Marketing,34,23.0,19081.13,1.53,2028-07-30
E011593,Nisha,Finance,43,3.0,17829.79,6.1,2028-07-31
E011594,Nisha,Sales,24,10.0,121972.24,5.85,2028-07-31
E011595,Tara,Finance,23,22.0,106186.18,5.38,2028-07-31
E011596,Isha,HR,35,5.0,90018.15,6.77,2028-08-01
E011597,Diya,Engineering,22,10.0,78852.7,8.88,2028-08-01
E011598,Diya,Finance,39,13.0,69935.19,1.12,2028-08-01
E011599,Diya,HR,28,29.0,84721.64,4.48,2028-08-02
E011600,Kabir,HR,36,21.0,52166.71,1.62,2028-08-02
E011601,Diya,Engineering,40,16.0,62042.24,4.18,2028-08-02
E011602,Aarav,Sales,32,27.0,94996.12,9.43,2028-08-03
E011603,Diya,Marketing,48,11.0,92444.23,4.18,2028-08-03
E011604,Aarav,HR,57,16.0,73142.94,6.22,2028-08-03
E011605,Aarav,Marketing,26,20.0,58705.82,4.54,2028-08-04
E011606,Nisha,Engineering,26,27.0,101076.92,2.78,2028-08-04
E011607,Nisha,Engineering,61,,52387.44,9.26,2028-08-04
E011608,Isha,Sales,29,6.0,78579.63,5.53,2028-08-05
E011609,Aditya,Operations,61,24.0,119116.38,2.89,2028-08-05
E011610,Isha,Marketing,55,14.0,79826.3,5.94,2028-08-05
E011611,Nisha,Finance,61,20.0,69964.16,2.38,2028-08-06
E011612,Nisha,Engineering,45,20.0,41264.87,9.44,2028-08-06
E011613,Aarav,HR,28,8.0,82538.91,5.79,2028-08-06
E011614,Diya,Engineering,26,13.0,46106.81,1.04,2028-08-07
E011615,Aditya,Operations,28,6.0,32624.04,2.62,2028-08-07
E011616,Aditya,HR,44,6.0,62855.53,2.82,2028-08-07
E011617,Kabir,Sales,24,25.0,60852.8,9.71,2028-08-08
E011618,Diya,Operations,53,24.0,54781.47,3.73,2028-08-08
E011619,Aarav,Engineering,45,3.0,70784.91,2.04,2028-08-08
E011620,Nisha,Finance,50,29.0,75310.9,4.06,2028-08-09
E011621,Isha,Finance,38,7.0,83903.62,5.49,2028-08-09
E011622,Rohan,Sales,61,13.0,87204.19,5.34,2028-08-09
E011623,Aditya,Operations,32,8.0,100060.99,3.33,2028-08-10
,Rohan,Finance,49,20.0,63094.32,8.07,2028-08-10
,Kabir,Engineering,56,14.0,81450.97,9.41,2028-08-10
E011626,Rohan,Operations,22,24.0,24053.75,5.79,2028-08-11
E011627,Aditya,Engineering,54,23.0,74603.91,4.17,2028-08-11
E011628,Diya,Engineering,55,34.0,64609.27,8.07,2028-08-11
E011629,Nisha,HR,34,8.0,34821.83,2.47,2028-08-12
E011630,Rohan,Sales,58,21.0,59427.14,7.44,2028-08-12
E011631,Isha,Marketing,36,9.0,62471.54,5.28,2028-08-12
E011632,Diya,Finance,48,8.0,81017.22,5.43,2028-08-13
E011633,Tara,Sales,34,29.0,69500.58,3.94,2028-08-13
E011634,Nisha,Sales,60,,63682.32,7.53,2028-08-13
E011635,,Marketing,22,34.0,47552.42,1.28,2028-08-14
E011636,Aditya,Engineering,55,15.0,97103.94,7.95,2028-08-14
E011637,,Finance,60,2.0,132260.42,1.58,2028-08-14
E011638,Rohan,Sales,44,26.0,68042.83,7.49,2028-08-15
E011639,Aarav,Marketing,49,22.0,68164.38,1.04,2028-08-15
E011640,Rohan,Engineering,24,20.0,81689.85,7.16,2028-08-15
E011641,Aarav,Operations,22,0.0,36904.97,5.35,2028-08-16
E011642,Tara,Sales,47,30.0,44283.25,5.72,2028-08-16
E011643,Rohan,Operations,52,7.0,82913.14,3.55,2028-08-16
E011644,Aarav,Sales,45,23.0,91317.5,8.53,2028-08-17
E011645,Isha,Operations,49,22.0,67277.82,1.55,2028-08-17
E011646,Diya,Engineering,21,21.0,75383.54,9.09,2028-08-17
E011647,Nisha,HR,56,23.0,59934.39,3.93,2028-08-18
E011648,Kabir,HR,37,29.0,82931.35,8.01,2028-08-18
E011649,Nisha,Operations,36,26.0,59250.99,4.13,2028-08-18
E011650,Aarav,HR,46,12.0,63587.61,9.12,2028-08-19
E011651,Isha,Finance,56,5.0,139379.37,1.76,2028-08-19
E011652,Diya,HR,44,3.0,75276.53,4.61,2028-08-19
E011653,Diya,Engineering,58,0.0,59840.45,2.74,2028-08-20
E011654,Kabir,Finance,43,13.0,86310.96,8.62,2028-08-20
E011655,Kabir,Marketing,45,21.0,38467.3,3.23,2028-08-20
E011656,Diya,Finance,24,-1.0,38390.88,2.65,2028-08-21
,Kabir,Sales,57,20.0,48097.0,2.87,2028-08-21
E011658,Tara,Operations,44,10.0,112503.95,4.73,2028-08-21
E011659,Aditya,Marketing,26,23.0,61691.29,7.83,2028-08-22
E011660,Isha,Marketing,26,30.0,76025.31,1.8,2028-08-22
E011661,Aarav,HR,37,18.0,62153.54,1.5,2028-08-22
E011662,Aarav,Sales,30,19.0,96603.4,4.24,2028-08-23
E011663,Kabir,HR,43,18.0,56434.77,8.66,2028-08-23
E011664,Rohan,Sales,56,24.0,45827.28,7.34,2028-08-23
E011665,Kabir,Engineering,44,28.0,81214.4,8.84,2028-08-24
E011666,Kabir,Sales,26,11.0,52850.5,6.18,2028-08-24
E011667,,Sales,29,19.0,63308.24,2.17,2028-08-24
E011668,Nisha,Engineering,23,27.0,67818.66,4.54,2028-08-25
E011669,Aarav,HR,50,23.0,74585.39,8.03,2028-08-25
E011670,Diya,HR,46,5.0,73490.34,1.09,2028-08-25
E011671,Diya,Marketing,55,15.0,22348.12,9.49,2028-08-26
E011672,Rohan,Finance,53,20.0,39022.93,1.88,2028-08-26
E011673,Tara,Operations,47,19.0,46122.91,6.33,2028-08-26
E011674,Tara,Sales,37,15.0,82569.67,3.68,2028-08-27
E011675,,Operations,36,8.0,86472.25,7.8,2028-08-27
E011676,Aditya,Marketing,58,24.0,70003.15,2.4,2028-08-27
E011677,Tara,HR,50,15.0,34699.33,2.56,2028-08-28
E011678,Aarav,Sales,26,24.0,83008.56,6.51,2028-08-28
E011679,Nisha,Marketing,44,7.0,99277.97,3.21,
E011680,Kabir,Operations,32,4.0,87822.42,5.33,2028-08-29
E011681,Nisha,Marketing,53,31.0,94730.61,2.11,2028-08-29
E011682,Diya,HR,37,25.0,41480.42,6.79,2028-08-29
E011683,Isha,Sales,24,12.0,0.0,6.52,2028-08-30
E011684,Rohan,Engineering,28,5.0,112765.67,3.59,2028-08-30
E011685,Kabir,HR,52,7.0,50786.86,6.19,2028-08-30
,Kabir,HR,31,4.0,72118.78,5.46,2028-08-31
E011687,Aditya,HR,40,1.0,30498.74,9.64,2028-08-31
E011688,Isha,Finance,53,33.0,52625.01,1.22,2028-08-31
E011689,Aarav,Marketing,41,18.0,38595.67,2.47,2028-09-01
E011690,Kabir,Finance,39,5.0,43854.94,4.41,2028-09-01
E011691,,Marketing,24,30.0,79117.38,2.43,2028-09-01
E011692,Isha,Operations,21,25.0,87793.99,1.63,2028-09-02
E011693,Nisha,Operations,46,,94433.29,3.56,2028-09-02
E011694,Tara,Engineering,29,7.0,59481.43,8.36,2028-09-02
E011695,Aarav,Engineering,27,1.0,65538.31,2.75,2028-09-03
E011696,Diya,HR,58,17.0,64944.54,3.0,2028-09-03
E011697,Rohan,Operations,58,1.0,103830.55,3.55,2028-09-03
E011698,Tara,Marketing,52,15.0,101791.78,2.51,2028-09-04
E011699,Isha,Sales,57,26.0,83839.67,7.85,2028-09-04
E011700,Nisha,Finance,53,29.0,72094.92,5.98,2028-09-04
,Aarav,Operations,34,1.0,70996.3,8.47,2028-09-05
E011702,Aditya,Engineering,41,12.0,72995.65,5.71,2028-09-05
E011703,Diya,Marketing,29,19.0,41850.13,6.17,2028-09-05
E011704,Tara,Marketing,39,5.0,72569.18,3.71,2028-09-06
E011705,Nisha,Marketing,21,10.0,27452.42,7.84,2028-09-06
E011706,Nisha,Sales,51,32.0,65980.73,2.88,2028-09-06
E011707,Nisha,HR,44,32.0,62365.95,8.7,2028-09-07
E011708,Kabir,Finance,44,3.0,50907.32,8.33,2028-09-07
E011709,Kabir,HR,56,4.0,64214.48,2.72,2028-09-07
E011710,Aarav,Operations,54,7.0,113102.05,6.98,2028-09-08
E011711,Kabir,HR,23,31.0,50004.05,4.91,2028-09-08
E011712,Aarav,Sales,58,27.0,77203.74,9.05,2028-09-08
,Isha,Marketing,27,3.0,85928.07,2.98,2028-09-09
E011714,Aditya,Finance,52,18.0,20937.19,9.97,2028-09-09
E011715,Tara,HR,56,24.0,89472.15,9.63,2028-09-09
E011716,Kabir,Operations,54,0.0,52699.52,9.04,2028-09-10
E011717,Isha,Sales,55,20.0,47666.43,3.95,2028-09-10
E011718,Nisha,Marketing,60,9.0,78910.5,9.89,2028-09-10
E011719,Isha,Engineering,58,4.0,79799.54,6.15,2028-09-11
E011720,Diya,Operations,53,7.0,99567.11,7.46,2028-09-11
E011721,Tara,Marketing,53,10.0,45377.29,4.5,2028-09-11
E011722,Aditya,HR,33,14.0,43744.4,8.26,2028-09-12
E011723,Nisha,Finance,28,33.0,57307.82,2.75,2028-09-12
E011724,Aarav,Marketing,53,22.0,90364.94,3.66,
E011725,Tara,Operations,57,32.0,62850.21,1.13,2028-09-13
E011726,Aditya,Marketing,48,13.0,7682.57,9.53,2028-09-13
E011727,Aditya,Marketing,25,8.0,64023.95,4.35,2028-09-13
,Aditya,Marketing,58,13.0,62662.11,1.28,2028-09-14
E011729,Tara,Operations,30,9.0,48283.43,4.09,2028-09-14
E011730,Diya,Sales,38,19.0,82459.14,5.11,2028-09-14
E011731,Aditya,Sales,23,4.0,75952.4,8.76,2028-09-15
E011732,Rohan,Engineering,57,25.0,76016.05,4.38,2028-09-15
E011733,Rohan,Operations,27,30.0,56673.52,2.37,2028-09-15
E011734,Kabir,HR,36,27.0,52991.95,5.57,2028-09-16
E011735,Diya,Finance,52,28.0,41479.22,5.82,2028-09-16
E011736,Aditya,Engineering,46,5.0,78851.02,8.53,2028-09-16
E011737,Aarav,Engineering,29,16.0,94565.02,4.22,2028-09-17
E011738,Rohan,Marketing,57,15.0,82018.03,6.04,2028-09-17
E011739,Aarav,Marketing,39,28.0,61593.06,1.24,2028-09-17
E011740,Rohan,Marketing,59,28.0,66624.32,8.47,2028-09-18
E011741,Kabir,Engineering,41,18.0,62204.29,7.73,2028-09-18
E011742,Aarav,Sales,42,23.0,78534.51,5.9,2028-09-18
E011743,Aarav,Engineering,46,28.0,74010.52,9.23,2028-09-19
E011744,Tara,Engineering,35,1.0,85009.46,1.91,2028-09-19
E011745,Aarav,Finance,58,6.0,96593.8,3.02,2028-09-19
E011746,Rohan,Sales,52,0.0,65673.69,7.13,2028-09-20
E011747,Nisha,Marketing,48,13.0,53401.15,2.71,2028-09-20
E011748,Isha,Finance,25,28.0,13311.03,6.88,2028-09-20
E011749,Kabir,Marketing,58,3.0,89207.81,3.2,2028-09-21
E011750,Nisha,Sales,55,18.0,44725.39,3.31,2028-09-21
E011751,Kabir,HR,31,0.0,66634.26,7.48,2028-09-21
E011752,Aarav,Sales,50,28.0,64559.75,4.11,2028-09-22
E011753,Aditya,Marketing,54,22.0,3057.83,5.39,2028-09-22
E011754,Diya,HR,27,14.0,93846.08,9.93,2028-09-22
E011755,Aditya,Finance,49,2.0,96207.45,1.2,2028-09-23
E011756,Isha,Sales,25,7.0,74435.04,4.62,2028-09-23
E011757,Isha,Finance,53,29.0,38878.01,2.88,2028-09-23
E011758,Diya,Sales,40,15.0,67017.07,8.7,2028-09-24
E011759,Isha,Sales,60,8.0,82903.43,7.63,2028-09-24
E011760,Aditya,Sales,46,12.0,56010.73,7.51,2028-09-24
E011761,Aditya,Finance,55,25.0,111225.68,7.34,2028-09-25
E011762,Tara,Sales,36,2.0,71489.13,9.67,2028-09-25
E011763,Diya,Sales,35,14.0,104591.11,6.75,2028-09-25
E011764,Aditya,Finance,36,24.0,47444.61,4.02,2028-09-26
E011765,Aditya,HR,40,5.0,98028.14,6.05,2028-09-26
E011766,Aditya,Finance,46,24.0,86524.13,6.93,2028-09-26
E011767,Isha,Operations,61,16.0,53890.08,5.65,2028-09-27
E011768,Nisha,Marketing,59,10.0,72070.53,5.64,2028-09-27
E011769,Isha,Operations,46,4.0,87475.85,7.63,2028-09-27
E011770,Tara,Marketing,27,15.0,40401.38,2.59,2028-09-28
E011771,Aditya,Operations,55,22.0,21080.14,8.59,2028-09-28
E011772,Tara,Engineering,21,32.0,35246.46,9.91,2028-09-28
E011773,Kabir,HR,50,,59512.11,1.95,2028-09-29
E011774,Isha,Finance,48,4.0,64201.46,6.84,2028-09-29
E011775,Aditya,Sales,29,15.0,59988.76,5.87,2028-09-29
E011776,Tara,Sales,51,17.0,38297.5,2.93,2028-09-30
E011777,Tara,Marketing,40,32.0,95981.41,8.96,2028-09-30
E011778,Kabir,Operations,50,18.0,87901.99,4.34,2028-09-30
E011779,Nisha,Finance,24,3.0,84408.84,9.17,2028-10-01
E011780,Kabir,HR,60,5.0,66203.16,9.97,2028-10-01
E011781,Tara,Operations,36,24.0,106360.13,4.13,2028-10-01
E011782,Nisha,Sales,52,1.0,80798.47,6.04,2028-10-02
E011783,Aarav,Operations,22,19.0,38283.21,2.46,2028-10-02
,Rohan,Marketing,49,15.0,89185.55,3.21,2028-10-02
E011785,Aditya,Operations,43,34.0,51739.09,2.04,2028-10-03
E011786,Tara,Operations,54,22.0,27174.31,1.18,2028-10-03
E011787,Rohan,Finance,43,22.0,110659.77,4.09,2028-10-03
E011788,Tara,Operations,57,10.0,59906.4,4.28,2028-10-04
E011789,Aditya,Operations,49,28.0,40949.6,2.07,2028-10-04
E011790,Aarav,Operations,60,30.0,77070.56,7.88,2028-10-04
E011791,Aditya,Sales,39,32.0,80881.13,7.62,2028-10-05
E011792,Isha,Marketing,60,23.0,58401.33,3.51,2028-10-05
E011793,Aarav,Marketing,46,17.0,28781.53,4.0,2028-10-05
E011794,Aarav,Sales,48,4.0,51988.16,2.18,2028-10-06
E011795,Nisha,Engineering,36,29.0,84655.67,4.06,2028-10-06
E011796,Kabir,Operations,43,20.0,98422.38,3.25,2028-10-06
E011797,Isha,Engineering,49,24.0,138079.06,6.85,2028-10-07
E011798,Aarav,Sales,28,18.0,23025.6,2.84,2028-10-07
E011799,Aditya,Operations,55,9.0,70941.99,6.68,2028-10-07
E011800,Diya,HR,33,2.0,55962.93,8.81,2028-10-08
E011801,Nisha,Engineering,57,2.0,71926.77,6.8,2028-10-08
E011802,Aarav,Engineering,29,30.0,29244.56,6.87,2028-10-08
E011803,Isha,Operations,51,28.0,82229.14,4.36,2028-10-09
E011804,Kabir,Marketing,46,28.0,63641.78,2.91,2028-10-09
E011805,Aditya,Operations,26,3.0,81654.29,4.01,2028-10-09
E011806,Aarav,Finance,55,5.0,-1509.08,7.64,2028-10-10
E011807,Rohan,Marketing,28,6.0,85004.47,9.6,2028-10-10
E011808,Rohan,Operations,37,15.0,28391.0,1.07,2028-10-10
E011809,Rohan,HR,22,10.0,74408.71,4.96,2028-10-11
E011810,Nisha,Engineering,24,34.0,120145.35,4.18,2028-10-11
E011811,Aditya,Finance,43,15.0,28125.91,4.01,2028-10-11
E011812,Kabir,Operations,24,23.0,64449.65,1.85,2028-10-12
E011813,Nisha,Engineering,42,32.0,63411.68,2.05,
E011814,Aarav,HR,58,26.0,69897.67,5.71,2028-10-12
E011815,Isha,Marketing,29,17.0,33946.34,6.98,2028-10-13
E011816,Kabir,Finance,24,18.0,63059.83,4.24,2028-10-13
E011817,Tara,HR,23,19.0,81146.63,8.24,2028-10-13
E011818,Isha,Finance,29,1.0,79476.95,3.44,2028-10-14
E011819,Aarav,HR,44,4.0,45798.95,2.69,2028-10-14
E011820,Diya,Engineering,38,17.0,34726.09,7.93,2028-10-14
E011821,Rohan,Operations,54,8.0,73087.39,9.52,2028-10-15
E011822,Diya,Sales,36,20.0,74499.55,7.26,2028-10-15
E011823,Kabir,Marketing,53,21.0,97777.98,7.45,2028-10-15
E011824,Nisha,HR,60,14.0,89070.57,4.0,2028-10-16
E011825,Rohan,Engineering,57,25.0,112192.62,6.52,2028-10-16
E011826,Aditya,Sales,50,12.0,60026.33,4.82,2028-10-16
E011827,Kabir,Finance,29,3.0,64366.82,8.36,2028-10-17
E011828,Isha,Engineering,29,0.0,63747.91,1.85,
E011829,Tara,Operations,54,0.0,46783.42,2.09,2028-10-17
E011830,Nisha,Finance,22,3.0,95499.79,3.45,2028-10-18
E011831,Aditya,Finance,51,,93475.35,7.51,2028-10-18
E011832,Isha,Sales,34,33.0,65769.32,9.35,2028-10-18
E011833,Diya,Marketing,34,6.0,99395.31,5.41,2028-10-19
E011834,Rohan,Operations,55,23.0,57308.44,7.52,2028-10-19
E011835,Isha,Operations,51,9.0,49895.54,1.59,2028-10-19
E011836,Tara,Engineering,45,1.0,107341.47,9.48,2028-10-20
E011837,Isha,Sales,59,15.0,83745.06,7.97,2028-10-20
E011838,Kabir,Marketing,57,20.0,96589.81,9.64,2028-10-20
E011839,Kabir,Marketing,61,8.0,74501.98,8.81,2028-10-21
E011840,Diya,Marketing,60,24.0,74103.57,2.96,2028-10-21
E011841,Rohan,Sales,24,18.0,91280.34,1.65,2028-10-21
E011842,Tara,Sales,39,19.0,61179.26,2.53,2028-10-22
E011843,Tara,Operations,46,5.0,78790.78,7.02,2028-10-22
E011844,Diya,Finance,21,32.0,117992.11,2.62,2028-10-22
E011845,Kabir,Marketing,33,32.0,80107.72,7.6,2028-10-23
,Rohan,Sales,43,10.0,28761.84,9.92,2028-10-23
E011847,Kabir,Marketing,130,11.0,64689.02,8.19,2028-10-23
E011848,Nisha,Engineering,53,26.0,61168.77,7.41,2028-10-24
E011849,Tara,Sales,52,25.0,65575.14,1.01,2028-10-24
E011850,Aarav,HR,55,11.0,61393.25,7.68,2028-10-24
E011851,Isha,Sales,49,33.0,83567.04,6.21,2028-10-25
E011852,Diya,Marketing,24,9.0,46844.84,8.3,2028-10-25
E011853,Rohan,Marketing,45,2.0,68400.04,7.69,2028-10-25
E011854,Isha,Engineering,38,24.0,74203.49,9.22,2028-10-26
E011855,Nisha,Finance,55,0.0,134223.97,9.14,2028-10-26
E011856,Nisha,Finance,30,11.0,76261.13,6.82,2028-10-26
E011857,Aditya,Operations,33,1.0,42490.05,9.54,2028-10-27
E011858,Isha,Engineering,31,4.0,38296.2,5.98,
E011859,Tara,Sales,49,2.0,91255.47,5.75,2028-10-27
E011860,Aarav,Sales,26,30.0,112703.51,7.09,2028-10-28
E011861,Aarav,Operations,33,32.0,34354.57,2.77,2028-10-28
E011862,Tara,Sales,26,20.0,85044.79,1.35,2028-10-28
E011863,Diya,Operations,40,17.0,43619.43,6.87,2028-10-29
E011864,Aditya,Engineering,28,17.0,67884.49,9.96,2028-10-29
E011865,Aarav,Marketing,34,22.0,102176.18,7.95,2028-10-29
E011866,Kabir,HR,29,3.0,66436.33,1.7,2028-10-30
E011867,Tara,HR,28,18.0,57293.26,8.67,2028-10-30
E011868,Tara,Marketing,51,25.0,141479.92,3.63,2028-10-30
E011869,Nisha,HR,55,24.0,118334.11,2.79,2028-10-31
E011870,Diya,Operations,48,19.0,69508.98,9.6,2028-10-31
E011871,Kabir,Sales,32,22.0,74216.31,3.33,2028-10-31
E011872,Aarav,Engineering,50,0.0,60088.82,3.26,2028-11-01
E011873,Rohan,HR,38,30.0,81674.77,4.46,2028-11-01
E011874,Nisha,HR,34,15.0,35382.29,3.66,2028-11-01
E011875,Nisha,Operations,51,28.0,90292.8,2.11,2028-11-02
E011876,Aarav,Marketing,48,13.0,14139.89,7.17,2028-11-02
E011877,Tara,Sales,25,9.0,93245.67,7.34,2028-11-02
E011878,Rohan,Sales,36,28.0,77897.82,4.75,2028-11-03
E011879,Isha,HR,51,32.0,38390.7,9.02,2028-11-03
,Kabir,Operations,35,12.0,101643.54,2.25,2028-11-03
E011881,Tara,HR,55,33.0,55990.16,6.01,2028-11-04
E011882,Diya,HR,44,9.0,98973.12,9.08,2028-11-04
E011883,Diya,Engineering,42,7.0,20367.6,2.5,2028-11-04
E011884,Rohan,Finance,47,,38885.54,1.21,2028-11-05
E011885,Kabir,Operations,36,25.0,46755.97,2.55,2028-11-05
E011886,Rohan,Marketing,59,19.0,68085.82,4.69,2028-11-05
E011887,,HR,38,7.0,76117.12,5.24,2028-11-06
E011888,Aarav,HR,21,9.0,76475.04,7.79,2028-11-06
E011889,Aarav,Operations,41,6.0,31538.42,8.76,2028-11-06
,Kabir,Sales,24,22.0,46289.22,8.46,2028-11-07
E011891,Kabir,Engineering,37,9.0,52239.3,6.45,2028-11-07
E011892,Nisha,Engineering,21,18.0,26876.26,3.37,2028-11-07
E011893,Aditya,Sales,28,28.0,63162.97,8.23,2028-11-08
E011894,Aarav,Operations,25,29.0,38159.27,6.77,2028-11-08
E011895,Nisha,Engineering,27,31.0,56475.15,3.5,2028-11-08
E011896,Isha,Finance,35,7.0,67144.55,1.24,2028-11-09
E011897,Rohan,Sales,40,33.0,75557.7,4.5,2028-11-09
E011898,Diya,Sales,36,30.0,61056.77,1.41,2028-11-09
E011899,Tara,Sales,46,10.0,65895.67,3.27,2028-11-10
E011900,Rohan,Engineering,26,10.0,69228.35,3.55,2028-11-10
E011901,Kabir,Operations,21,6.0,75109.13,3.72,2028-11-10
E011902,Aditya,Engineering,26,28.0,-16801.74,5.04,2028-11-11
E011903,Nisha,HR,42,16.0,53390.55,6.62,2028-11-11
E011904,Kabir,Engineering,45,33.0,86585.71,3.35,2028-11-11
E011905,Aarav,Sales,47,33.0,24209.41,7.54,2028-11-12
E011906,Diya,Sales,35,15.0,97404.49,2.21,2028-11-12
E011907,Isha,Operations,40,12.0,72576.83,5.45,2028-11-12
E011908,Aarav,Engineering,30,20.0,75938.84,7.8,2028-11-13
E011909,Kabir,Operations,35,31.0,84532.47,7.01,2028-11-13
E011910,Tara,Operations,22,24.0,80967.45,2.47,2028-11-13
E011911,Isha,Operations,54,32.0,93052.08,1.25,2028-11-14
E011912,Diya,Sales,32,8.0,86709.61,8.13,2028-11-14
E011913,Kabir,Finance,59,7.0,51904.84,4.77,2028-11-14
E011914,Aarav,Sales,48,27.0,55453.23,8.56,2028-11-15
E011915,Tara,Engineering,43,7.0,101754.98,2.4,2028-11-15
E011916,Isha,Operations,60,33.0,89190.17,5.55,2028-11-15
E011917,Tara,HR,45,14.0,96535.66,5.39,2028-11-16
E011918,Tara,HR,60,29.0,54498.83,5.9,2028-11-16
E011919,Aditya,Operations,54,5.0,50560.92,2.44,2028-11-16
E011920,Isha,Finance,37,18.0,79917.66,6.6,2028-11-17
E011921,Aditya,HR,23,13.0,76081.73,7.34,2028-11-17
E011922,Aarav,Marketing,31,15.0,91628.74,3.06,2028-11-17
E011923,Nisha,Operations,54,23.0,88009.88,5.04,
E011924,Nisha,Operations,50,26.0,64418.18,6.56,2028-11-18
E011925,Aditya,Finance,32,8.0,121284.82,8.7,2028-11-18
E011926,Nisha,Marketing,27,19.0,78021.01,4.25,2028-11-19
E011927,Nisha,HR,47,7.0,78317.93,8.18,2028-11-19
E011928,Aarav,Marketing,29,17.0,6746.32,7.73,2028-11-19
E011929,Tara,Sales,21,20.0,60702.85,1.22,2028-11-20
E011930,Aarav,Finance,41,4.0,20826.65,7.11,2028-11-20
E011931,Diya,Operations,28,23.0,23586.37,9.48,2028-11-20
E011932,,HR,38,2.0,80235.16,5.97,2028-11-21
E011933,Rohan,Operations,31,10.0,73294.64,4.26,2028-11-21
E011934,Isha,Sales,51,3.0,91152.75,2.01,2028-11-21
E011935,Rohan,HR,30,26.0,97601.34,3.42,2028-11-22
E011936,Tara,Engineering,24,22.0,75621.58,7.13,2028-11-22
E011937,Aditya,Marketing,29,19.0,91533.62,1.42,2028-11-22
E011938,Kabir,Sales,55,24.0,69607.64,8.35,2028-11-23
E011939,Isha,Sales,35,1.0,107330.55,3.38,2028-11-23
E011940,Aditya,Marketing,30,20.0,74793.75,9.85,2028-11-23
E011941,Diya,HR,57,8.0,94665.17,4.45,2028-11-24
E011942,Nisha,Engineering,48,16.0,89720.49,2.43,2028-11-24
E011943,Diya,Finance,40,31.0,66548.01,1.89,2028-11-24
E011944,Tara,Engineering,46,2.0,88313.32,6.4,2028-11-25
E011945,Kabir,Operations,31,12.0,68934.49,6.61,2028-11-25
E011946,Aditya,HR,27,19.0,94591.27,3.17,2028-11-25
E011947,Isha,HR,43,12.0,72055.58,8.52,2028-11-26
E011948,Aarav,Operations,36,2.0,42671.28,7.88,2028-11-26
E011949,Rohan,Operations,37,3.0,72600.97,8.38,2028-11-26
E011950,Rohan,Marketing,45,25.0,73551.79,9.84,2028-11-27
E011951,Aditya,Sales,38,14.0,85702.08,4.03,2028-11-27
E011952,Diya,Operations,54,4.0,77214.3,3.93,2028-11-27
E011953,Aditya,Sales,54,25.0,76649.81,3.66,2028-11-28
E011954,Aarav,Finance,24,8.0,128966.47,8.02,2028-11-28
E011955,Diya,Engineering,36,14.0,72718.72,9.71,2028-11-28
E011956,Diya,Finance,36,12.0,1590.11,9.22,2028-11-29
E011957,Aarav,Operations,34,23.0,60674.57,9.84,2028-11-29
E011958,Diya,Marketing,30,4.0,70612.31,6.66,2028-11-29
E011959,Rohan,Engineering,43,33.0,85997.4,6.88,2028-11-30
E011960,Tara,Engineering,24,29.0,78771.15,6.13,2028-11-30
E011961,Rohan,Marketing,54,28.0,73870.24,2.43,2028-11-30
E011962,Nisha,HR,42,7.0,74852.08,8.26,2028-12-01
E011963,Aditya,Sales,35,,46479.18,7.98,2028-12-01
E011964,Diya,Marketing,46,11.0,50542.62,3.14,2028-12-01
E011965,Nisha,Finance,27,17.0,110886.09,6.78,2028-12-02
E011966,Rohan,Engineering,59,10.0,63259.39,4.32,2028-12-02
E011967,Tara,Operations,49,4.0,81522.65,8.61,2028-12-02
E011968,Rohan,Operations,51,9.0,86037.34,9.55,2028-12-03
E011969,Kabir,Finance,52,28.0,74746.96,2.93,2028-12-03
E011970,Nisha,Finance,45,3.0,73914.09,8.67,2028-12-03
E011971,Tara,Finance,30,8.0,69448.62,6.49,2028-12-04
E011972,Nisha,Marketing,35,30.0,28065.99,1.51,2028-12-04
E011973,Aarav,Finance,46,34.0,91390.92,9.55,2028-12-04
E011974,Diya,HR,48,11.0,64298.78,5.23,2028-12-05
E011975,Aditya,Engineering,48,19.0,71359.86,1.71,2028-12-05
E011976,Isha,Finance,46,5.0,66724.89,3.71,2028-12-05
E011977,Aarav,Sales,30,12.0,105974.36,1.15,2028-12-06
E011978,Diya,Marketing,46,1.0,46196.15,7.75,2028-12-06
E011979,Nisha,Operations,23,29.0,61808.98,2.76,2028-12-06
E011980,Isha,Marketing,58,3.0,77479.17,8.16,2028-12-07
E011981,Kabir,Sales,41,16.0,94989.14,1.63,2028-12-07
,Nisha,Engineering,25,5.0,63294.77,1.85,2028-12-07
E011983,Tara,Finance,32,19.0,62827.99,6.74,2028-12-08
E011984,Nisha,Marketing,53,11.0,87303.33,4.46,2028-12-08
E011985,Kabir,Sales,58,17.0,80266.09,1.01,2028-12-08
E011986,Aarav,HR,47,1.0,90306.31,6.59,2028-12-09
E011987,Tara,HR,43,8.0,53373.29,5.07,2028-12-09
E011988,Nisha,Marketing,32,7.0,66836.82,9.85,2028-12-09
E011989,Diya,Operations,41,20.0,67580.81,5.05,2028-12-10
E011990,Kabir,Sales,45,7.0,110630.82,8.64,2028-12-10
E011991,Rohan,HR,61,14.0,109798.79,5.86,2028-12-10
E011992,Kabir,HR,55,1.0,62717.72,6.19,2028-12-11
E011993,,Finance,38,34.0,23986.57,8.74,2028-12-11
E011994,Nisha,Sales,29,11.0,21509.04,5.97,2028-12-11
E011995,Tara,Finance,29,32.0,67191.3,4.66,2028-12-12
E011996,Kabir,HR,52,23.0,54736.8,8.7,2028-12-12
E011997,Kabir,Marketing,23,31.0,105913.27,9.09,2028-12-12
E011998,Aarav,Operations,48,1.0,100597.36,2.23,2028-12-13
E011999,Tara,Finance,60,3.0,115991.15,1.76,2028-12-13
E012000,Rohan,Marketing,43,18.0,81217.43,4.33,2028-12-13
E012001,Rohan,Sales,26,2.0,9822.79,4.75,2028-12-14
E012002,Kabir,Engineering,27,28.0,58854.43,2.73,2028-12-14
E012003,Tara,Finance,34,31.0,39102.92,4.03,2028-12-14
E012004,Tara,HR,51,20.0,89975.48,1.84,2028-12-15
E012005,,Sales,48,31.0,46693.37,4.63,2028-12-15
E012006,Isha,Marketing,56,31.0,81227.56,8.78,2028-12-15
E012007,Diya,Marketing,24,29.0,60834.47,8.98,2028-12-16
E012008,Kabir,Marketing,23,19.0,55829.53,4.17,2028-12-16
E012009,Isha,Operations,31,10.0,123025.66,9.12,2028-12-16
E012010,Aditya,Engineering,47,11.0,74291.93,2.73,2028-12-17
E012011,Aditya,HR,43,8.0,60029.53,2.28,2028-12-17
E012012,Aditya,Engineering,24,29.0,58607.13,7.18,2028-12-17
E012013,Isha,Finance,40,10.0,74558.99,5.32,2028-12-18
E012014,Diya,HR,23,14.0,99907.25,9.72,2028-12-18
E012015,Isha,Sales,59,4.0,122014.0,2.13,2028-12-18
E012016,Kabir,Marketing,23,15.0,60424.59,2.92,2028-12-19
E012017,Kabir,Operations,28,14.0,54557.37,9.83,2028-12-19
E012018,Nisha,Operations,46,0.0,90972.87,3.32,2028-12-19
E012019,Diya,Operations,49,32.0,77345.27,5.08,2028-12-20
E012020,Aditya,Engineering,58,1.0,45111.06,1.16,2028-12-20
E012021,Aditya,HR,51,34.0,28812.85,7.33,2028-12-20
E012022,Nisha,HR,26,28.0,38728.93,5.64,2028-12-21
E012023,Kabir,Sales,21,28.0,58757.96,6.7,2028-12-21
E012024,Nisha,Sales,49,21.0,105331.71,8.62,2028-12-21
E012025,Aarav,HR,33,18.0,32223.02,4.82,2028-12-22
,Rohan,Marketing,30,25.0,75934.49,5.48,2028-12-22
E012027,Isha,Sales,29,6.0,78907.37,2.43,2028-12-22
E012028,Isha,Marketing,39,0.0,96150.71,3.27,2028-12-23
E012029,Aditya,Operations,32,9.0,41428.72,5.01,2028-12-23
E012030,Tara,Marketing,39,19.0,53156.09,1.43,2028-12-23
E012031,Rohan,Finance,49,32.0,81777.04,2.93,2028-12-24
E012032,Aditya,Finance,40,10.0,93034.93,2.47,2028-12-24
E012033,Aditya,Operations,27,15.0,-10000.0,2.04,2028-12-24
E012034,Isha,Finance,30,22.0,76394.62,9.82,2028-12-25
E012035,Rohan,Engineering,34,34.0,87877.07,9.68,2028-12-25
E012036,Tara,Engineering,55,21.0,26386.48,6.95,2028-12-25
E012037,Tara,Operations,61,10.0,56415.27,3.33,2028-12-26
E012038,Tara,Engineering,27,17.0,49752.15,7.21,2028-12-26
E012039,Aditya,Finance,54,27.0,71668.25,4.78,2028-12-26
E012040,Rohan,Marketing,26,18.0,36529.86,1.43,2028-12-27
E012041,Isha,Sales,55,14.0,56454.52,4.16,2028-12-27
E012042,Kabir,Finance,49,10.0,62798.64,8.76,2028-12-27
E012043,Aditya,Engineering,60,6.0,72223.58,6.9,2028-12-28
E012044,Isha,Sales,36,5.0,93361.11,1.83,2028-12-28
,Rohan,HR,41,13.0,129782.27,4.32,2028-12-28
E012046,Kabir,Sales,61,3.0,74357.57,6.79,2028-12-29
E012047,Kabir,Operations,22,23.0,42398.85,7.45,2028-12-29
E012048,Isha,Finance,45,32.0,79157.41,3.44,2028-12-29
E012049,Diya,HR,40,34.0,67927.94,5.58,2028-12-30
E012050,Aditya,Sales,53,11.0,80497.16,9.03,2028-12-30
E012051,Tara,Operations,51,34.0,73357.26,9.43,2028-12-30
E012052,Nisha,Sales,35,13.0,46165.47,6.83,2028-12-31
E012053,Nisha,Operations,33,2.0,83306.56,8.59,2028-12-31
E012054,Isha,Engineering,42,19.0,95793.08,9.23,2028-12-31
E012055,Kabir,Operations,27,32.0,78021.69,3.64,2029-01-01
E012056,Rohan,Marketing,46,2.0,94839.74,2.86,2029-01-01
E012057,Nisha,Marketing,49,25.0,73025.64,2.35,2029-01-01
E012058,Kabir,Marketing,35,5.0,44387.85,9.74,2029-01-02
E012059,Kabir,Sales,59,21.0,77872.12,8.32,2029-01-02
E012060,Nisha,Sales,51,5.0,70024.98,5.27,2029-01-02
E012061,Kabir,Marketing,47,5.0,74640.74,2.62,2029-01-03
E012062,Isha,Finance,52,3.0,64375.32,2.47,2029-01-03
E012063,Aarav,Engineering,50,26.0,64534.98,7.22,2029-01-03
E012064,Rohan,HR,44,23.0,82834.3,7.79,2029-01-04
E012065,Isha,Engineering,35,0.0,95432.93,3.55,2029-01-04
E012066,Aditya,Sales,32,19.0,30340.06,4.02,2029-01-04
E012067,Kabir,Engineering,61,33.0,81147.39,9.94,2029-01-05
E012068,Isha,Operations,45,16.0,107747.97,4.81,2029-01-05
E012069,Aditya,Finance,36,22.0,90720.86,7.98,2029-01-05
E012070,Kabir,Operations,42,27.0,71164.85,9.21,2029-01-06
E012071,Aarav,Operations,23,26.0,70576.27,8.23,2029-01-06
E012072,Kabir,Operations,44,21.0,68538.5,6.88,2029-01-06
E012073,Nisha,Engineering,31,15.0,109893.13,5.13,2029-01-07
E012074,Diya,Finance,32,5.0,67967.12,2.01,2029-01-07
E012075,Kabir,Engineering,58,13.0,48695.31,3.0,2029-01-07
E012076,Aditya,Marketing,50,21.0,70676.32,3.79,2029-01-08
E012077,Diya,Marketing,43,4.0,48308.68,9.22,2029-01-08
E012078,Nisha,HR,26,29.0,87441.86,2.39,2029-01-08
E012079,Kabir,HR,30,34.0,47162.81,9.86,2029-01-09
E012080,Tara,Engineering,42,3.0,118749.31,6.48,2029-01-09
E012081,Tara,Engineering,47,3.0,92784.27,6.88,2029-01-09
E012082,Aarav,HR,47,22.0,40364.87,3.42,2029-01-10
E012083,Kabir,HR,23,18.0,70774.84,1.53,2029-01-10
E012084,Nisha,HR,57,1.0,36204.07,1.08,2029-01-10
E012085,Diya,Sales,43,19.0,61450.94,4.34,2029-01-11
E012086,Aarav,Sales,21,20.0,106527.99,7.6,2029-01-11
E012087,Aarav,Sales,33,22.0,32021.76,2.34,2029-01-11
E012088,Kabir,Sales,28,2.0,40439.08,9.66,2029-01-12
E012089,Aditya,Marketing,53,14.0,61879.67,4.11,2029-01-12
E012090,Aditya,Sales,44,13.0,69985.08,7.4,2029-01-12
E012091,Nisha,Marketing,58,,66820.19,9.61,2029-01-13
E012092,Kabir,Engineering,40,,38130.81,7.98,2029-01-13
E012093,Diya,HR,57,29.0,8677.24,8.34,2029-01-13
E012094,Rohan,HR,48,1.0,97202.4,1.95,2029-01-14
E012095,Aditya,HR,26,29.0,75273.5,4.94,2029-01-14
E012096,Aditya,Operations,27,27.0,36928.23,4.8,2029-01-14
E012097,Aditya,Finance,32,26.0,63353.83,2.43,2029-01-15
E012098,Aditya,Operations,24,11.0,58911.9,7.38,2029-01-15
E012099,Rohan,HR,58,34.0,36724.8,5.58,2029-01-15
E012100,Aarav,Engineering,26,3.0,51790.41,7.15,2029-01-16
E012101,Aditya,Marketing,42,33.0,25852.17,2.78,2029-01-16
E012102,Rohan,Marketing,25,7.0,57739.21,8.98,2029-01-16
E012103,Nisha,Engineering,33,13.0,64728.07,1.55,2029-01-17
E012104,Diya,Sales,32,29.0,15561.67,2.67,2029-01-17
E012105,Kabir,Marketing,53,23.0,57482.16,6.85,2029-01-17
E012106,Diya,Marketing,61,28.0,64376.81,4.26,2029-01-18
E012107,,HR,52,32.0,19477.65,9.37,2029-01-18
E012108,Rohan,Finance,24,28.0,102545.05,5.12,2029-01-18
E012109,Aditya,Engineering,39,0.0,93704.67,8.96,2029-01-19
E012110,Kabir,HR,32,2.0,96710.08,7.36,2029-01-19
E012111,Kabir,Engineering,42,30.0,39614.96,3.1,2029-01-19
E012112,Rohan,Sales,34,30.0,100364.77,2.02,2029-01-20
E012113,Tara,Operations,28,9.0,54932.27,9.5,2029-01-20
E012114,Rohan,Marketing,38,15.0,103444.48,1.59,2029-01-20
E012115,Aditya,Sales,46,32.0,65189.15,7.07,2029-01-21
E012116,Tara,HR,32,3.0,48832.53,4.05,2029-01-21
E012117,Kabir,Finance,53,8.0,49289.23,5.86,2029-01-21
E012118,Aarav,HR,29,30.0,101442.77,2.09,2029-01-22
E012119,Tara,Marketing,45,13.0,91135.22,8.14,2029-01-22
E012120,Aarav,Finance,49,19.0,37717.74,8.44,2029-01-22
E012121,Nisha,HR,49,14.0,64320.96,2.12,2029-01-23
E012122,Tara,Sales,24,4.0,37743.9,2.85,
E012123,Nisha,Finance,61,4.0,79988.76,2.26,2029-01-23
E012124,Kabir,Sales,47,16.0,44016.85,2.79,2029-01-24
E012125,Kabir,Marketing,54,23.0,59896.69,6.7,2029-01-24
E012126,Diya,Operations,57,2.0,62445.89,2.07,2029-01-24
E012127,Aditya,Sales,38,18.0,107022.59,8.19,2029-01-25
E012128,Aarav,HR,32,32.0,33072.41,8.5,2029-01-25
E012129,Diya,HR,52,24.0,57903.71,3.62,2029-01-25
E012130,Aditya,Finance,49,21.0,87772.9,9.66,2029-01-26
E012131,Aarav,HR,51,17.0,88075.31,4.7,2029-01-26
E012132,Isha,Operations,35,31.0,47636.99,1.92,2029-01-26
E012133,Kabir,Finance,59,10.0,81087.08,7.29,2029-01-27
E012134,Aarav,HR,30,29.0,96933.17,7.92,2029-01-27
E012135,Rohan,Engineering,31,25.0,87141.13,5.18,2029-01-27
E012136,Tara,Sales,35,7.0,51938.16,6.41,2029-01-28
E012137,,Marketing,41,9.0,59515.86,2.74,2029-01-28
E012138,Rohan,Marketing,58,15.0,37963.57,1.8,2029-01-28
E012139,Aditya,HR,33,18.0,58257.56,9.89,2029-01-29
E012140,Rohan,HR,56,15.0,62561.06,3.07,2029-01-29
E012141,Aditya,HR,50,33.0,65111.32,8.51,2029-01-29
E012142,Aditya,Sales,23,4.0,76307.71,4.21,2029-01-30
E012143,Nisha,Engineering,27,19.0,69197.37,6.95,2029-01-30
E012144,Aarav,HR,22,27.0,60123.17,8.77,2029-01-30
E012145,,Marketing,57,3.0,24485.66,8.82,2029-01-31
E012146,Isha,Sales,29,13.0,65740.75,4.27,2029-01-31
E012147,Tara,Engineering,47,20.0,96610.23,1.41,2029-01-31
E012148,Isha,Marketing,24,14.0,88635.04,6.06,2029-02-01
E012149,Kabir,Operations,38,20.0,30640.27,4.5,2029-02-01
E012150,Diya,Operations,52,9.0,61934.05,2.42,
E012151,Isha,Finance,43,25.0,62556.33,7.21,2029-02-02
E012152,Kabir,Sales,29,24.0,76436.14,3.82,2029-02-02
E012153,Diya,Marketing,30,0.0,60380.06,4.6,2029-02-02
E012154,Diya,Operations,48,15.0,112769.53,1.99,2029-02-03
E012155,Rohan,Engineering,61,19.0,66005.15,2.09,2029-02-03
E012156,Aarav,Finance,21,27.0,21007.37,2.01,2029-02-03
E012157,Diya,Marketing,31,14.0,87506.7,7.7,2029-02-04
E012158,Aditya,Operations,28,16.0,80577.96,7.5,2029-02-04
E012159,Diya,Engineering,61,4.0,52335.89,4.05,2029-02-04
E012160,Kabir,Sales,38,8.0,67374.12,5.66,2029-02-05
E012161,Isha,Finance,60,4.0,78738.1,3.15,2029-02-05
E012162,Isha,Marketing,21,21.0,40240.09,5.62,2029-02-05
E012163,Aarav,Finance,57,22.0,82978.31,2.74,2029-02-06
E012164,Nisha,Engineering,50,16.0,60707.12,1.74,2029-02-06
E012165,Diya,Marketing,25,32.0,42416.71,6.66,2029-02-06
,Tara,Operations,27,33.0,72631.78,3.78,2029-02-07
E012167,Rohan,Operations,22,9.0,46275.21,7.24,2029-02-07
E012168,Diya,Finance,54,28.0,104287.53,8.28,2029-02-07
E012169,Diya,Finance,28,2.0,76836.81,2.61,2029-02-08
E012170,Nisha,Operations,41,29.0,89155.89,7.75,2029-02-08
E012171,Diya,Engineering,32,,-870.43,9.01,2029-02-08
E012172,Tara,Finance,22,5.0,69599.52,3.18,2029-02-09
E012173,Rohan,Engineering,33,31.0,102082.11,5.03,2029-02-09
E012174,Aarav,Operations,29,10.0,38281.42,7.49,2029-02-09
E012175,Rohan,Finance,24,32.0,96912.2,4.14,2029-02-10
E012176,Isha,Finance,48,8.0,51434.35,5.99,2029-02-10
E012177,Rohan,Sales,43,23.0,64498.85,7.57,2029-02-10
E012178,Nisha,Marketing,31,15.0,47294.47,9.46,2029-02-11
E012179,Nisha,Finance,30,15.0,82767.88,6.52,2029-02-11
E012180,Diya,Finance,25,0.0,76340.18,4.03,2029-02-11
E012181,Diya,Marketing,56,9.0,84816.9,4.91,2029-02-12
E012182,Diya,HR,52,11.0,37479.27,9.99,2029-02-12
E012183,Tara,Marketing,56,11.0,93233.86,4.89,2029-02-12
E012184,Diya,HR,38,3.0,42987.52,6.05,2029-02-13
E012185,Aarav,HR,33,15.0,85827.62,2.46,2029-02-13
E012186,Kabir,Operations,52,13.0,98103.28,5.24,2029-02-13
E012187,Kabir,Sales,58,18.0,55679.77,7.08,2029-02-14
E012188,Kabir,Engineering,41,5.0,73962.52,3.71,2029-02-14
E012189,Isha,Finance,40,12.0,63359.54,9.73,2029-02-14
E012190,Rohan,Engineering,53,4.0,6996.57,9.53,2029-02-15
E012191,Aarav,Sales,37,24.0,90553.03,8.26,
E012192,Aditya,HR,29,6.0,59446.36,3.63,2029-02-15
E012193,Isha,Finance,56,19.0,65493.09,1.91,2029-02-16
E012194,Diya,Finance,25,32.0,96458.69,4.33,2029-02-16
E012195,Nisha,Marketing,29,23.0,64737.05,5.82,2029-02-16
E012196,Aditya,Sales,31,3.0,73024.06,3.93,2029-02-17
E012197,Tara,Marketing,57,9.0,121303.96,7.42,2029-02-17
E012198,Diya,HR,34,8.0,88953.69,4.96,2029-02-17
E012199,Nisha,Finance,43,18.0,83997.19,8.49,2029-02-18
E012200,Isha,Marketing,42,17.0,67395.47,8.36,2029-02-18
E012201,Isha,Marketing,44,12.0,85977.72,6.03,2029-02-18
E012202,Isha,HR,21,19.0,96341.46,1.93,2029-02-19
E012203,Tara,Operations,46,30.0,69672.31,9.16,2029-02-19
E012204,Nisha,Engineering,45,14.0,39410.02,8.64,2029-02-19
E012205,Kabir,Operations,55,21.0,80923.9,5.97,2029-02-20
E012206,Aarav,Sales,32,9.0,91641.87,4.99,2029-02-20
E012207,Kabir,Operations,48,21.0,59821.74,6.11,2029-02-20
E012208,Isha,HR,53,31.0,62462.94,3.99,2029-02-21
E012209,Aarav,Engineering,23,2.0,50138.06,2.17,2029-02-21
E012210,Isha,Engineering,59,3.0,91356.21,3.79,2029-02-21
E012211,Tara,Operations,33,28.0,61148.06,9.76,2029-02-22
E012212,Nisha,HR,53,27.0,59557.25,7.33,2029-02-22
E012213,Isha,Engineering,27,,61845.21,3.62,2029-02-22
E012214,Isha,Finance,42,4.0,86738.15,4.13,2029-02-23
E012215,Rohan,Finance,53,26.0,90200.6,7.46,2029-02-23
E012216,Aditya,Sales,55,0.0,79174.66,9.97,2029-02-23
E012217,Nisha,HR,57,4.0,0.0,7.05,2029-02-24
E012218,Rohan,Engineering,50,4.0,55565.49,2.26,2029-02-24
E012219,Aarav,Marketing,43,17.0,73639.93,5.77,2029-02-24
E012220,Diya,Operations,26,6.0,67682.07,2.8,2029-02-25
E012221,Aditya,Engineering,23,0.0,91670.75,4.0,2029-02-25
E012222,Aditya,HR,22,12.0,89168.93,7.81,2029-02-25
E012223,Aarav,HR,34,11.0,86671.1,6.93,2029-02-26
E012224,Rohan,Sales,40,31.0,115438.22,9.55,2029-02-26
E012225,Isha,Operations,32,25.0,128995.06,1.35,2029-02-26
E012226,Aarav,Engineering,56,14.0,80569.91,6.59,2029-02-27
E012227,Kabir,Sales,30,20.0,79760.07,8.18,2029-02-27
E012228,Rohan,Engineering,40,20.0,89525.28,2.93,2029-02-27
E012229,Tara,Operations,51,25.0,112753.64,6.12,2029-02-28
E012230,Rohan,Finance,51,1.0,57321.35,4.17,2029-02-28
E012231,Aarav,Sales,51,5.0,56873.83,9.3,2029-02-28
E012232,Nisha,Operations,52,20.0,59636.65,8.26,2029-03-01
E012233,Kabir,Engineering,51,29.0,101851.03,6.27,2029-03-01
E012234,Aarav,HR,61,9.0,109460.48,2.62,2029-03-01
E012235,Kabir,Finance,26,1.0,56637.91,3.58,2029-03-02
E012236,Kabir,Marketing,41,16.0,74275.4,1.63,2029-03-02
E012237,Diya,Finance,26,1.0,116956.51,6.96,2029-03-02
E012238,Nisha,Operations,23,0.0,79539.62,9.75,2029-03-03
E012239,Diya,HR,60,12.0,71904.6,3.78,2029-03-03
E012240,Diya,Operations,59,19.0,99376.97,4.42,2029-03-03
E012241,Kabir,Finance,58,0.0,57919.77,3.91,2029-03-04
E012242,Tara,HR,52,19.0,128233.53,3.04,2029-03-04
E012243,Aarav,Operations,25,1.0,113125.92,4.24,2029-03-04
,Aarav,HR,55,26.0,26420.57,4.05,2029-03-05
E012245,Rohan,Finance,59,29.0,48267.98,7.52,2029-03-05
E012246,Rohan,Marketing,21,17.0,63791.6,1.27,2029-03-05
E012247,Rohan,Finance,24,4.0,51977.02,5.41,2029-03-06
E012248,Rohan,Sales,31,34.0,37459.03,2.14,2029-03-06
E012249,Aditya,Operations,31,0.0,41134.33,5.58,2029-03-06
E012250,Tara,Operations,33,2.0,60868.82,5.74,2029-03-07
E012251,Aditya,Finance,27,27.0,57652.48,8.26,2029-03-07
E012252,Nisha,Sales,32,1.0,100152.11,9.22,2029-03-07
E012253,Isha,Operations,34,14.0,95822.66,7.19,2029-03-08
E012254,Aarav,Finance,48,20.0,72740.06,5.42,2029-03-08
E012255,Tara,Sales,26,,71592.15,9.57,2029-03-08
E012256,Kabir,Finance,55,10.0,51784.47,6.6,
,Kabir,HR,26,2.0,92580.53,6.55,2029-03-09
E012258,Isha,Finance,33,12.0,38177.7,6.55,2029-03-09
,Diya,Marketing,43,26.0,64493.22,5.69,2029-03-10
E012260,Aditya,engineering,51,6.0,52866.01,9.79,2029-03-10
E012261,Aarav,Engineering,48,3.0,135784.94,1.01,2029-03-10
E012262,Diya,HR,34,28.0,76838.91,7.73,
E012263,Tara,HR,59,11.0,112066.14,1.91,2029-03-11
E012264,Aditya,Marketing,44,33.0,78191.24,8.16,2029-03-11
E012265,Tara,Marketing,50,11.0,96092.09,1.08,2029-03-12
E012266,Diya,Operations,25,13.0,71773.08,2.2,2029-03-12
E012267,Aarav,Sales,54,14.0,56123.33,2.25,2029-03-12
E012268,Kabir,Operations,36,3.0,41384.45,7.27,2029-03-13
E012269,Tara,Finance,40,16.0,32876.28,3.83,2029-03-13
E012270,,HR,29,34.0,80912.51,3.1,2029-03-13
,Tara,Operations,22,34.0,127021.39,6.21,2029-03-14
E012272,Tara,Sales,51,25.0,37602.01,1.2,2029-03-14
E012273,Aditya,Finance,61,9.0,60513.48,8.79,2029-03-14
E012274,Rohan,Engineering,48,16.0,3000000.0,4.65,2029-03-15
E012275,Rohan,HR,57,29.0,67104.92,9.69,2029-03-15
E012276,Diya,Engineering,38,34.0,109967.51,7.09,2029-03-15
E012277,Diya,Marketing,55,12.0,88088.77,7.58,2029-03-16
E012278,Kabir,Engineering,40,11.0,8356.0,7.5,2029-03-16
E012279,Aarav,Marketing,36,5.0,71659.43,4.53,2029-03-16
E012280,Aditya,Marketing,37,31.0,90968.05,7.36,2029-03-17
E012281,Tara,HR,50,9.0,71767.36,4.11,2029-03-17
E012282,Isha,Engineering,48,20.0,83881.94,4.88,2029-03-17
E012283,Aditya,Sales,40,27.0,57137.88,5.96,2029-03-18
E012284,Aditya,Finance,32,16.0,96148.62,1.12,2029-03-18
E012285,Kabir,Operations,26,13.0,56567.74,8.92,2029-03-18
E012286,Aarav,Engineering,28,27.0,6430.16,1.81,2029-03-19
E012287,Tara,Marketing,26,34.0,47034.21,7.28,2029-03-19
E012288,Diya,Engineering,39,32.0,62487.39,3.14,2029-03-19
E012289,Aarav,HR,47,28.0,72572.03,5.1,2029-03-20
E012290,Kabir,Engineering,23,22.0,38105.41,7.05,2029-03-20
E012291,Kabir,Engineering,36,29.0,68456.08,9.88,2029-03-20
E012292,Tara,Sales,33,27.0,83009.34,9.77,2029-03-21
E012293,Aditya,Sales,47,32.0,104556.55,4.57,2029-03-21
,Aditya,Operations,30,16.0,13229.87,1.06,2029-03-21
E012295,Nisha,Operations,49,25.0,45711.87,5.57,2029-03-22
E012296,Nisha,Engineering,39,2.0,109953.85,7.43,2029-03-22
E012297,Tara,Sales,42,,70940.55,9.95,2029-03-22
E012298,Isha,Marketing,39,19.0,45504.12,1.87,2029-03-23
E012299,Diya,Finance,44,21.0,84843.9,6.3,2029-03-23
E012300,Kabir,Engineering,53,10.0,83369.71,7.37,2029-03-23
E012301,Aarav,HR,40,3.0,4249.22,5.63,2029-03-24
E012302,Rohan,Finance,43,4.0,75672.5,5.95,2029-03-24
E012303,Aditya,HR,27,23.0,52668.91,5.39,2029-03-24
E012304,Kabir,Engineering,28,27.0,71166.91,9.82,2029-03-25
E012305,Aditya,Engineering,45,32.0,75075.25,4.05,2029-03-25
E012306,Isha,Engineering,26,8.0,94991.7,2.65,2029-03-25
E012307,Rohan,Marketing,28,20.0,95745.77,6.22,2029-03-26
E012308,Nisha,HR,58,14.0,106159.34,4.09,2029-03-26
E012309,Rohan,Operations,39,16.0,87518.48,6.25,2029-03-26
E012310,Tara,HR,58,28.0,99657.03,8.31,2029-03-27
E012311,Kabir,Marketing,57,10.0,38821.1,1.12,2029-03-27
E012312,Kabir,Engineering,33,18.0,103010.84,1.04,2029-03-27
E012313,Diya,Sales,58,,87257.61,3.99,2029-03-28
E012314,Aditya,Engineering,33,32.0,120754.89,4.52,2029-03-28
E012315,Kabir,Finance,22,16.0,95834.35,5.09,2029-03-28
E012316,Aarav,Sales,29,28.0,50228.97,2.62,2029-03-29
E012317,Nisha,Engineering,39,30.0,87873.08,7.39,2029-03-29
E012318,Nisha,Operations,54,0.0,86698.64,2.5,2029-03-29
E012319,Isha,Marketing,32,16.0,82313.82,7.55,2029-03-30
E012320,Kabir,Engineering,61,32.0,117511.68,2.62,2029-03-30
E012321,Aarav,Sales,34,15.0,89685.76,8.4,2029-03-30
E012322,Isha,Operations,40,11.0,66105.73,6.1,2029-03-31
E012323,Diya,Operations,35,27.0,67919.77,5.7,2029-03-31
E012324,Tara,Sales,31,23.0,76444.77,3.13,2029-03-31
E012325,Diya,HR,38,3.0,78362.08,4.23,2029-04-01
E012326,Aarav,HR,26,8.0,53666.2,8.72,2029-04-01
E012327,Kabir,Finance,42,33.0,77213.04,7.58,2029-04-01
E012328,Aarav,Sales,29,6.0,53474.55,3.24,2029-04-02
E012329,Kabir,Operations,28,33.0,37759.4,6.56,2029-04-02
,Aditya,Marketing,50,8.0,72707.89,5.54,2029-04-02
E012331,Nisha,Operations,60,9.0,38417.23,4.5,2029-04-03
E012332,Tara,Sales,61,14.0,76118.83,5.37,2029-04-03
E012333,Nisha,Sales,26,20.0,45184.07,4.22,2029-04-03
E012334,Rohan,Marketing,44,27.0,63394.14,9.7,2029-04-04
E012335,Isha,Marketing,55,18.0,47240.53,3.86,2029-04-04
E012336,Rohan,Sales,28,30.0,66203.6,8.6,2029-04-04
E012337,Nisha,Sales,25,29.0,94780.42,9.27,2029-04-05
E012338,Rohan,Sales,34,3.0,46885.53,1.65,2029-04-05
E012339,Aditya,Engineering,22,10.0,79502.86,5.66,2029-04-05
E012340,Tara,Engineering,29,3.0,85206.76,3.76,2029-04-06
E012341,Isha,Marketing,32,26.0,41057.66,8.26,2029-04-06
E012342,Diya,Engineering,61,32.0,95427.04,6.27,2029-04-06
E012343,Aarav,Operations,57,8.0,84696.27,7.7,2029-04-07
E012344,,Finance,26,24.0,87987.63,2.0,2029-04-07
E012345,Diya,Operations,53,3.0,81188.01,7.64,2029-04-07
E012346,Aarav,Sales,57,20.0,69982.28,3.74,2029-04-08
E012347,Isha,Sales,42,19.0,90177.73,3.61,2029-04-08
E012348,Tara,Engineering,52,17.0,75532.15,9.68,2029-04-08
E012349,Rohan,Sales,24,28.0,62410.8,3.17,2029-04-09
E012350,,Finance,29,30.0,53063.68,1.93,2029-04-09
E012351,Isha,Sales,38,21.0,46081.78,6.73,2029-04-09
E012352,Tara,Marketing,33,27.0,35409.12,9.05,2029-04-10
E012353,Tara,Operations,57,0.0,86514.32,9.55,2029-04-10
E012354,Aditya,Finance,27,24.0,107509.11,4.81,2029-04-10
E012355,Tara,Sales,25,1.0,71076.5,5.62,2029-04-11
E012356,Diya,Marketing,45,31.0,93106.58,5.57,2029-04-11
E012357,Aarav,Sales,48,18.0,47378.73,2.55,2029-04-11
E012358,Kabir,Marketing,24,32.0,119770.79,1.57,2029-04-12
E012359,Rohan,Marketing,48,0.0,116158.78,6.73,2029-04-12
E012360,Aarav,Engineering,33,34.0,35935.97,4.2,2029-04-12
E012361,Aditya,Marketing,53,25.0,58327.07,6.61,2029-04-13
E012362,Rohan,Operations,51,26.0,55607.64,3.38,2029-04-13
E012363,Diya,HR,31,13.0,78746.12,5.25,2029-04-13
E012364,Aditya,Operations,51,3.0,93834.24,8.32,2029-04-14
E012365,Isha,Marketing,22,28.0,83948.88,7.36,2029-04-14
E012366,Rohan,Marketing,27,13.0,41558.05,1.59,2029-04-14
E012367,Rohan,HR,33,7.0,61378.52,9.49,2029-04-15
E012368,Isha,Sales,46,19.0,77762.13,7.26,2029-04-15
E012369,Rohan,Engineering,57,17.0,112845.1,5.47,2029-04-15
E012370,Kabir,HR,24,17.0,31854.01,9.21,2029-04-16
E012371,Diya,Finance,41,8.0,65228.27,6.45,2029-04-16
E012372,Diya,Finance,34,2.0,40165.85,9.46,2029-04-16
E012373,Tara,Marketing,45,17.0,75469.44,8.91,2029-04-17
E012374,Isha,Operations,32,22.0,54870.87,6.93,2029-04-17
E012375,Diya,Sales,40,14.0,59769.87,8.37,2029-04-17
E012376,Aarav,Engineering,52,28.0,22097.37,5.59,2029-04-18
E012377,Kabir,Engineering,61,2.0,78603.27,6.1,2029-04-18
E012378,Tara,Engineering,40,23.0,79767.38,4.75,2029-04-18
E012379,Nisha,Marketing,22,28.0,76465.82,3.69,2029-04-19
E012380,Tara,Engineering,24,5.0,77692.37,7.67,2029-04-19
E012381,,Operations,51,27.0,79450.9,6.68,2029-04-19
E012382,Aarav,HR,40,1.0,8096.14,5.25,2029-04-20
E012383,Nisha,Operations,47,24.0,61639.62,2.68,2029-04-20
E012384,Isha,HR,24,5.0,59559.16,2.5,2029-04-20
E012385,Aarav,Sales,57,34.0,65595.46,7.67,2029-04-21
E012386,Aditya,Sales,48,17.0,64997.11,8.01,2029-04-21
E012387,Diya,HR,22,23.0,39729.54,8.8,2029-04-21
E012388,Tara,HR,30,1.0,78000.49,6.8,2029-04-22
E012389,Diya,Sales,49,16.0,44438.55,1.3,2029-04-22
E012390,Aarav,HR,56,8.0,65032.35,3.71,2029-04-22
E012391,Isha,Engineering,35,13.0,-10000.0,3.67,2029-04-23
E012392,Kabir,HR,53,0.0,27764.25,4.62,2029-04-23
E012393,Diya,Engineering,40,23.0,91136.01,4.25,2029-04-23
E012394,Diya,Operations,52,16.0,51282.81,3.89,2029-04-24
E012395,Aditya,Engineering,45,20.0,99445.29,8.59,2029-04-24
E012396,Tara,HR,56,15.0,20487.03,5.28,2029-04-24
E012397,Kabir,HR,56,31.0,53956.11,6.99,2029-04-25
E012398,Nisha,Operations,38,29.0,46513.35,4.94,2029-04-25
E012399,Rohan,Operations,30,16.0,43100.4,1.54,2029-04-25
E012400,Aditya,Operations,59,4.0,147592.03,9.41,2029-04-26
E012401,Nisha,HR,27,2.0,57460.29,9.22,2029-04-26
E012402,Aditya,Marketing,37,21.0,125934.72,2.55,2029-04-26
E012403,Tara,Finance,53,30.0,132653.48,5.29,2029-04-27
E012404,Tara,Operations,30,33.0,76294.52,1.98,2029-04-27
E012405,Kabir,Finance,21,0.0,115724.93,5.32,2029-04-27
E012406,Tara,Finance,60,21.0,50533.78,6.81,2029-04-28
E012407,Nisha,Operations,45,28.0,54269.97,1.9,2029-04-28
E012408,Rohan,Sales,31,14.0,67099.54,7.73,2029-04-28
E012409,Rohan,Engineering,25,,94757.91,8.85,2029-04-29
E012410,Tara,Sales,24,17.0,86132.3,2.46,2029-04-29
E012411,Nisha,Marketing,47,33.0,56341.07,9.78,2029-04-29
E012412,Aarav,Marketing,56,32.0,97461.4,6.68,2029-04-30
E012413,Isha,Finance,25,15.0,59061.67,9.8,2029-04-30
E012414,Nisha,Sales,27,17.0,95135.74,4.11,2029-04-30
E012415,Aditya,Sales,40,33.0,114799.96,8.81,2029-05-01
E012416,Tara,HR,56,3.0,53225.36,5.75,2029-05-01
E012417,Aditya,HR,39,8.0,61678.24,8.63,2029-05-01
E012418,Nisha,Marketing,38,18.0,65941.87,4.23,2029-05-02
E012419,Isha,Engineering,52,11.0,41649.22,9.8,2029-05-02
E012420,Isha,Engineering,54,8.0,91485.34,4.63,2029-05-02
E012421,Tara,Operations,47,24.0,70887.8,6.94,2029-05-03
E012422,Isha,HR,33,26.0,76263.7,5.82,2029-05-03
E012423,Nisha,Sales,50,11.0,42497.93,1.51,2029-05-03
E012424,Tara,Operations,50,1.0,60733.85,4.66,2029-05-04
E012425,Rohan,Engineering,27,16.0,48565.11,3.76,2029-05-04
E012426,Nisha,Sales,43,21.0,94913.77,6.27,2029-05-04
E012427,Nisha,Marketing,28,26.0,72906.59,4.16,2029-05-05
E012428,Rohan,Finance,23,26.0,89984.75,1.6,2029-05-05
E012429,Aarav,Engineering,46,34.0,38962.56,4.62,2029-05-05
E012430,Rohan,Operations,58,6.0,67529.44,2.16,2029-05-06
E012431,Aditya,Marketing,51,19.0,59698.93,8.08,
,,Finance,44,24.0,57480.97,6.42,2029-05-06
E012433,Rohan,Operations,26,17.0,115563.75,3.87,2029-05-07
E012434,Isha,Sales,44,26.0,69367.51,1.56,2029-05-07
E012435,Aarav,Marketing,24,22.0,27464.41,8.72,2029-05-07
E012436,Kabir,Engineering,22,8.0,-20249.18,5.0,2029-05-08
E012437,Aarav,Finance,38,33.0,92168.8,6.36,2029-05-08
,Diya,Engineering,35,21.0,71912.54,2.25,2029-05-08
E012439,Diya,Engineering,52,14.0,87130.91,5.36,2029-05-09
E012440,Aditya,Marketing,34,7.0,117581.23,1.82,2029-05-09
E012441,Isha,Operations,24,0.0,89699.29,8.67,2029-05-09
E012442,Aarav,Marketing,24,13.0,75185.61,9.39,2029-05-10
E012443,Tara,Operations,50,13.0,63648.54,6.98,2029-05-10
E012444,Rohan,HR,52,25.0,84685.23,8.42,2029-05-10
E012445,Kabir,Engineering,42,17.0,60048.85,1.22,2029-05-11
E012446,Diya,Marketing,34,6.0,59714.51,6.83,2029-05-11
E012447,Rohan,Engineering,40,23.0,79579.97,7.92,2029-05-11
E012448,Kabir,Sales,30,27.0,104298.72,1.11,2029-05-12
E012449,Nisha,Operations,58,3.0,64364.71,8.65,2029-05-12
E012450,Isha,Operations,60,14.0,34851.89,6.9,2029-05-12
E012451,Aarav,HR,24,18.0,53152.18,8.25,2029-05-13
E012452,Isha,HR,53,6.0,78599.74,4.03,
E012453,Kabir,Operations,59,6.0,54815.27,7.62,2029-05-13
E012454,Kabir,Sales,48,1.0,79528.91,2.05,2029-05-14
E012455,Kabir,HR,45,12.0,52861.22,6.91,2029-05-14
E012456,Aditya,Operations,44,15.0,72153.41,8.82,2029-05-14
E012457,Kabir,Marketing,35,30.0,79547.11,3.55,2029-05-15
E012458,Tara,Sales,48,21.0,35486.23,1.95,2029-05-15
E012459,Diya,Engineering,37,29.0,102466.28,8.32,2029-05-15
E012460,Kabir,Engineering,60,14.0,114272.09,1.59,2029-05-16
E012461,Kabir,Marketing,52,0.0,58010.49,9.5,2029-05-16
E012462,Aarav,Marketing,53,20.0,91334.8,7.47,2029-05-16
E012463,Tara,HR,31,17.0,88049.97,3.2,2029-05-17
E012464,Kabir,Sales,28,1.0,81688.24,5.98,2029-05-17
E012465,Aditya,Finance,60,12.0,44880.13,6.37,2029-05-17
E012466,Aarav,Finance,35,3.0,91695.26,9.7,2029-05-18
E012467,Rohan,Sales,24,6.0,87795.87,4.19,2029-05-18
E012468,Isha,Operations,29,2.0,45285.46,1.16,2029-05-18
E012469,Aarav,Operations,54,7.0,24544.34,2.8,2029-05-19
E012470,Nisha,Operations,49,24.0,67952.95,3.26,2029-05-19
E012471,Kabir,Engineering,59,9.0,45811.42,4.58,2029-05-19
E012472,Nisha,Engineering,47,10.0,85918.02,5.2,2029-05-20
E012473,Diya,Engineering,30,25.0,52530.42,7.09,2029-05-20
E012474,Rohan,Engineering,44,1.0,63727.3,2.94,2029-05-20
E012475,Tara,Engineering,60,6.0,68476.16,4.84,2029-05-21
E012476,Kabir,Sales,37,19.0,22844.12,2.95,2029-05-21
E012477,Isha,HR,22,6.0,68401.77,4.49,2029-05-21
E012478,Rohan,Marketing,58,0.0,29292.18,4.8,2029-05-22
E012479,Isha,Engineering,54,13.0,83379.18,6.79,2029-05-22
E012480,Aditya,Marketing,56,0.0,129634.84,8.35,2029-05-22
E012481,Aditya,Engineering,30,23.0,122312.3,1.28,2029-05-23
E012482,Nisha,Finance,21,25.0,64913.69,9.6,2029-05-23
E012483,Rohan,HR,23,17.0,98005.25,9.98,2029-05-23
E012484,Aditya,HR,25,0.0,71198.73,8.45,2029-05-24
E012485,Aditya,Operations,61,25.0,99367.79,7.35,2029-05-24
E012486,Nisha,Operations,29,28.0,43568.9,7.47,2029-05-24
E012487,Rohan,HR,59,7.0,66715.04,5.62,2029-05-25
E012488,Aarav,Finance,28,32.0,70748.38,8.35,2029-05-25
E012489,Isha,Finance,59,7.0,87243.62,3.87,2029-05-25
E012490,Diya,Operations,38,60.0,66013.3,1.88,2029-05-26
E012491,Diya,Finance,36,28.0,64930.77,5.93,2029-05-26
E012492,Tara,Sales,61,22.0,58195.79,8.28,2029-05-26
E012493,Nisha,Engineering,58,30.0,37314.52,3.64,2029-05-27
E012494,Diya,HR,38,32.0,82151.68,8.03,2029-05-27
E012495,Diya,Sales,54,15.0,60653.95,8.82,2029-05-27
E012496,Nisha,Engineering,30,31.0,72084.2,7.08,2029-05-28
E012497,Diya,HR,45,13.0,4565.82,2.78,2029-05-28
E012498,,Engineering,41,32.0,67480.81,8.38,2029-05-28
E012499,Kabir,Operations,36,29.0,59429.78,5.23,2029-05-29
E012500,Diya,Engineering,49,6.0,89133.92,6.04,2029-05-29
E012501,Aarav,Engineering,50,21.0,55528.85,6.47,2029-05-29
E012502,Aarav,Sales,49,6.0,59371.75,7.06,2029-05-30
E012503,Nisha,Sales,41,12.0,42147.57,5.34,2029-05-30
E012504,Isha,HR,49,15.0,59723.99,6.42,2029-05-30
E012505,Rohan,Marketing,34,6.0,56975.43,1.75,2029-05-31
E012506,Aarav,HR,56,28.0,75807.44,1.58,2029-05-31
E012507,Tara,HR,57,11.0,56858.67,9.66,2029-05-31
E012508,Nisha,Finance,32,7.0,24708.82,6.44,
E012509,Nisha,Sales,54,34.0,51657.56,5.6,2029-06-01
E012510,Tara,Engineering,24,32.0,75908.86,8.04,2029-06-01
E012511,Aditya,Finance,61,20.0,44400.43,2.84,2029-06-02
E012512,Tara,Operations,50,8.0,113956.95,5.2,2029-06-02
E012513,Tara,Sales,58,20.0,125297.35,7.31,2029-06-02
E012514,Tara,HR,32,3.0,55380.3,4.14,2029-06-03
E012515,Tara,Engineering,51,14.0,97096.3,2.88,2029-06-03
E012516,Kabir,Marketing,50,16.0,57078.25,9.7,2029-06-03
E012517,Diya,Finance,32,12.0,64507.01,8.7,2029-06-04
E012518,Tara,HR,35,18.0,117410.98,8.55,2029-06-04
E012519,Aditya,Finance,35,31.0,81130.36,5.46,2029-06-04
E012520,Kabir,HR,60,7.0,61205.36,9.68,2029-06-05
E012521,Nisha,Finance,57,24.0,84051.2,8.88,2029-06-05
E012522,Diya,HR,47,16.0,64889.42,6.82,2029-06-05
E012523,Aarav,HR,37,17.0,44879.49,3.85,2029-06-06
E012524,Kabir,HR,44,8.0,67414.39,4.79,2029-06-06
E012525,Tara,Sales,34,20.0,57733.44,2.87,2029-06-06
E012526,Kabir,Marketing,53,27.0,87608.49,8.43,2029-06-07
E012527,,Marketing,25,22.0,64228.69,6.68,2029-06-07
E012528,Kabir,HR,28,28.0,94781.11,1.61,2029-06-07
E012529,Aditya,Marketing,49,0.0,48232.09,2.74,2029-06-08
E012530,Kabir,HR,41,28.0,33257.59,1.58,2029-06-08
E012531,Diya,HR,54,31.0,92715.47,4.37,2029-06-08
E012532,Nisha,Finance,56,19.0,68631.28,9.12,2029-06-09
,Tara,Operations,23,17.0,121372.3,6.14,2029-06-09
E012534,Aditya,Operations,45,13.0,67457.73,7.45,2029-06-09
E012535,Nisha,Sales,26,9.0,69004.0,7.16,2029-06-10
E012536,Aditya,Engineering,27,20.0,80577.4,4.14,2029-06-10
E012537,Rohan,Engineering,29,33.0,48232.75,3.84,2029-06-10
E012538,Nisha,Operations,33,33.0,88610.23,5.81,2029-06-11
E012539,Aditya,Finance,44,33.0,81685.86,5.52,2029-06-11
E012540,Isha,Finance,51,0.0,42218.26,4.55,2029-06-11
E012541,Diya,HR,50,10.0,102630.84,4.48,2029-06-12
E012542,Aarav,Sales,26,13.0,18464.05,4.41,2029-06-12
E012543,Nisha,Sales,58,34.0,55529.47,7.29,2029-06-12
E012544,Kabir,Operations,33,3.0,105884.75,3.68,2029-06-13
E012545,Aarav,Finance,50,5.0,55996.25,8.21,2029-06-13
E012546,Aditya,Sales,31,13.0,81456.25,9.11,2029-06-13
E012547,Aarav,HR,25,17.0,82645.65,1.84,2029-06-14
E012548,Aditya,Finance,43,2.0,56976.25,6.62,2029-06-14
E012549,Rohan,Sales,26,21.0,42245.63,2.83,2029-06-14
E012550,Rohan,Sales,30,25.0,34221.18,1.66,2029-06-15
E012551,Aditya,Engineering,61,12.0,74674.48,8.67,2029-06-15
E012552,Tara,Sales,47,,58401.79,8.86,2029-06-15
E012553,Kabir,HR,32,33.0,54143.17,1.05,2029-06-16
E012554,Aditya,Operations,42,11.0,58886.23,6.75,2029-06-16
E012555,Aditya,Marketing,44,12.0,118448.06,1.65,2029-06-16
E012556,Aditya,Sales,52,20.0,87747.66,6.0,2029-06-17
E012557,Nisha,Finance,56,26.0,48258.73,2.68,2029-06-17
E012558,Aarav,Marketing,39,17.0,37624.81,3.03,2029-06-17
E012559,Aarav,Finance,51,24.0,78544.07,3.06,2029-06-18
E012560,Diya,Marketing,30,5.0,40897.25,9.91,2029-06-18
E012561,Aarav,HR,54,21.0,71755.97,7.48,2029-06-18
E012562,Rohan,Engineering,60,15.0,99527.16,2.72,2029-06-19
E012563,Rohan,HR,22,6.0,105140.65,2.24,2029-06-19
E012564,Rohan,Engineering,39,2.0,28985.67,8.85,2029-06-19
E012565,Aditya,Marketing,30,2.0,81471.7,6.79,2029-06-20
E012566,Kabir,HR,61,33.0,-18213.66,4.22,2029-06-20
E012567,,Engineering,59,27.0,44786.28,2.16,2029-06-20
E012568,Aditya,Finance,25,20.0,58388.95,8.84,2029-06-21
E012569,Aditya,Operations,30,13.0,78608.02,6.09,
E012570,Tara,Operations,58,5.0,83835.34,5.04,2029-06-21
E012571,Kabir,Engineering,56,16.0,62777.5,7.3,2029-06-22
E012572,Kabir,HR,34,32.0,86338.61,4.28,2029-06-22
E012573,Aarav,Finance,29,9.0,93547.33,8.59,2029-06-22
E012574,Isha,HR,51,,40617.85,9.05,2029-06-23
E012575,Aditya,Marketing,27,3.0,78126.16,2.31,2029-06-23
E012576,Diya,Engineering,31,15.0,51582.31,8.53,2029-06-23
E012577,Kabir,HR,56,1.0,86865.93,3.6,2029-06-24
E012578,Diya,Finance,40,11.0,94392.57,3.59,2029-06-24
E012579,Kabir,HR,38,23.0,76267.42,1.42,
E012580,Aarav,Finance,54,5.0,95585.94,2.67,2029-06-25
E012581,Nisha,HR,58,34.0,55737.02,9.33,2029-06-25
E012582,Aarav,Operations,24,13.0,105534.87,6.04,2029-06-25
E012583,Rohan,Sales,24,5.0,46356.07,7.37,2029-06-26
E012584,Diya,Engineering,45,18.0,83557.21,3.86,2029-06-26
E012585,Aditya,Engineering,37,12.0,73285.36,5.85,2029-06-26
E012586,Aarav,Sales,59,11.0,82422.12,5.65,2029-06-27
E012587,Aarav,HR,22,10.0,51971.03,4.06,2029-06-27
E012588,Isha,Finance,22,27.0,96695.46,5.43,2029-06-27
E012589,Kabir,Finance,23,,109212.63,1.85,2029-06-28
E012590,Tara,Sales,39,18.0,92716.47,2.81,2029-06-28
E012591,Aditya,Engineering,49,21.0,86229.8,9.86,2029-06-28
E012592,Isha,Engineering,44,28.0,60283.95,9.46,2029-06-29
E012593,Rohan,Finance,48,10.0,144072.19,5.43,2029-06-29
E012594,Aditya,Operations,27,26.0,89863.31,9.12,2029-06-29
E012595,Tara,Marketing,30,7.0,68240.12,7.38,2029-06-30
E012596,Tara,Marketing,54,10.0,403.88,7.81,2029-06-30
E012597,Nisha,HR,29,17.0,53980.59,9.41,2029-06-30
E012598,Diya,Sales,38,30.0,95467.17,7.02,2029-07-01
E012599,Rohan,Finance,33,5.0,63383.7,3.51,2029-07-01
E012600,Rohan,Sales,39,17.0,55818.17,5.33,2029-07-01
E012601,Kabir,Engineering,57,14.0,86627.01,2.65,2029-07-02
E012602,Aditya,Operations,24,19.0,51012.76,1.55,2029-07-02
E012603,Aarav,Engineering,23,16.0,74179.41,3.25,2029-07-02
E012604,Rohan,HR,37,3.0,96318.36,7.12,2029-07-03
E012605,Nisha,Engineering,21,12.0,54464.09,6.48,2029-07-03
,Isha,Marketing,56,32.0,53217.52,5.58,2029-07-03
E012607,Kabir,Operations,31,10.0,84065.36,3.55,2029-07-04
E012608,Aarav,HR,29,23.0,89673.22,6.45,2029-07-04
E012609,Nisha,HR,54,21.0,44054.3,6.18,2029-07-04
E012610,Nisha,Sales,44,31.0,62198.88,4.11,2029-07-05
E012611,Diya,Engineering,35,15.0,108140.12,6.09,2029-07-05
E012612,Diya,Sales,58,31.0,69697.62,3.62,2029-07-05
E012613,Aditya,Sales,21,20.0,83816.19,7.78,2029-07-06
E012614,Nisha,Sales,51,2.0,74421.57,4.07,2029-07-06
E012615,Nisha,HR,55,3.0,96920.78,7.67,2029-07-06
E012616,Diya,Engineering,44,0.0,54601.36,4.74,2029-07-07
E012617,Tara,Finance,56,31.0,106790.11,4.21,
E012618,Rohan,HR,24,24.0,50691.84,5.11,2029-07-07
E012619,Isha,Engineering,38,0.0,104242.01,9.95,2029-07-08
E012620,Tara,Finance,38,7.0,85169.29,6.73,2029-07-08
E012621,Isha,HR,32,20.0,73543.22,5.53,2029-07-08
E012622,Nisha,Operations,37,16.0,56047.43,7.13,2029-07-09
E012623,Kabir,Marketing,25,21.0,57930.88,9.29,2029-07-09
E012624,Tara,Operations,25,23.0,47138.79,3.45,
E012625,Aarav,HR,56,31.0,82519.98,4.11,2029-07-10
E012626,Rohan,Sales,37,0.0,69778.32,4.1,2029-07-10
E012627,Tara,HR,51,21.0,50391.63,7.58,2029-07-10
E012628,Kabir,Marketing,22,31.0,67300.81,6.98,2029-07-11
E012629,Diya,Marketing,57,1.0,96794.29,6.99,2029-07-11
E012630,Aarav,Finance,25,12.0,51057.19,1.24,2029-07-11
E012631,Diya,Finance,22,5.0,116436.02,1.03,2029-07-12
E012632,Nisha,Finance,51,8.0,71787.46,5.76,2029-07-12
E012633,Aarav,Engineering,45,25.0,9140.33,9.76,2029-07-12
E012634,Diya,Operations,57,22.0,105998.58,6.9,2029-07-13
E012635,Aditya,Marketing,56,22.0,55749.47,1.64,2029-07-13
E012636,Rohan,Sales,56,18.0,37325.63,2.23,2029-07-13
E012637,Isha,Engineering,22,21.0,32310.68,3.97,2029-07-14
E012638,Isha,Engineering,61,6.0,37153.17,4.36,2029-07-14
E012639,Rohan,Marketing,22,22.0,47963.7,9.52,2029-07-14
E012640,Aarav,Engineering,57,3.0,102128.4,1.67,2029-07-15
E012641,Aarav,Marketing,34,20.0,5247.21,4.28,2029-07-15
E012642,Rohan,Marketing,29,14.0,51505.51,3.26,2029-07-15
E012643,Diya,Engineering,38,25.0,152246.22,1.12,2029-07-16
E012644,Kabir,Sales,55,19.0,74298.2,9.17,2029-07-16
E012645,Tara,Sales,37,0.0,63518.23,3.05,2029-07-16
E012646,Tara,Finance,48,8.0,71279.02,2.94,2029-07-17
E012647,Tara,Operations,47,7.0,106113.67,8.72,2029-07-17
E012648,Diya,Operations,44,28.0,32025.17,7.18,2029-07-17
E012649,Aarav,Sales,32,12.0,107361.0,1.64,2029-07-18
E012650,Kabir,Finance,49,23.0,112894.51,1.02,2029-07-18
E012651,Kabir,Operations,61,20.0,58950.43,4.01,2029-07-18
E012652,Nisha,Operations,54,15.0,59771.97,9.07,2029-07-19
E012653,Diya,Engineering,61,21.0,117443.31,1.62,2029-07-19
E012654,Nisha,Sales,29,22.0,118334.95,6.6,2029-07-19
E012655,Aarav,Engineering,44,18.0,51688.43,6.25,2029-07-20
E012656,Aarav,Engineering,36,22.0,29133.01,6.52,2029-07-20
E012657,Tara,Finance,51,6.0,101991.66,8.75,2029-07-20
E012658,Tara,HR,43,33.0,6978.86,5.72,2029-07-21
E012659,Tara,Finance,46,9.0,83884.65,7.15,2029-07-21
E012660,Aditya,Finance,27,34.0,33486.49,4.52,2029-07-21
E012661,Aditya,Finance,40,7.0,60617.66,4.13,2029-07-22
E012662,Rohan,Sales,25,13.0,55702.08,4.37,2029-07-22
E012663,Isha,HR,48,28.0,91101.89,1.77,2029-07-22
E012664,Nisha,Marketing,44,13.0,71888.72,5.26,2029-07-23
E012665,Rohan,Operations,40,26.0,63005.67,8.86,2029-07-23
E012666,Aditya,Finance,26,34.0,74280.59,2.3,2029-07-23
E012667,Aarav,Sales,21,10.0,118571.43,6.79,2029-07-24
E012668,Aditya,Operations,44,18.0,51644.34,9.02,2029-07-24
E012669,Aarav,Engineering,28,0.0,94082.89,3.22,2029-07-24
E012670,Nisha,Sales,35,1.0,47908.15,4.98,2029-07-25
E012671,Aarav,Operations,26,31.0,61342.41,9.62,2029-07-25
E012672,Rohan,Operations,28,19.0,46408.62,1.89,2029-07-25
E012673,Kabir,HR,28,26.0,72500.79,9.43,2029-07-26
E012674,Kabir,Finance,35,8.0,86080.98,7.79,2029-07-26
E012675,Aditya,Engineering,26,11.0,44109.98,1.73,2029-07-26
E012676,Isha,Sales,26,22.0,75531.73,7.99,2029-07-27
E012677,Kabir,Operations,34,9.0,77344.51,8.92,2029-07-27
E012678,Rohan,Operations,49,16.0,76964.15,9.12,2029-07-27
E012679,Kabir,Marketing,34,28.0,34864.02,6.61,2029-07-28
E012680,Tara,Engineering,60,23.0,100971.56,3.97,2029-07-28
E012681,Tara,Operations,21,33.0,63736.28,3.7,2029-07-28
E012682,Rohan,Operations,53,3.0,62485.72,6.83,2029-07-29
E012683,Rohan,Sales,31,6.0,59790.3,6.61,2029-07-29
E012684,Aditya,HR,25,26.0,39686.64,7.55,2029-07-29
E012685,Aarav,HR,56,31.0,83390.03,8.87,2029-07-30
E012686,Aditya,Operations,41,6.0,74042.38,8.24,2029-07-30
E012687,Diya,Engineering,26,2.0,92446.35,9.38,2029-07-30
E012688,Aarav,HR,0,18.0,94094.14,4.38,2029-07-31
E012689,Kabir,Operations,55,17.0,59823.37,3.77,2029-07-31
E012690,Aditya,Finance,55,18.0,94884.93,5.11,
E012691,Aditya,Finance,26,17.0,55886.62,9.44,2029-08-01
E012692,Tara,Marketing,57,25.0,102312.3,7.8,2029-08-01
E012693,Kabir,Operations,58,12.0,98078.77,4.24,2029-08-01
E012694,Kabir,Marketing,45,16.0,46515.34,8.66,2029-08-02
E012695,Isha,Marketing,56,16.0,96521.32,5.11,2029-08-02
E012696,Isha,Engineering,34,8.0,65818.09,9.39,2029-08-02
E012697,Aditya,Marketing,23,4.0,47929.59,3.04,2029-08-03
E012698,Tara,Sales,60,29.0,80101.67,8.64,2029-08-03
E012699,Rohan,Sales,36,,20878.19,3.04,2029-08-03
E012700,Rohan,HR,47,16.0,58758.89,2.82,2029-08-04
E012701,,Marketing,57,,86417.01,1.91,2029-08-04
E012702,Diya,HR,35,16.0,57549.25,4.39,2029-08-04
E012703,Isha,HR,33,4.0,53254.15,6.53,2029-08-05
E012704,Tara,Finance,36,5.0,62163.27,6.98,2029-08-05
E012705,Aarav,Engineering,51,8.0,93638.49,6.64,2029-08-05
E012706,Tara,Finance,52,30.0,57878.89,4.44,2029-08-06
E012707,Aarav,Sales,37,28.0,73045.47,8.09,2029-08-06
E012708,Aarav,Finance,39,3.0,84008.31,8.94,2029-08-06
E012709,Nisha,Sales,35,34.0,77352.06,2.71,2029-08-07
E012710,Kabir,Engineering,40,1.0,43495.01,6.75,2029-08-07
E012711,Rohan,Marketing,22,33.0,101516.16,1.97,2029-08-07
E012712,Aditya,Sales,27,27.0,53495.77,1.58,2029-08-08
E012713,Diya,Operations,54,15.0,42467.84,9.68,2029-08-08
E012714,Tara,HR,34,30.0,83882.55,4.78,2029-08-08
E012715,Nisha,Marketing,58,12.0,90721.87,1.64,2029-08-09
E012716,Diya,Marketing,56,31.0,94173.55,8.91,2029-08-09
E012717,Rohan,Sales,22,30.0,73580.47,15.0,2029-08-09
E012718,Kabir,Sales,44,4.0,61039.6,3.29,2029-08-10
E012719,Diya,Marketing,57,15.0,77522.41,6.79,2029-08-10
E012720,Kabir,HR,34,7.0,46379.96,1.3,2029-08-10
E012721,Aarav,Finance,43,13.0,98231.49,4.69,2029-08-11
E012722,Tara,HR,46,10.0,77713.59,5.07,2029-08-11
E012723,Kabir,Marketing,37,18.0,69086.2,2.22,2029-08-11
E012724,Nisha,Sales,46,24.0,121623.39,9.28,2029-08-12
E012725,Tara,Sales,40,16.0,94003.41,9.03,2029-08-12
E012726,Aditya,Engineering,52,,37828.84,5.81,2029-08-12
E012727,Isha,Marketing,37,,83089.14,3.0,2029-08-13
E012728,Rohan,Marketing,49,1.0,92787.71,6.6,2029-08-13
E012729,Tara,Engineering,42,0.0,76571.28,9.55,2029-08-13
E012730,Isha,Engineering,49,21.0,59526.95,2.06,2029-08-14
E012731,Isha,Engineering,32,25.0,100683.62,7.55,2029-08-14
E012732,Rohan,Engineering,49,33.0,83019.79,9.29,2029-08-14
E012733,Diya,Marketing,50,29.0,53849.39,1.22,2029-08-15
E012734,Kabir,Finance,32,34.0,48240.41,5.88,2029-08-15
E012735,Isha,Operations,47,12.0,85791.71,7.85,2029-08-15
E012736,Diya,HR,61,23.0,97058.01,3.21,2029-08-16
E012737,Tara,Sales,42,0.0,77197.43,7.35,2029-08-16
E012738,Diya,Engineering,43,20.0,86996.28,9.18,2029-08-16
E012739,Tara,Marketing,49,14.0,68066.91,2.4,2029-08-17
E012740,Nisha,Marketing,25,27.0,112772.3,5.2,2029-08-17
E012741,Aarav,Finance,48,8.0,80267.85,2.44,2029-08-17
E012742,Rohan,Engineering,59,30.0,84117.77,1.5,2029-08-18
E012743,Rohan,Marketing,26,22.0,84170.23,3.3,2029-08-18
E012744,Aarav,Engineering,37,31.0,82950.29,4.89,2029-08-18
E012745,Aditya,Marketing,24,17.0,92396.97,9.08,2029-08-19
E012746,,HR,30,10.0,24012.04,8.09,2029-08-19
E012747,Nisha,Sales,40,25.0,50416.52,3.43,2029-08-19
E012748,Nisha,Sales,43,17.0,86771.44,2.53,2029-08-20
E012749,Rohan,HR,42,17.0,60500.37,3.38,2029-08-20
E012750,Nisha,Sales,52,14.0,83227.4,8.0,2029-08-20
E012751,Isha,HR,26,9.0,80279.13,6.37,2029-08-21
E012752,Aarav,HR,32,26.0,61214.69,2.35,2029-08-21
E012753,Aditya,HR,23,5.0,97376.26,8.33,2029-08-21
E012754,Diya,Engineering,61,25.0,61752.72,4.42,
E012755,Diya,Engineering,31,33.0,86226.87,3.07,2029-08-22
E012756,Aditya,Sales,43,,88717.75,6.39,2029-08-22
E012757,Aditya,HR,39,9.0,46736.83,1.31,2029-08-23
E012758,Aarav,HR,30,3.0,73567.34,6.59,2029-08-23
E012759,Nisha,HR,61,31.0,91235.16,4.74,2029-08-23
E012760,Rohan,Operations,60,11.0,39174.68,4.48,2029-08-24
E012761,Isha,Finance,44,3.0,52103.36,2.37,2029-08-24
E012762,Kabir,Marketing,57,14.0,46024.57,4.13,2029-08-24
E012763,Isha,Finance,52,2.0,102422.07,6.42,2029-08-25
E012764,Aditya,Operations,47,33.0,76788.25,6.48,2029-08-25
E012765,Kabir,Sales,29,4.0,100232.96,1.85,2029-08-25
E012766,Kabir,Operations,34,1.0,60653.46,1.45,2029-08-26
E012767,Aarav,Sales,58,32.0,111114.46,2.31,2029-08-26
E012768,Aditya,Sales,47,22.0,61852.18,5.75,2029-08-26
E012769,Tara,Marketing,55,26.0,34689.51,5.21,2029-08-27
E012770,Kabir,Finance,46,12.0,35109.35,7.83,
E012771,Isha,Operations,43,26.0,54355.7,8.13,2029-08-27
E012772,Rohan,Finance,50,12.0,66365.17,1.15,2029-08-28
E012773,Aditya,Marketing,34,21.0,63467.27,6.93,2029-08-28
E012774,Nisha,Operations,27,4.0,67963.3,1.76,2029-08-28
E012775,Aditya,HR,54,2.0,60961.24,9.72,2029-08-29
E012776,Kabir,Finance,38,6.0,80439.48,9.38,2029-08-29
E012777,Nisha,Finance,26,13.0,28936.47,8.69,2029-08-29
E012778,Rohan,Sales,34,1.0,40781.44,7.25,2029-08-30
E012779,Isha,Operations,41,4.0,141914.8,9.7,2029-08-30
E012780,Kabir,Operations,46,15.0,84212.51,2.02,2029-08-30
E012781,Kabir,Sales,38,2.0,32329.56,2.88,2029-08-31
E012782,Isha,Finance,40,11.0,67195.1,5.99,2029-08-31
E012783,Diya,HR,54,31.0,41071.47,7.27,2029-08-31
E012784,Aditya,HR,54,12.0,83025.91,5.9,2029-09-01
E012785,Rohan,Marketing,32,32.0,61444.1,5.4,2029-09-01
E012786,Nisha,Engineering,60,11.0,94554.99,9.76,2029-09-01
E012787,Isha,HR,61,17.0,46337.99,7.62,2029-09-02
E012788,Diya,Engineering,56,33.0,61911.1,8.12,2029-09-02
E012789,Aarav,Engineering,55,20.0,104864.73,2.09,2029-09-02
E012790,Aarav,HR,26,10.0,89812.39,8.38,2029-09-03
E012791,Aarav,Marketing,48,29.0,94510.17,3.67,2029-09-03
E012792,Tara,HR,26,,77679.27,7.9,2029-09-03
E012793,Nisha,Operations,30,18.0,116711.15,3.56,2029-09-04
E012794,Aditya,Engineering,59,13.0,79092.46,3.37,2029-09-04
E012795,Tara,HR,51,28.0,76255.86,5.02,2029-09-04
E012796,Aditya,Operations,54,24.0,47090.87,6.02,2029-09-05
E012797,Isha,Sales,43,21.0,52404.73,7.4,2029-09-05
E012798,,Sales,42,1.0,102329.45,1.87,2029-09-05
E012799,Rohan,HR,32,24.0,49946.53,2.98,2029-09-06
E012800,Isha,HR,42,21.0,64657.09,5.09,2029-09-06
E012801,Aditya,Operations,32,22.0,101625.97,6.02,2029-09-06
E012802,Diya,Marketing,39,34.0,100224.79,3.42,2029-09-07
E012803,Rohan,Operations,23,33.0,51863.78,8.4,2029-09-07
E012804,Kabir,Engineering,48,32.0,100124.45,8.17,2029-09-07
E012805,Kabir,HR,58,12.0,81618.72,7.72,2029-09-08
E012806,Nisha,Sales,49,33.0,67032.99,1.64,
E012807,Nisha,Engineering,58,24.0,90784.82,6.52,2029-09-08
E012808,Tara,Engineering,46,2.0,76532.28,5.35,2029-09-09
E012809,Aditya,Marketing,23,30.0,71343.63,6.49,2029-09-09
E012810,Rohan,Finance,30,18.0,62184.97,6.54,2029-09-09
E012811,Tara,Sales,57,12.0,56746.56,1.67,2029-09-10
E012812,Tara,Marketing,41,28.0,85470.42,9.59,2029-09-10
E012813,Aditya,Finance,41,4.0,106363.14,9.35,2029-09-10
E012814,Nisha,Operations,45,27.0,32310.12,5.3,2029-09-11
E012815,Aditya,HR,27,9.0,56624.87,6.82,2029-09-11
E012816,Diya,Operations,47,7.0,63221.43,1.75,2029-09-11
E012817,Isha,Sales,39,19.0,29023.5,1.27,2029-09-12
E012818,Tara,Marketing,31,0.0,16754.8,6.79,2029-09-12
E012819,Aarav,Sales,48,23.0,91508.24,6.72,2029-09-12
E012820,Diya,Sales,36,31.0,44511.09,9.23,2029-09-13
E012821,Diya,Marketing,34,18.0,57553.77,7.71,2029-09-13
E012822,Diya,HR,36,34.0,26326.8,2.93,2029-09-13
E012823,Aditya,Engineering,41,27.0,65506.97,2.94,2029-09-14
E012824,Tara,Engineering,46,17.0,86615.36,7.58,2029-09-14
E012825,Tara,Sales,30,6.0,65344.23,1.61,2029-09-14
E012826,Aditya,Operations,44,8.0,92164.28,4.49,2029-09-15
E012827,Aditya,Marketing,55,24.0,88665.03,1.54,2029-09-15
E012828,Diya,HR,47,7.0,35567.7,3.43,2029-09-15
E012829,Kabir,Marketing,29,20.0,84048.84,6.15,2029-09-16
E012830,Tara,Marketing,34,25.0,46742.11,2.4,2029-09-16
E012831,Tara,Engineering,39,3.0,70850.71,5.08,2029-09-16
E012832,Kabir,Sales,45,7.0,51935.15,1.32,2029-09-17
E012833,Diya,Marketing,57,5.0,66321.01,9.98,2029-09-17
E012834,Tara,Engineering,56,14.0,48633.52,5.85,2029-09-17
E012835,Aarav,Operations,49,12.0,69530.4,7.17,2029-09-18
E012836,Aditya,Operations,51,17.0,57010.31,6.31,2029-09-18
E012837,Tara,HR,58,9.0,65490.4,5.5,2029-09-18
E012838,Tara,Engineering,25,9.0,70944.5,7.4,2029-09-19
E012839,Isha,Operations,53,1.0,108442.58,9.2,2029-09-19
E012840,Diya,Finance,41,4.0,98251.88,6.44,2029-09-19
E012841,Aditya,Engineering,24,12.0,78605.3,3.13,2029-09-20
,Aarav,Operations,31,24.0,37446.56,9.45,2029-09-20
E012843,Diya,Finance,23,6.0,43950.12,8.12,2029-09-20
E012844,Tara,Finance,29,25.0,87917.48,5.29,2029-09-21
E012845,Aarav,Finance,34,16.0,77454.27,5.04,2029-09-21
E012846,Isha,Sales,27,,51898.36,6.53,2029-09-21
E012847,Kabir,Marketing,61,15.0,114079.14,4.23,2029-09-22
E012848,Rohan,Operations,58,2.0,33516.5,4.79,2029-09-22
E012849,Aarav,Operations,30,34.0,73735.47,6.68,2029-09-22
E012850,Diya,HR,41,3.0,49483.2,1.62,2029-09-23
E012851,Rohan,Sales,38,22.0,105606.11,5.28,2029-09-23
E012852,Isha,HR,38,17.0,48699.02,5.75,2029-09-23
E012853,Aditya,Finance,59,1.0,48165.19,3.8,2029-09-24
E012854,Nisha,Engineering,23,32.0,32132.62,6.11,2029-09-24
E012855,Aarav,HR,40,32.0,68756.34,5.36,2029-09-24
E012856,Aditya,Operations,28,34.0,86915.37,4.45,2029-09-25
E012857,Isha,HR,42,19.0,66649.48,5.37,2029-09-25
E012858,Isha,Marketing,34,19.0,49112.76,1.88,2029-09-25
E012859,Rohan,Operations,31,1.0,69179.61,8.0,2029-09-26
E012860,Aarav,Engineering,56,24.0,89707.86,3.08,2029-09-26
E012861,Kabir,Sales,49,19.0,69109.99,5.41,2029-09-26
E012862,Nisha,Marketing,27,21.0,68729.29,9.76,2029-09-27
E012863,Kabir,Engineering,21,21.0,60307.01,2.24,2029-09-27
E012864,Rohan,Operations,46,30.0,84872.71,1.85,2029-09-27
,Isha,Finance,48,22.0,66884.95,9.2,2029-09-28
E012866,Rohan,Marketing,34,0.0,93316.4,4.78,2029-09-28
E012867,Isha,Operations,30,9.0,103969.47,6.46,2029-09-28
E012868,Diya,Finance,54,21.0,43259.96,6.28,2029-09-29
E012869,Aditya,HR,50,31.0,64254.66,9.15,2029-09-29
E012870,Diya,Marketing,46,0.0,64261.4,6.95,2029-09-29
E012871,Isha,Marketing,36,16.0,90683.31,5.47,2029-09-30
E012872,Nisha,Sales,38,17.0,85944.47,9.24,2029-09-30
E012873,Kabir,Finance,21,7.0,65766.11,9.96,2029-09-30
E012874,Aditya,Engineering,32,12.0,89762.28,2.76,2029-10-01
E012875,Isha,Operations,59,33.0,96675.94,1.27,2029-10-01
E012876,Nisha,Operations,26,2.0,58948.26,5.15,2029-10-01
E012877,Tara,Finance,31,17.0,100160.36,5.56,2029-10-02
E012878,Tara,Operations,59,4.0,20567.71,4.35,2029-10-02
E012879,Diya,Finance,57,27.0,20360.99,9.11,2029-10-02
E012880,Tara,Sales,42,15.0,57987.41,8.96,2029-10-03
E012881,Aditya,HR,34,33.0,75620.56,6.79,2029-10-03
E012882,Aarav,Marketing,25,14.0,52577.6,7.73,2029-10-03
E012883,Aarav,Operations,42,29.0,63815.85,3.95,2029-10-04
E012884,,Operations,29,31.0,70854.61,8.54,2029-10-04
E012885,Isha,Finance,38,3.0,42412.17,1.88,2029-10-04
E012886,Isha,HR,55,19.0,81385.01,9.97,2029-10-05
E012887,Rohan,Operations,25,15.0,74316.5,5.1,2029-10-05
E012888,Kabir,Finance,49,1.0,61523.03,7.4,2029-10-05
E012889,Aditya,Sales,37,23.0,141680.98,5.97,2029-10-06
E012890,Aditya,Engineering,46,12.0,42194.78,7.77,2029-10-06
E012891,Kabir,Finance,37,27.0,49271.42,9.19,2029-10-06
E012892,Diya,Engineering,41,23.0,104010.6,8.79,2029-10-07
E012893,Isha,Operations,30,25.0,53349.97,9.99,2029-10-07
,Rohan,Finance,22,9.0,78815.09,6.43,2029-10-07
E012895,Diya,Finance,44,5.0,50201.89,4.87,2029-10-08
E012896,Tara,Sales,32,4.0,76603.25,9.33,
E012897,Kabir,HR,25,33.0,30060.86,1.47,2029-10-08
E012898,Aditya,Marketing,26,16.0,52280.51,6.99,2029-10-09
E012899,Isha,Marketing,29,5.0,88837.33,4.28,2029-10-09
E012900,Tara,HR,44,6.0,92150.35,2.44,2029-10-09
E012901,Rohan,Sales,51,3.0,68280.41,4.05,2029-10-10
E012902,Nisha,Operations,42,28.0,62590.89,3.92,2029-10-10
E012903,Diya,Marketing,33,5.0,53209.85,8.83,2029-10-10
E012904,Tara,Sales,36,1.0,73273.88,4.12,2029-10-11
E012905,Isha,Finance,58,32.0,49790.84,4.78,2029-10-11
E012906,Aarav,Engineering,49,34.0,93363.5,7.13,2029-10-11
E012907,Rohan,Engineering,33,24.0,117162.42,2.47,2029-10-12
E012908,Aarav,Operations,34,26.0,96736.49,8.67,2029-10-12
E012909,Aditya,Marketing,30,33.0,72191.16,9.56,2029-10-12
E012910,Kabir,Engineering,60,11.0,89318.46,3.81,2029-10-13
E012911,Rohan,Finance,22,,93438.16,8.95,2029-10-13
E012912,Aarav,Finance,21,28.0,65998.49,4.28,2029-10-13
E012913,Rohan,Operations,51,17.0,42076.96,3.35,2029-10-14
E012914,Aarav,Sales,61,26.0,116655.02,4.26,2029-10-14
E012915,Aarav,Engineering,42,28.0,79626.52,5.22,2029-10-14
E012916,Isha,Marketing,39,30.0,101340.78,3.47,2029-10-15
E012917,Tara,Engineering,57,13.0,105140.32,3.09,2029-10-15
E012918,Diya,Finance,22,1.0,57823.51,5.42,2029-10-15
E012919,Isha,Sales,34,13.0,79147.34,7.45,2029-10-16
E012920,Aditya,Finance,44,5.0,51312.36,3.53,2029-10-16
E012921,Aditya,Engineering,24,4.0,11119.71,5.06,2029-10-16
E012922,Aditya,Engineering,30,8.0,54057.3,8.8,2029-10-17
E012923,Nisha,Operations,36,7.0,131951.62,2.16,2029-10-17
E012924,Tara,Engineering,38,7.0,61308.09,9.47,2029-10-17
E012925,Aditya,Finance,60,7.0,91386.82,6.5,2029-10-18
E012926,Tara,HR,31,33.0,62098.26,1.06,2029-10-18
E012927,Nisha,Sales,38,12.0,124225.31,5.91,2029-10-18
E012928,Isha,Sales,36,14.0,21071.17,7.26,2029-10-19
E012929,Nisha,HR,39,18.0,71508.16,5.14,2029-10-19
E012930,Aarav,Operations,55,25.0,115980.9,3.57,2029-10-19
E012931,Kabir,Engineering,23,22.0,67063.96,8.27,2029-10-20
E012932,Rohan,Operations,35,24.0,105136.04,8.93,2029-10-20
E012933,Isha,Marketing,25,18.0,87359.38,9.69,2029-10-20
E012934,Isha,Sales,52,4.0,59403.81,2.24,2029-10-21
E012935,Aditya,Operations,41,13.0,10587.55,9.22,2029-10-21
E012936,Rohan,Engineering,50,30.0,38278.78,5.44,2029-10-21
E012937,Nisha,Engineering,21,5.0,67912.2,1.74,2029-10-22
E012938,Tara,Sales,31,13.0,36627.08,3.7,2029-10-22
E012939,Tara,Finance,28,6.0,75861.49,5.49,2029-10-22
E012940,Rohan,Finance,28,1.0,63867.27,4.42,2029-10-23
E012941,Nisha,HR,32,19.0,94421.14,1.85,2029-10-23
E012942,Aditya,Marketing,37,17.0,65272.03,8.69,2029-10-23
E012943,Aarav,Finance,23,8.0,59654.45,4.83,2029-10-24
E012944,Tara,Engineering,47,14.0,55709.21,7.55,2029-10-24
E012945,Isha,Marketing,36,17.0,60949.25,9.46,2029-10-24
E012946,Tara,Operations,28,19.0,102674.33,1.22,2029-10-25
E012947,Aarav,Operations,59,13.0,103521.31,7.05,2029-10-25
E012948,Diya,Finance,48,2.0,71628.53,9.63,2029-10-25
E012949,,Operations,51,32.0,48042.74,8.17,2029-10-26
E012950,Aditya,Sales,58,34.0,126833.52,2.52,2029-10-26
E012951,Nisha,Operations,53,8.0,88103.29,1.14,2029-10-26
E012952,Aditya,Engineering,57,,55888.14,5.38,2029-10-27
,Aarav,Sales,60,14.0,51233.61,9.68,2029-10-27
E012954,Aarav,Operations,34,31.0,74190.92,6.22,2029-10-27
E012955,Tara,Sales,41,17.0,87860.14,3.04,2029-10-28
E012956,Kabir,Sales,27,2.0,98231.67,1.16,2029-10-28
E012957,Kabir,Finance,57,16.0,114217.68,8.14,2029-10-28
E012958,Kabir,Engineering,34,22.0,52364.7,4.81,2029-10-29
E012959,Aarav,Sales,49,24.0,29141.26,7.98,2029-10-29
E012960,Tara,Marketing,40,14.0,50625.43,5.7,2029-10-29
E012961,Rohan,Sales,44,7.0,56851.73,7.8,2029-10-30
E012962,Diya,HR,47,6.0,100495.81,3.66,2029-10-30
E012963,Diya,Marketing,38,12.0,52554.68,8.4,2029-10-30
E012964,Nisha,Marketing,34,4.0,99986.69,4.73,2029-10-31
E012965,Rohan,Engineering,33,22.0,79384.55,5.66,2029-10-31
E012966,Aarav,Operations,59,17.0,28120.66,2.92,2029-10-31
E012967,Tara,Engineering,57,26.0,80517.89,4.03,2029-11-01
E012968,Kabir,Sales,30,31.0,117395.17,9.58,2029-11-01
E012969,Diya,Operations,56,12.0,86509.73,1.86,2029-11-01
E012970,Isha,Sales,23,23.0,57547.34,7.45,2029-11-02
E012971,Diya,Marketing,48,0.0,63912.43,1.91,2029-11-02
E012972,Nisha,Finance,45,11.0,65754.47,8.42,2029-11-02
E012973,Diya,HR,35,26.0,84378.44,9.82,2029-11-03
E012974,Nisha,Finance,46,16.0,80496.25,5.49,2029-11-03
E012975,Kabir,Marketing,42,24.0,43496.96,8.67,2029-11-03
E012976,Aditya,Operations,29,23.0,57924.34,3.33,2029-11-04
E012977,Isha,HR,39,24.0,92287.92,6.97,2029-11-04
E012978,Diya,Engineering,26,14.0,81253.59,2.26,2029-11-04
E012979,Isha,Engineering,42,4.0,46303.49,3.17,2029-11-05
E012980,Kabir,Finance,40,34.0,56964.84,1.15,2029-11-05
E012981,Diya,Operations,56,34.0,90010.07,5.21,2029-11-05
E012982,Rohan,Finance,51,34.0,88279.28,6.58,2029-11-06
E012983,Nisha,Sales,27,31.0,91145.02,9.54,2029-11-06
E012984,Aarav,Finance,30,34.0,75628.18,7.29,2029-11-06
E012985,Diya,Operations,27,33.0,76412.52,9.99,2029-11-07
E012986,Isha,Engineering,51,23.0,56750.03,1.28,2029-11-07
E012987,Tara,Finance,51,31.0,54221.89,4.5,2029-11-07
E012988,Tara,Operations,61,33.0,20936.29,1.07,2029-11-08
E012989,Nisha,Marketing,38,32.0,65570.44,5.43,2029-11-08
E012990,Nisha,Marketing,33,33.0,72246.13,9.27,2029-11-08
E012991,Nisha,HR,55,11.0,53975.96,7.51,
E012992,Isha,Finance,48,1.0,85464.1,1.26,2029-11-09
E012993,Nisha,Operations,36,32.0,113255.75,7.95,2029-11-09
E012994,Tara,Operations,44,30.0,75790.0,1.06,2029-11-10
E012995,Kabir,Engineering,40,12.0,93424.23,7.79,2029-11-10
E012996,Tara,Sales,29,27.0,48057.47,7.75,2029-11-10
E012997,Rohan,Engineering,51,25.0,88409.13,2.48,2029-11-11
E012998,Aarav,Marketing,61,5.0,67821.75,1.9,2029-11-11
E012999,Kabir,Operations,28,15.0,77090.63,1.4,2029-11-11
E013000,Aditya,Finance,44,26.0,72334.26,7.21,2029-11-12
E013001,Isha,Engineering,59,11.0,58722.08,4.84,
E013002,Isha,Engineering,34,29.0,31793.64,7.04,2029-11-12
E013003,Isha,Marketing,36,9.0,58546.89,6.38,2029-11-13
E013004,,Sales,28,1.0,58843.23,4.15,2029-11-13
E013005,Nisha,Sales,25,11.0,44218.87,5.24,2029-11-13
E013006,Nisha,Marketing,47,21.0,58380.86,4.59,2029-11-14
E013007,Aarav,Finance,55,22.0,56599.79,8.36,2029-11-14
E013008,Aarav,Operations,-1,14.0,87130.72,8.96,2029-11-14
E013009,Aarav,HR,60,15.0,84920.35,6.54,
E013010,Kabir,Engineering,24,19.0,112070.73,5.43,2029-11-15
E013011,Nisha,Marketing,29,28.0,138919.46,2.56,2029-11-15
E013012,Kabir,Marketing,23,,89046.27,5.58,2029-11-16
E013013,Aditya,Engineering,50,2.0,20412.82,8.93,2029-11-16
E013014,Aditya,HR,42,22.0,60181.35,8.41,2029-11-16
E013015,Rohan,Marketing,23,,41574.8,7.88,2029-11-17
E013016,Aditya,Engineering,47,10.0,120491.9,2.4,2029-11-17
E013017,,Sales,35,28.0,71153.76,5.58,2029-11-17
E013018,Aditya,Finance,53,4.0,67220.15,4.37,2029-11-18
E013019,Aarav,Operations,31,30.0,102635.53,1.41,2029-11-18
E013020,Aarav,Engineering,23,10.0,61737.37,8.42,2029-11-18
E013021,Tara,Engineering,27,21.0,71838.85,1.29,2029-11-19
E013022,Aditya,Finance,45,16.0,57237.13,2.15,2029-11-19
E013023,Aarav,Operations,37,16.0,69551.29,2.98,2029-11-19
E013024,Kabir,Marketing,58,10.0,102498.02,3.89,2029-11-20
E013025,Rohan,Finance,33,8.0,44841.79,8.89,2029-11-20
E013026,Rohan,HR,21,20.0,114949.29,2.96,2029-11-20
E013027,Isha,Engineering,56,33.0,78413.4,6.12,2029-11-21
E013028,Kabir,Marketing,58,12.0,60948.44,3.39,2029-11-21
E013029,Nisha,Finance,38,23.0,50839.06,2.8,2029-11-21
E013030,Rohan,Sales,60,21.0,93413.64,7.33,2029-11-22
E013031,Tara,Operations,30,3.0,80951.59,2.98,2029-11-22
E013032,Tara,Finance,30,5.0,51652.32,3.1,2029-11-22
E013033,Kabir,HR,29,24.0,107615.68,6.52,2029-11-23
E013034,Nisha,Operations,21,14.0,75452.88,7.02,2029-11-23
E013035,Nisha,Operations,33,9.0,99805.21,2.58,2029-11-23
E013036,Isha,Engineering,30,23.0,108491.87,6.91,2029-11-24
E013037,Aditya,Operations,22,2.0,76681.62,3.79,2029-11-24
E013038,Rohan,Marketing,57,15.0,69497.59,5.15,2029-11-24
E013039,Tara,Operations,39,9.0,45345.28,2.62,2029-11-25
E013040,Kabir,Finance,59,11.0,88585.95,3.87,2029-11-25
E013041,Diya,Marketing,55,10.0,76239.91,9.52,2029-11-25
E013042,Rohan,Finance,28,18.0,65322.62,8.29,2029-11-26
E013043,Aditya,Marketing,57,30.0,52926.14,5.99,2029-11-26
E013044,Diya,Engineering,51,0.0,81081.85,2.37,2029-11-26
,Aarav,Sales,60,21.0,104104.23,7.44,2029-11-27
E013046,Diya,HR,32,3.0,104517.62,4.29,2029-11-27
E013047,Rohan,Marketing,45,13.0,52621.99,6.25,2029-11-27
E013048,Aarav,Operations,33,23.0,75895.19,5.53,2029-11-28
E013049,Kabir,Engineering,49,22.0,39788.24,9.84,2029-11-28
E013050,Kabir,Sales,49,8.0,53423.63,8.55,2029-11-28
E013051,Diya,Finance,43,28.0,79878.99,4.66,2029-11-29
E013052,Aarav,Engineering,43,15.0,59957.88,6.32,2029-11-29
E013053,Aarav,Marketing,41,16.0,34667.41,2.9,2029-11-29
E013054,Aditya,Operations,44,14.0,44325.66,6.64,2029-11-30
E013055,Isha,Operations,43,12.0,120734.67,9.93,2029-11-30
E013056,Aarav,Sales,25,30.0,40451.89,7.59,2029-11-30
E013057,Isha,Sales,58,28.0,64984.37,7.48,2029-12-01
E013058,Aditya,HR,58,2.0,84465.07,5.09,2029-12-01
E013059,Kabir,Finance,40,27.0,72448.75,5.92,2029-12-01
E013060,Nisha,Operations,45,15.0,70349.02,2.84,2029-12-02
E013061,Diya,Engineering,43,22.0,90198.13,5.69,2029-12-02
E013062,Kabir,Sales,35,5.0,103518.26,9.18,2029-12-02
E013063,Kabir,HR,34,14.0,76516.95,2.05,2029-12-03
E013064,Diya,HR,44,30.0,33087.5,3.93,2029-12-03
E013065,Tara,Engineering,46,20.0,72375.05,1.45,2029-12-03
E013066,Aarav,Finance,45,34.0,92065.74,1.03,
E013067,Diya,Marketing,31,6.0,72975.54,8.91,2029-12-04
E013068,Aarav,Engineering,48,24.0,67612.45,8.53,2029-12-04
E013069,Rohan,Marketing,49,22.0,101004.38,5.14,2029-12-05
E013070,Tara,Marketing,47,22.0,106121.25,7.57,2029-12-05
E013071,Nisha,Marketing,33,2.0,129458.05,6.53,2029-12-05
E013072,Tara,HR,49,26.0,67264.96,5.89,2029-12-06
E013073,Kabir,Operations,47,29.0,85255.53,5.0,2029-12-06
E013074,Rohan,Operations,51,15.0,105323.73,1.83,2029-12-06
E013075,Diya,Operations,47,20.0,72589.38,4.2,2029-12-07
E013076,Diya,Sales,60,27.0,98838.36,3.81,2029-12-07
E013077,Nisha,Marketing,51,14.0,59031.47,2.59,2029-12-07
E013078,Rohan,HR,28,22.0,70486.93,8.22,2029-12-08
E013079,Diya,Marketing,42,33.0,54257.06,8.53,2029-12-08
E013080,Tara,Marketing,33,34.0,49728.74,9.53,2029-12-08
E013081,Rohan,Finance,55,32.0,59921.04,5.0,2029-12-09
E013082,Nisha,Finance,36,5.0,65283.85,7.63,2029-12-09
E013083,Kabir,HR,32,7.0,104600.97,7.0,2029-12-09
E013084,Aditya,Marketing,56,7.0,62449.03,4.61,2029-12-10
E013085,Kabir,Marketing,36,31.0,82311.71,8.2,2029-12-10
E013086,Aarav,Sales,49,10.0,40907.85,2.98,2029-12-10
E013087,Aarav,Marketing,43,12.0,73175.9,2.96,2029-12-11
E013088,Kabir,HR,22,30.0,30653.26,4.52,2029-12-11
E013089,Rohan,Finance,25,10.0,42822.04,7.39,2029-12-11
E013090,Diya,Marketing,60,11.0,75146.69,4.93,2029-12-12
E013091,Aarav,Marketing,42,8.0,85910.91,9.13,2029-12-12
E013092,Aditya,Marketing,41,2.0,89782.63,4.53,2029-12-12
E013093,Isha,Engineering,24,2.0,56768.89,8.72,2029-12-13
E013094,Isha,HR,26,19.0,78498.91,6.4,2029-12-13
E013095,Aarav,Finance,37,31.0,77513.67,9.48,2029-12-13
E013096,Aarav,Engineering,59,19.0,77998.91,3.9,2029-12-14
E013097,Aditya,Finance,28,18.0,114220.75,2.44,2029-12-14
E013098,Diya,Marketing,51,21.0,59012.49,9.66,2029-12-14
E013099,Tara,Finance,51,33.0,80773.63,8.99,2029-12-15
E013100,Isha,Engineering,50,2.0,77342.74,7.84,2029-12-15
E013101,Isha,Engineering,52,3.0,95837.03,4.93,2029-12-15
E013102,,HR,23,12.0,58720.36,3.07,2029-12-16
E013103,Aditya,Engineering,39,17.0,82373.09,2.63,2029-12-16
E013104,Nisha,Operations,21,3.0,89983.91,2.02,2029-12-16
E013105,Rohan,Sales,54,14.0,100672.9,5.69,2029-12-17
E013106,Tara,HR,28,26.0,77955.71,8.42,2029-12-17
E013107,Aditya,HR,44,7.0,64860.41,2.03,2029-12-17
E013108,Aditya,Operations,42,7.0,74307.64,2.27,2029-12-18
E013109,Nisha,Operations,23,12.0,57733.13,7.59,2029-12-18
E013110,Kabir,Marketing,30,21.0,100781.11,8.24,2029-12-18
E013111,Isha,Operations,53,17.0,104283.28,4.47,2029-12-19
,Kabir,Finance,41,8.0,1778.24,4.25,2029-12-19
E013113,Diya,Sales,48,32.0,0.0,1.97,2029-12-19
E013114,Nisha,HR,22,2.0,69551.86,5.68,2029-12-20
E013115,Aarav,Finance,55,17.0,67727.53,6.6,2029-12-20
E013116,Aarav,Engineering,50,9.0,120442.52,8.13,2029-12-20
E013117,Diya,Sales,21,11.0,102763.17,8.48,2029-12-21
E013118,Aarav,Engineering,54,0.0,43479.44,3.83,2029-12-21
E013119,Diya,HR,27,26.0,51218.12,4.49,2029-12-21
E013120,Nisha,Finance,25,,94889.75,5.24,2029-12-22
E013121,Isha,Finance,26,1.0,87409.62,3.9,2029-12-22
E013122,Isha,Engineering,21,33.0,91879.96,3.56,2029-12-22
E013123,Tara,Engineering,50,10.0,77847.97,3.6,2029-12-23
E013124,Nisha,Finance,46,13.0,88808.42,7.9,2029-12-23
E013125,Diya,Marketing,61,14.0,52815.02,8.29,2029-12-23
E013126,Isha,Marketing,28,19.0,80063.75,9.38,2029-12-24
E013127,Aarav,Sales,39,21.0,73453.77,7.38,2029-12-24
E013128,Nisha,Sales,58,3.0,115238.6,2.46,2029-12-24
E013129,Aarav,HR,29,10.0,3000000.0,2.42,2029-12-25
E013130,Nisha,Operations,22,12.0,98871.79,5.11,2029-12-25
E013131,Rohan,Marketing,53,33.0,36534.17,1.79,2029-12-25
E013132,Rohan,Finance,40,17.0,101544.79,7.38,2029-12-26
E013133,Aditya,Finance,55,3.0,36548.88,3.51,2029-12-26
E013134,Aditya,Sales,61,24.0,48017.61,7.06,2029-12-26
E013135,Aarav,Operations,56,26.0,70553.98,9.74,2029-12-27
E013136,Aditya,Finance,42,26.0,59073.83,1.63,2029-12-27
E013137,Isha,Finance,38,25.0,54625.97,8.7,2029-12-27
E013138,Tara,Finance,29,10.0,40710.59,3.98,2029-12-28
E013139,Tara,Sales,25,28.0,22386.72,7.14,2029-12-28
E013140,Aarav,Finance,60,2.0,80222.45,8.03,
E013141,Isha,Marketing,22,27.0,86635.52,8.21,2029-12-29
E013142,Diya,Engineering,27,34.0,106416.79,8.5,2029-12-29
E013143,Aarav,HR,39,7.0,62501.53,5.44,2029-12-29
E013144,Tara,HR,33,7.0,76354.35,6.31,2029-12-30
E013145,Aarav,Operations,23,33.0,100256.12,8.76,2029-12-30
E013146,Nisha,HR,47,33.0,74921.0,7.39,2029-12-30
E013147,Diya,Sales,60,31.0,131049.3,7.71,
E013148,Tara,HR,30,,83867.27,8.58,2029-12-31
E013149,,Marketing,61,12.0,59865.06,8.08,2029-12-31
E013150,Aarav,Operations,35,33.0,73223.59,7.73,2030-01-01
E013151,Aarav,Finance,24,32.0,50516.49,4.17,2030-01-01
E013152,Rohan,Finance,51,25.0,14198.78,8.32,2030-01-01
E013153,Aditya,Marketing,38,,42156.76,7.52,2030-01-02
E013154,Aarav,Marketing,42,24.0,-2142.87,8.3,2030-01-02
E013155,Diya,Operations,32,19.0,60343.26,7.21,2030-01-02
E013156,Tara,Finance,34,16.0,59587.37,4.45,2030-01-03
E013157,Aarav,Marketing,29,13.0,59995.51,8.24,2030-01-03
E013158,Tara,Finance,39,14.0,47234.11,6.37,2030-01-03
E013159,Isha,Marketing,41,27.0,50213.45,6.17,2030-01-04
E013160,Aarav,Marketing,58,4.0,56171.27,6.85,2030-01-04
E013161,Aditya,Operations,53,19.0,58489.59,5.95,2030-01-04
E013162,Kabir,Operations,53,4.0,58121.53,3.34,2030-01-05
E013163,Rohan,Operations,55,5.0,76790.53,7.24,2030-01-05
E013164,Aarav,Marketing,56,33.0,59138.58,7.93,2030-01-05
E013165,Diya,Operations,45,14.0,113111.93,8.92,2030-01-06
E013166,Nisha,Engineering,27,10.0,79887.08,1.75,2030-01-06
E013167,Kabir,Operations,39,34.0,101863.87,7.01,2030-01-06
E013168,,Engineering,27,14.0,75755.2,8.65,2030-01-07
E013169,Tara,Marketing,25,9.0,54700.39,2.32,2030-01-07
E013170,Diya,Operations,39,21.0,80674.89,2.33,2030-01-07
E013171,Aditya,Operations,34,23.0,71686.74,1.99,2030-01-08
E013172,Nisha,Marketing,49,7.0,53106.19,9.52,2030-01-08
E013173,Tara,Operations,55,19.0,42353.29,7.69,2030-01-08
E013174,Kabir,Finance,23,21.0,92217.17,2.87,2030-01-09
E013175,Nisha,Marketing,60,0.0,96991.75,5.85,2030-01-09
E013176,Diya,Operations,52,15.0,59197.48,5.61,2030-01-09
E013177,Rohan,Engineering,41,4.0,52787.59,8.3,2030-01-10
E013178,Rohan,Engineering,37,21.0,96640.7,6.32,2030-01-10
E013179,Isha,Engineering,60,6.0,70699.53,4.87,2030-01-10
E013180,Isha,Finance,50,5.0,70758.98,5.38,2030-01-11
E013181,Diya,Sales,52,18.0,29488.14,7.4,2030-01-11
E013182,Diya,Sales,21,27.0,65568.34,8.19,2030-01-11
E013183,Aarav,Operations,30,15.0,76359.18,8.69,2030-01-12
E013184,Aarav,Finance,28,23.0,52609.02,2.22,2030-01-12
E013185,Diya,Eng,43,31.0,60206.68,2.61,2030-01-12
E013186,Aarav,Operations,21,14.0,65574.49,4.97,2030-01-13
E013187,Nisha,Marketing,61,2.0,49635.22,5.33,2030-01-13
E013188,Tara,Marketing,57,5.0,87986.57,4.04,2030-01-13
E013189,Isha,Sales,57,10.0,99904.24,1.7,2030-01-14
E013190,Tara,Operations,51,31.0,58122.33,1.98,2030-01-14
E013191,Tara,Finance,43,26.0,9841.55,4.08,2030-01-14
E013192,Kabir,Marketing,36,26.0,54487.46,1.76,2030-01-15
E013193,Diya,HR,28,32.0,73490.25,2.44,2030-01-15
E013194,Kabir,Sales,49,33.0,60376.57,1.06,2030-01-15
E013195,Kabir,Finance,38,22.0,114203.25,10.0,2030-01-16
E013196,Aditya,Sales,34,11.0,71697.69,9.22,2030-01-16
E013197,Nisha,Sales,24,15.0,43182.41,8.93,2030-01-16
E013198,Tara,Sales,52,31.0,75499.55,3.74,2030-01-17
E013199,Kabir,HR,52,7.0,113308.73,2.26,2030-01-17
E013200,Diya,Operations,45,14.0,46618.93,3.1,2030-01-17
E013201,Diya,Engineering,29,0.0,73162.08,3.77,2030-01-18
E013202,Rohan,Finance,34,26.0,102485.73,3.99,2030-01-18
E013203,Kabir,Sales,39,9.0,69292.8,8.26,2030-01-18
E013204,Tara,Finance,39,13.0,68322.49,9.19,2030-01-19
E013205,Diya,Sales,60,4.0,68851.5,4.29,2030-01-19
E013206,Isha,Sales,47,13.0,93431.08,6.06,2030-01-19
E013207,Aarav,Operations,39,11.0,100600.49,3.76,2030-01-20
E013208,Kabir,Engineering,39,1.0,123783.39,1.05,2030-01-20
E013209,Kabir,Finance,57,19.0,103211.21,6.01,2030-01-20
E013210,Diya,Finance,22,12.0,74235.45,7.33,2030-01-21
E013211,Kabir,Engineering,53,30.0,49761.48,8.71,2030-01-21
E013212,Isha,Operations,25,1.0,75298.02,4.67,2030-01-21
E013213,Isha,Sales,61,32.0,94724.14,1.89,2030-01-22
E013214,Nisha,Sales,46,18.0,90022.49,9.17,2030-01-22
E013215,Nisha,Sales,28,17.0,63202.37,7.66,2030-01-22
E013216,Rohan,Finance,53,12.0,20777.2,15.0,2030-01-23
E013217,Tara,Finance,40,19.0,91010.09,2.96,2030-01-23
E013218,Diya,Sales,31,32.0,90540.71,9.73,2030-01-23
E013219,Rohan,HR,40,12.0,76581.84,6.64,
E013220,Aarav,Sales,21,17.0,106816.87,8.47,2030-01-24
E013221,Aarav,Sales,34,20.0,56351.42,4.78,2030-01-24
E013222,Isha,Marketing,34,22.0,64506.72,1.51,2030-01-25
E013223,Isha,Engineering,48,24.0,53055.12,4.3,2030-01-25
E013224,Isha,HR,37,25.0,46854.17,4.93,2030-01-25
E013225,Aarav,Engineering,23,34.0,62471.14,4.14,2030-01-26
E013226,Isha,HR,38,2.0,87623.02,9.68,2030-01-26
E013227,Kabir,Marketing,27,4.0,69683.39,7.78,2030-01-26
E013228,Aarav,Sales,37,6.0,24371.2,9.18,2030-01-27
E013229,Tara,Sales,33,18.0,42513.02,8.12,2030-01-27
E013230,Isha,Finance,46,33.0,37586.3,3.02,2030-01-27
E013231,Nisha,HR,41,30.0,104376.53,8.45,2030-01-28
E013232,Nisha,Operations,41,0.0,54838.93,3.51,2030-01-28
E013233,Aditya,HR,39,33.0,78960.92,15.0,2030-01-28
E013234,Diya,Sales,33,16.0,58087.22,5.68,2030-01-29
E013235,Rohan,HR,23,10.0,38483.85,8.94,2030-01-29
E013236,Nisha,Sales,31,34.0,19758.41,9.05,2030-01-29
E013237,Tara,Marketing,44,15.0,92031.37,5.01,2030-01-30
E013238,Nisha,Marketing,37,27.0,85114.75,1.54,2030-01-30
E013239,Aditya,Engineering,33,6.0,111793.62,6.84,2030-01-30
E013240,Rohan,Operations,52,5.0,65037.09,2.09,2030-01-31
E013241,Aarav,Operations,53,18.0,98957.22,3.89,2030-01-31
E013242,Kabir,HR,23,24.0,45302.39,4.26,2030-01-31
E013243,Diya,HR,39,31.0,30102.74,9.81,2030-02-01
E013244,Aarav,Marketing,54,19.0,36852.68,9.61,2030-02-01
E013245,Aditya,Marketing,44,9.0,119814.61,1.73,2030-02-01
E013246,Tara,Engineering,54,11.0,63559.96,8.67,2030-02-02
E013247,Nisha,Sales,54,10.0,26810.65,8.88,2030-02-02
E013248,Diya,HR,21,6.0,86562.29,5.4,2030-02-02
E013249,Diya,Engineering,25,12.0,65057.21,3.72,2030-02-03
E013250,Tara,Engineering,44,13.0,59578.47,2.77,2030-02-03
E013251,Tara,Sales,50,7.0,88135.05,5.17,2030-02-03
E013252,Kabir,HR,52,30.0,30095.42,7.96,2030-02-04
E013253,Aarav,Engineering,60,33.0,100883.9,5.31,2030-02-04
E013254,Diya,Finance,34,33.0,84863.84,7.7,2030-02-04
E013255,Nisha,Operations,26,3.0,97909.08,3.85,2030-02-05
E013256,Aditya,Sales,55,24.0,107668.45,4.77,2030-02-05
E013257,Rohan,Finance,40,6.0,39325.28,2.19,2030-02-05
E013258,Aditya,HR,26,2.0,78343.78,2.57,2030-02-06
E013259,Kabir,Sales,60,7.0,95246.46,1.53,2030-02-06
E013260,Diya,HR,34,15.0,49864.15,4.79,2030-02-06
E013261,Tara,Engineering,43,23.0,88838.77,3.63,2030-02-07
E013262,Tara,Operations,27,0.0,70245.79,9.09,2030-02-07
E013263,Rohan,Sales,58,23.0,28134.39,8.16,2030-02-07
E013264,Diya,Operations,52,9.0,135924.4,8.37,2030-02-08
E013265,Diya,Finance,41,21.0,92938.11,8.03,2030-02-08
E013266,Nisha,HR,33,19.0,81822.01,1.11,2030-02-08
E013267,Nisha,Marketing,32,18.0,67764.53,4.27,2030-02-09
E013268,Tara,Engineering,34,34.0,75280.9,6.34,2030-02-09
E013269,Aditya,Sales,30,21.0,52708.57,1.66,2030-02-09
E013270,Rohan,Sales,53,16.0,58559.67,6.33,2030-02-10
E013271,Aditya,Marketing,39,27.0,67813.36,9.58,2030-02-10
E013272,Aarav,Sales,34,5.0,57991.1,7.9,2030-02-10
E013273,Aditya,HR,56,21.0,72106.68,3.05,2030-02-11
E013274,Rohan,Marketing,36,32.0,37627.55,5.23,2030-02-11
E013275,Diya,Finance,25,27.0,62382.01,9.32,2030-02-11
E013276,Aditya,Operations,34,25.0,59458.52,7.34,2030-02-12
E013277,Kabir,Finance,54,11.0,61839.33,9.68,2030-02-12
E013278,Isha,Operations,31,4.0,74371.52,9.89,2030-02-12
E013279,Aditya,Sales,33,31.0,89356.34,7.32,2030-02-13
E013280,Nisha,Marketing,22,4.0,87316.92,1.47,2030-02-13
E013281,Isha,Sales,34,,20297.13,2.84,2030-02-13
E013282,Tara,Finance,34,14.0,79659.69,2.1,2030-02-14
E013283,Nisha,Sales,21,20.0,103046.25,9.96,2030-02-14
E013284,Aarav,Sales,38,7.0,106191.04,8.97,2030-02-14
E013285,Rohan,Operations,39,4.0,73594.2,7.89,2030-02-15
E013286,Kabir,Operations,42,3.0,64574.2,6.35,2030-02-15
E013287,Tara,Marketing,37,17.0,88624.35,3.94,2030-02-15
E013288,Diya,Operations,21,5.0,28718.48,6.6,2030-02-16
E013289,Isha,Marketing,47,28.0,50134.28,9.79,2030-02-16
E013290,Aditya,HR,35,25.0,83674.29,2.16,2030-02-16
E013291,Aditya,HR,59,19.0,58429.68,3.42,2030-02-17
E013292,Nisha,HR,21,7.0,86263.42,4.67,2030-02-17
E013293,Kabir,Finance,42,11.0,63544.69,6.05,2030-02-17
E013294,Rohan,Sales,56,11.0,55937.62,8.68,2030-02-18
E013295,Nisha,Marketing,31,0.0,102443.96,5.71,2030-02-18
E013296,Rohan,Marketing,56,21.0,58378.1,5.39,2030-02-18
E013297,Isha,Engineering,21,31.0,71716.79,1.17,2030-02-19
E013298,Kabir,HR,23,19.0,58711.79,3.73,2030-02-19
E013299,Aditya,HR,47,3.0,99795.64,1.24,2030-02-19
E013300,Aarav,Marketing,28,11.0,55977.55,2.17,2030-02-20
E013301,Rohan,Sales,54,10.0,46655.17,3.29,2030-02-20
E013302,Aditya,HR,32,17.0,71117.19,3.46,2030-02-20
E013303,Nisha,Engineering,46,24.0,34071.28,2.59,2030-02-21
E013304,Diya,HR,52,0.0,64822.94,5.06,2030-02-21
E013305,Diya,Operations,45,18.0,68628.26,1.08,2030-02-21
E013306,Tara,Sales,51,12.0,74715.63,5.28,2030-02-22
E013307,Aditya,Sales,44,25.0,37110.66,4.01,2030-02-22
E013308,Kabir,HR,51,32.0,62858.48,9.26,2030-02-22
E013309,Kabir,Sales,32,30.0,45421.57,8.09,2030-02-23
E013310,Rohan,Marketing,21,19.0,46143.22,7.1,2030-02-23
E013311,Diya,Marketing,51,5.0,55418.04,5.51,2030-02-23
E013312,Rohan,Marketing,32,11.0,34780.0,2.77,2030-02-24
E013313,Nisha,Engineering,43,7.0,63868.61,5.76,2030-02-24
E013314,Diya,Sales,60,16.0,22223.57,1.05,2030-02-24
E013315,Aditya,HR,43,6.0,48056.08,6.06,2030-02-25
E013316,Kabir,Finance,38,6.0,89766.19,8.96,2030-02-25
E013317,Diya,Sales,60,13.0,75366.0,4.07,2030-02-25
E013318,Diya,HR,24,33.0,90046.68,3.81,2030-02-26
E013319,Isha,Finance,61,7.0,46838.88,1.6,2030-02-26
E013320,Diya,Finance,36,31.0,78926.3,3.55,2030-02-26
E013321,Isha,Operations,33,2.0,103943.79,3.34,2030-02-27
E013322,Aditya,Engineering,60,7.0,92579.07,8.29,2030-02-27
E013323,Aarav,Operations,59,13.0,48737.58,2.87,2030-02-27
E013324,Aarav,Marketing,54,32.0,68271.56,2.69,2030-02-28
E013325,Isha,Marketing,54,2.0,78638.29,2.41,2030-02-28
E013326,Tara,Engineering,37,28.0,76490.12,6.26,2030-02-28
E013327,Rohan,Sales,43,2.0,115562.17,4.95,2030-03-01
E013328,Diya,Marketing,54,1.0,83466.54,5.74,2030-03-01
E013329,Nisha,Marketing,34,27.0,37199.73,2.89,2030-03-01
E013330,Aarav,Engineering,35,0.0,78585.55,5.61,2030-03-02
E013331,Aditya,Marketing,24,19.0,87771.16,7.18,2030-03-02
E013332,Rohan,Sales,27,15.0,87688.35,8.24,2030-03-02
E013333,Aarav,Operations,36,14.0,77726.27,1.47,2030-03-03
,Kabir,Marketing,40,3.0,79106.72,7.83,2030-03-03
E013335,Rohan,Finance,31,9.0,24295.61,4.57,2030-03-03
E013336,Tara,Marketing,33,1.0,62430.14,7.35,2030-03-04
E013337,Diya,Finance,39,4.0,70442.35,5.88,2030-03-04
E013338,Aarav,Operations,26,28.0,47335.99,6.16,2030-03-04
E013339,Aarav,Marketing,47,23.0,59110.28,7.6,2030-03-05
E013340,Nisha,Finance,38,21.0,91836.06,3.81,2030-03-05
E013341,Diya,Marketing,48,17.0,65288.29,8.82,2030-03-05
E013342,Rohan,Engineering,57,28.0,60366.47,4.73,2030-03-06
E013343,Aarav,Finance,33,28.0,64431.33,1.13,2030-03-06
E013344,Aarav,Marketing,55,30.0,97529.16,7.7,2030-03-06
E013345,Diya,Engineering,31,12.0,76957.78,9.0,2030-03-07
E013346,Tara,Finance,45,12.0,53312.35,7.89,2030-03-07
E013347,Tara,Sales,45,,47779.29,6.45,
E013348,Isha,Marketing,27,13.0,57174.3,9.66,2030-03-08
E013349,Tara,Finance,42,12.0,91299.49,8.23,2030-03-08
E013350,Nisha,Marketing,45,18.0,60470.04,5.85,2030-03-08
E013351,Isha,HR,30,2.0,112922.09,5.38,2030-03-09
E013352,Isha,Operations,45,23.0,83297.84,5.28,2030-03-09
E013353,Kabir,Finance,23,21.0,119459.58,6.54,2030-03-09
E013354,Diya,Operations,48,3.0,74679.08,6.55,2030-03-10
E013355,Aditya,engineering,54,12.0,73037.78,9.08,2030-03-10
E013356,Aditya,Marketing,54,9.0,77739.62,1.54,2030-03-10
,Nisha,Sales,46,6.0,41904.63,9.85,2030-03-11
E013358,Diya,Engineering,57,21.0,56713.95,4.4,2030-03-11
E013359,Aditya,Marketing,46,25.0,66070.25,9.75,2030-03-11
E013360,Kabir,Finance,28,15.0,48031.79,1.92,2030-03-12
E013361,Isha,Marketing,48,9.0,45393.79,2.63,2030-03-12
E013362,Diya,Engineering,48,28.0,92407.62,3.75,2030-03-12
E013363,Diya,Finance,23,2.0,79467.2,9.25,2030-03-13
E013364,Diya,Operations,49,32.0,88177.4,3.38,2030-03-13
E013365,Rohan,Operations,29,4.0,83782.64,8.16,2030-03-13
E013366,Tara,Finance,46,8.0,23953.2,3.53,2030-03-14
E013367,,Sales,37,25.0,40171.09,8.34,2030-03-14
E013368,Isha,Marketing,60,,49051.8,8.73,2030-03-14
E013369,Diya,Sales,59,10.0,30360.21,1.21,2030-03-15
E013370,Tara,Engineering,32,3.0,98312.8,9.16,2030-03-15
E013371,Rohan,Marketing,61,24.0,69098.38,4.47,2030-03-15
E013372,Diya,HR,31,32.0,72629.04,5.89,2030-03-16
E013373,Kabir,Sales,32,4.0,95186.3,1.76,2030-03-16
E013374,Isha,Sales,31,3.0,75570.19,4.58,2030-03-16
E013375,Diya,Marketing,61,0.0,61598.82,2.27,2030-03-17
E013376,Diya,Sales,39,30.0,57429.82,7.55,2030-03-17
E013377,Isha,Finance,54,4.0,100098.69,7.55,2030-03-17
E013378,Rohan,Sales,29,24.0,61330.34,2.21,2030-03-18
E013379,Tara,HR,48,33.0,113527.65,6.7,2030-03-18
E013380,Kabir,Marketing,21,10.0,24885.0,2.12,2030-03-18
E013381,Tara,Engineering,47,9.0,69433.57,9.04,2030-03-19
E013382,Aditya,Engineering,36,15.0,59951.02,1.28,2030-03-19
E013383,Kabir,Engineering,42,17.0,41150.23,1.25,2030-03-19
E013384,Rohan,Finance,55,21.0,49040.77,4.26,2030-03-20
E013385,Aditya,Operations,30,26.0,45150.57,9.07,2030-03-20
E013386,Kabir,Operations,61,19.0,77255.94,1.95,2030-03-20
E013387,Diya,Engineering,27,32.0,48548.19,8.76,2030-03-21
E013388,Rohan,HR,32,3.0,53645.13,1.41,2030-03-21
E013389,Rohan,Finance,35,23.0,72372.86,7.54,2030-03-21
E013390,Kabir,Finance,25,25.0,87735.36,9.82,2030-03-22
E013391,Diya,Sales,29,16.0,35858.23,4.8,2030-03-22
E013392,Isha,HR,27,29.0,21465.67,2.22,2030-03-22
E013393,Aditya,Marketing,37,17.0,55519.43,3.13,2030-03-23
E013394,Aarav,HR,49,26.0,79768.77,6.64,2030-03-23
E013395,Rohan,Marketing,36,26.0,65148.09,9.93,2030-03-23
E013396,Aarav,Finance,46,24.0,46049.09,3.12,2030-03-24
E013397,Aditya,Finance,44,,79241.64,2.89,2030-03-24
E013398,Rohan,Engineering,33,17.0,51920.77,4.86,2030-03-24
E013399,Aarav,Sales,31,18.0,84258.38,7.98,2030-03-25
E013400,Aditya,HR,60,0.0,60807.12,1.79,2030-03-25
E013401,Diya,Engineering,56,20.0,46281.81,1.35,2030-03-25
E013402,Aditya,Sales,27,3.0,109014.05,1.96,2030-03-26
E013403,Rohan,Engineering,40,16.0,104573.76,4.32,2030-03-26
E013404,Aditya,Engineering,38,1.0,73044.25,8.27,2030-03-26
E013405,Nisha,HR,47,12.0,92685.44,6.8,2030-03-27
E013406,Tara,Marketing,40,17.0,66305.55,3.82,2030-03-27
E013407,Tara,Sales,44,2.0,37194.4,3.81,2030-03-27
E013408,Diya,Finance,43,29.0,51778.7,9.86,2030-03-28
E013409,Aditya,Engineering,54,27.0,75010.39,7.16,2030-03-28
E013410,Aarav,Sales,33,2.0,83788.19,6.0,2030-03-28
E013411,Aarav,Marketing,31,19.0,102125.96,2.11,2030-03-29
E013412,Kabir,Sales,47,19.0,50831.73,3.67,2030-03-29
E013413,Aarav,HR,52,7.0,83822.37,9.44,2030-03-29
,Nisha,Engineering,60,13.0,45125.56,7.52,2030-03-30
E013415,Diya,Engineering,57,7.0,77785.34,1.19,2030-03-30
E013416,Nisha,Sales,21,25.0,42999.07,8.66,2030-03-30
E013417,Aarav,Sales,50,,91226.2,6.48,2030-03-31
E013418,Aditya,Engineering,21,6.0,76626.71,4.57,2030-03-31
E013419,Aditya,Engineering,33,34.0,34251.74,3.62,2030-03-31
E013420,Isha,Engineering,55,13.0,81080.07,8.66,2030-04-01
E013421,Rohan,Marketing,45,5.0,11000.3,9.89,2030-04-01
E013422,Tara,Sales,42,12.0,55735.68,8.61,2030-04-01
E013423,Diya,Marketing,27,14.0,81633.74,7.44,2030-04-02
E013424,,Sales,29,10.0,65950.66,7.64,2030-04-02
E013425,Kabir,HR,30,15.0,52593.05,4.94,2030-04-02
E013426,Tara,HR,54,16.0,38042.8,7.57,2030-04-03
E013427,Aditya,Finance,23,-1.0,21554.82,2.92,2030-04-03
E013428,Aditya,Finance,24,13.0,50020.84,5.54,2030-04-03
E013429,Diya,Marketing,51,5.0,37769.1,4.27,2030-04-04
E013430,Aditya,Finance,26,10.0,77876.95,6.36,2030-04-04
E013431,Diya,Finance,41,30.0,34011.9,1.78,2030-04-04
E013432,Isha,Operations,55,24.0,46025.16,1.39,2030-04-05
E013433,Isha,Engineering,25,1.0,86838.33,2.4,2030-04-05
E013434,Aditya,Finance,25,18.0,112009.13,4.2,2030-04-05
E013435,Nisha,Sales,21,30.0,41966.04,9.94,2030-04-06
E013436,Kabir,Marketing,58,3.0,83982.64,5.33,2030-04-06
E013437,Nisha,Sales,53,24.0,95920.13,6.22,2030-04-06
E013438,Diya,HR,32,26.0,50125.29,2.96,2030-04-07
E013439,Rohan,Sales,37,32.0,59038.84,6.49,2030-04-07
E013440,Nisha,Finance,54,14.0,72738.81,6.35,2030-04-07
E013441,Nisha,Engineering,56,18.0,74921.13,6.21,2030-04-08
E013442,Tara,Sales,31,14.0,76610.29,9.2,2030-04-08
E013443,Tara,Finance,29,12.0,80314.69,5.52,2030-04-08
E013444,Isha,Marketing,49,4.0,116517.79,1.78,2030-04-09
E013445,Nisha,Engineering,59,8.0,66573.01,6.95,2030-04-09
E013446,Aditya,Operations,21,1.0,94431.45,9.01,2030-04-09
E013447,Diya,HR,30,5.0,4405.13,4.43,2030-04-10
E013448,Diya,Operations,32,6.0,54423.94,1.34,2030-04-10
E013449,Tara,Marketing,52,5.0,18082.59,2.64,2030-04-10
E013450,Tara,Operations,33,13.0,140747.65,8.14,2030-04-11
E013451,Rohan,Marketing,26,3.0,107513.39,1.47,2030-04-11
E013452,Kabir,Operations,26,11.0,41793.01,9.59,2030-04-11
E013453,Isha,Marketing,54,23.0,50051.72,8.75,2030-04-12
E013454,Nisha,Operations,45,,34911.59,7.3,2030-04-12
E013455,Rohan,Engineering,56,24.0,70008.92,3.27,2030-04-12
E013456,Isha,Marketing,45,8.0,72511.99,6.1,2030-04-13
E013457,Rohan,Finance,31,32.0,43387.35,1.71,2030-04-13
E013458,Aditya,Finance,32,8.0,77998.89,6.07,2030-04-13
E013459,Aditya,Sales,45,13.0,44326.22,3.96,2030-04-14
E013460,Kabir,Engineering,54,4.0,58217.93,9.34,2030-04-14
E013461,Nisha,Sales,25,30.0,82384.99,4.17,2030-04-14
E013462,Isha,Sales,31,34.0,44955.19,1.7,2030-04-15
E013463,Tara,HR,39,8.0,20840.36,3.01,2030-04-15
E013464,Aarav,Marketing,43,29.0,70802.25,7.19,2030-04-15
E013465,Rohan,Operations,47,26.0,63829.98,9.57,2030-04-16
E013466,Aditya,HR,60,15.0,134061.9,5.82,2030-04-16
E013467,Nisha,Engineering,28,27.0,103134.95,3.18,2030-04-16
E013468,Aarav,Marketing,36,14.0,83032.23,8.4,2030-04-17
E013469,Tara,HR,33,24.0,41183.27,8.64,2030-04-17
E013470,Nisha,Operations,33,2.0,60814.59,5.42,2030-04-17
E013471,Tara,HR,36,23.0,33893.29,4.83,2030-04-18
E013472,Tara,Operations,33,28.0,73212.92,7.8,2030-04-18
E013473,Rohan,HR,44,16.0,38606.77,1.81,2030-04-18
E013474,Kabir,Sales,58,2.0,105617.54,6.81,2030-04-19
E013475,Kabir,Sales,54,17.0,73688.64,1.01,2030-04-19
E013476,Diya,Finance,55,23.0,74725.98,1.57,2030-04-19
E013477,Diya,Sales,31,26.0,62348.43,4.94,2030-04-20
E013478,Diya,Finance,24,2.0,35618.51,5.82,2030-04-20
E013479,Isha,Operations,41,5.0,81738.77,5.38,2030-04-20
E013480,Kabir,Engineering,26,34.0,124.17,2.34,2030-04-21
E013481,Kabir,Sales,22,21.0,64564.41,4.03,2030-04-21
E013482,Diya,Finance,27,9.0,103485.14,1.48,2030-04-21
E013483,Nisha,Operations,40,11.0,86395.99,7.6,2030-04-22
E013484,Diya,Marketing,47,4.0,89953.2,1.95,2030-04-22
E013485,Kabir,HR,56,34.0,87064.88,4.18,2030-04-22
E013486,Tara,Finance,50,,66473.5,9.35,2030-04-23
E013487,Tara,Engineering,59,31.0,64349.37,5.03,2030-04-23
E013488,Kabir,Finance,42,28.0,72664.7,1.69,2030-04-23
E013489,Tara,Operations,50,29.0,51853.46,9.33,2030-04-24
E013490,Aditya,Finance,58,16.0,22405.95,7.84,2030-04-24
E013491,Aditya,Operations,27,19.0,52058.88,8.95,2030-04-24
E013492,Kabir,Sales,40,18.0,93496.01,2.44,2030-04-25
E013493,Kabir,HR,22,3.0,54037.03,8.21,2030-04-25
E013494,Nisha,Operations,47,8.0,44765.75,8.41,2030-04-25
E013495,Diya,HR,28,13.0,69398.58,9.84,2030-04-26
E013496,Aarav,Operations,37,21.0,74035.4,6.71,2030-04-26
E013497,Kabir,Sales,35,5.0,76542.09,2.87,2030-04-26
E013498,Tara,Operations,54,34.0,47715.92,7.37,2030-04-27
E013499,Rohan,Engineering,23,34.0,141507.43,2.0,2030-04-27
E013500,Tara,HR,55,0.0,70060.9,1.61,2030-04-27
E013501,Isha,Engineering,61,22.0,122677.86,3.22,2030-04-28
E013502,Aditya,HR,31,25.0,126584.92,3.55,2030-04-28
E013503,Rohan,Marketing,27,12.0,59397.5,4.4,2030-04-28
E013504,Isha,Sales,38,29.0,113165.18,6.84,2030-04-29
E013505,Diya,Sales,40,27.0,59312.15,6.81,2030-04-29
E013506,Isha,Engineering,21,8.0,35770.45,6.54,
E013507,Aditya,Operations,31,19.0,64433.5,1.19,2030-04-30
E013508,Rohan,Operations,61,15.0,56067.38,8.54,2030-04-30
E013509,Nisha,Engineering,58,14.0,65587.5,4.17,2030-04-30
E013510,Isha,Engineering,58,25.0,88543.14,6.36,2030-05-01
E013511,Aarav,Marketing,61,14.0,67053.3,9.55,2030-05-01
,Rohan,Sales,61,6.0,78620.75,4.99,2030-05-01
E013513,Kabir,Finance,59,32.0,95741.65,5.98,2030-05-02
E013514,Nisha,Engineering,44,14.0,90534.54,1.21,2030-05-02
E013515,Kabir,Sales,25,34.0,65606.89,6.74,2030-05-02
E013516,Tara,Finance,45,7.0,107495.71,7.96,2030-05-03
E013517,Nisha,Engineering,41,11.0,74791.77,3.6,2030-05-03
E013518,Diya,Operations,22,5.0,89731.7,1.35,2030-05-03
E013519,Aditya,Finance,-1,1.0,59660.34,8.61,2030-05-04
E013520,Isha,HR,34,31.0,58200.93,9.57,2030-05-04
E013521,Aarav,Marketing,39,13.0,76250.45,2.07,2030-05-04
E013522,Aditya,Marketing,39,21.0,35672.51,7.71,2030-05-05
E013523,Aarav,Marketing,41,5.0,56986.49,7.84,2030-05-05
E013524,Kabir,Finance,41,20.0,62708.49,6.54,2030-05-05
E013525,Kabir,Sales,21,30.0,41876.73,2.3,2030-05-06
E013526,Kabir,HR,45,15.0,74361.35,3.5,2030-05-06
E013527,Diya,Finance,54,7.0,52933.46,9.25,2030-05-06
E013528,Tara,Marketing,25,20.0,102237.72,4.8,2030-05-07
E013529,Nisha,Sales,32,14.0,81204.87,7.52,2030-05-07
E013530,Aditya,Sales,36,17.0,37299.05,5.7,2030-05-07
E013531,Aarav,HR,61,16.0,103573.48,4.24,2030-05-08
E013532,Aarav,Engineering,56,29.0,88509.74,5.22,2030-05-08
E013533,Kabir,Sales,42,14.0,47352.05,6.18,2030-05-08
E013534,Aarav,Engineering,38,14.0,97569.77,8.0,2030-05-09
E013535,Nisha,Engineering,46,30.0,81564.66,7.49,2030-05-09
E013536,Diya,Engineering,37,31.0,108726.83,4.92,2030-05-09
E013537,Kabir,Marketing,59,17.0,38637.53,7.07,2030-05-10
E013538,Isha,Engineering,43,16.0,105908.13,1.94,2030-05-10
E013539,Aditya,Operations,56,21.0,40685.77,8.2,2030-05-10
E013540,Rohan,Engineering,34,11.0,58114.27,1.75,2030-05-11
E013541,Kabir,Finance,46,28.0,51237.31,4.47,2030-05-11
E013542,Diya,Finance,55,20.0,74257.89,6.08,2030-05-11
E013543,Isha,HR,44,8.0,66528.18,8.12,2030-05-12
E013544,Aditya,Operations,56,1.0,81555.71,1.78,2030-05-12
E013545,Diya,Engineering,50,1.0,92195.47,6.29,2030-05-12
E013546,Kabir,Operations,23,13.0,63018.87,5.86,2030-05-13
E013547,Rohan,Sales,48,21.0,80726.19,4.11,2030-05-13
E013548,,Marketing,39,11.0,34096.56,9.53,2030-05-13
E013549,Kabir,Engineering,29,16.0,56626.75,5.91,2030-05-14
E013550,Aditya,Marketing,52,5.0,54884.94,1.42,2030-05-14
E013551,Nisha,Engineering,56,4.0,35018.25,9.24,2030-05-14
E013552,Tara,Engineering,50,25.0,66801.71,6.47,2030-05-15
E013553,Nisha,Engineering,27,16.0,110312.35,4.95,2030-05-15
E013554,Isha,Finance,22,15.0,64439.88,6.86,2030-05-15
E013555,Tara,Marketing,22,10.0,31823.07,5.45,2030-05-16
E013556,Aarav,Sales,36,15.0,35780.28,1.53,2030-05-16
E013557,Diya,HR,46,4.0,93587.26,5.04,2030-05-16
E013558,Aditya,Sales,54,29.0,99604.52,4.36,2030-05-17
E013559,Tara,Engineering,60,10.0,91072.32,4.54,2030-05-17
E013560,Isha,Marketing,36,7.0,78811.69,2.76,2030-05-17
E013561,Isha,Finance,58,31.0,56685.99,4.89,2030-05-18
E013562,Diya,Finance,30,9.0,47243.35,1.16,2030-05-18
E013563,Kabir,Sales,28,12.0,56535.99,8.45,2030-05-18
E013564,Isha,Engineering,46,17.0,54681.72,9.81,2030-05-19
E013565,Isha,Finance,27,20.0,76081.21,1.43,
E013566,Tara,Engineering,56,24.0,128056.11,9.08,2030-05-19
E013567,Aditya,Finance,29,8.0,24371.74,2.01,2030-05-20
E013568,Rohan,Sales,25,26.0,96954.24,4.98,2030-05-20
E013569,Kabir,HR,54,10.0,97295.51,3.54,2030-05-20
E013570,Kabir,Marketing,51,0.0,53035.25,8.57,2030-05-21
E013571,Aditya,Finance,50,17.0,76478.7,6.69,2030-05-21
E013572,Rohan,HR,49,30.0,3000000.0,2.86,2030-05-21
E013573,Nisha,HR,29,30.0,82401.81,7.68,2030-05-22
E013574,Tara,Marketing,45,32.0,74018.82,1.2,2030-05-22
E013575,Rohan,Engineering,45,12.0,95409.13,7.1,2030-05-22
E013576,Nisha,HR,42,33.0,37101.28,4.57,2030-05-23
E013577,Nisha,Sales,46,24.0,61617.65,3.02,2030-05-23
E013578,Isha,Finance,50,22.0,71107.89,2.13,2030-05-23
E013579,Isha,Marketing,41,20.0,44157.3,4.15,2030-05-24
E013580,Kabir,Engineering,41,4.0,46681.66,8.12,2030-05-24
E013581,Isha,Marketing,36,10.0,84508.13,4.9,2030-05-24
E013582,Aarav,Finance,35,22.0,109434.83,4.7,2030-05-25
E013583,Nisha,Marketing,56,16.0,88215.76,3.6,2030-05-25
E013584,Diya,Sales,61,6.0,54337.95,5.83,2030-05-25
E013585,Isha,Finance,21,0.0,85523.31,7.28,2030-05-26
E013586,Nisha,Engineering,34,20.0,92401.54,3.14,2030-05-26
E013587,Nisha,Sales,42,10.0,121057.29,4.8,2030-05-26
E013588,Aarav,Finance,50,28.0,61273.09,2.59,2030-05-27
E013589,Diya,HR,52,16.0,77610.45,7.32,2030-05-27
E013590,Rohan,Operations,53,17.0,43734.84,5.9,2030-05-27
E013591,Diya,Finance,41,4.0,52072.52,8.27,2030-05-28
E013592,Diya,Operations,35,4.0,46412.23,4.25,2030-05-28
E013593,Aditya,Finance,27,18.0,60461.74,2.43,2030-05-28
E013594,Nisha,Marketing,22,26.0,75633.93,3.83,2030-05-29
E013595,Kabir,Operations,46,28.0,26169.19,7.73,2030-05-29
E013596,Aarav,Engineering,50,21.0,82532.81,6.77,2030-05-29
E013597,Isha,Sales,60,21.0,49598.21,2.24,2030-05-30
E013598,Kabir,Finance,33,32.0,106324.87,9.65,2030-05-30
E013599,Kabir,Engineering,28,2.0,71282.22,4.5,2030-05-30
E013600,Kabir,HR,28,30.0,105915.84,7.12,2030-05-31
E013601,Aarav,HR,46,8.0,62167.66,4.91,2030-05-31
E013602,Rohan,Sales,22,23.0,96496.58,4.02,2030-05-31
E013603,Aarav,Sales,25,1.0,82919.89,8.66,2030-06-01
E013604,Rohan,Finance,21,25.0,46756.14,2.46,2030-06-01
E013605,Isha,Operations,30,12.0,144801.45,9.56,2030-06-01
E013606,Aarav,Operations,33,31.0,73168.48,7.81,2030-06-02
E013607,Diya,HR,22,23.0,33469.75,1.1,2030-06-02
E013608,Aditya,HR,33,26.0,72425.31,5.0,2030-06-02
E013609,Aarav,Marketing,51,30.0,48184.11,6.79,2030-06-03
E013610,Nisha,Finance,52,0.0,49505.77,8.85,2030-06-03
E013611,,Finance,60,6.0,22440.12,4.05,2030-06-03
E013612,Isha,Marketing,43,27.0,38857.05,4.2,2030-06-04
E013613,Tara,Marketing,23,2.0,37247.63,9.49,2030-06-04
E013614,Aarav,Finance,29,28.0,75031.04,5.65,2030-06-04
E013615,Aarav,Sales,37,12.0,77500.85,5.36,2030-06-05
E013616,Isha,Operations,54,3.0,38632.28,2.42,2030-06-05
E013617,Kabir,HR,31,26.0,18664.81,7.31,2030-06-05
E013618,Aarav,Engineering,58,18.0,74817.82,8.89,2030-06-06
E013619,Kabir,Operations,44,11.0,58638.41,5.92,2030-06-06
E013620,Kabir,HR,54,16.0,60003.9,1.99,2030-06-06
E013621,Isha,Marketing,61,15.0,94226.13,3.9,2030-06-07
E013622,Aarav,Sales,34,21.0,92223.66,9.16,2030-06-07
E013623,Tara,Sales,45,19.0,90651.07,2.34,2030-06-07
E013624,Kabir,Marketing,54,22.0,92831.01,5.07,2030-06-08
E013625,Diya,Marketing,42,28.0,106455.69,3.01,2030-06-08
E013626,Kabir,Finance,31,13.0,74034.4,9.51,2030-06-08
E013627,Aarav,Marketing,21,16.0,102282.64,4.57,2030-06-09
E013628,Aditya,Engineering,35,32.0,69901.73,6.94,2030-06-09
E013629,Aditya,Finance,45,4.0,49274.88,7.06,2030-06-09
E013630,Nisha,Marketing,53,14.0,93108.06,2.65,2030-06-10
E013631,Kabir,Engineering,40,32.0,47163.37,8.02,2030-06-10
E013632,Tara,Marketing,43,27.0,110465.26,4.51,2030-06-10
,Isha,Sales,21,22.0,120490.11,9.26,2030-06-11
E013634,Tara,Operations,30,29.0,92051.19,7.49,2030-06-11
E013635,Rohan,Marketing,38,3.0,92715.27,8.84,2030-06-11
E013636,Tara,Engineering,43,10.0,85849.46,6.99,2030-06-12
E013637,Aarav,Sales,58,34.0,81258.3,8.35,2030-06-12
E013638,Aditya,Operations,59,28.0,105964.73,5.33,2030-06-12
E013639,Tara,HR,51,29.0,103427.02,8.77,2030-06-13
E013640,Isha,HR,38,9.0,37764.77,9.01,2030-06-13
E013641,Tara,Sales,61,15.0,29756.18,8.15,2030-06-13
E013642,Nisha,HR,35,17.0,23765.88,6.58,2030-06-14
E013643,Aditya,Finance,59,10.0,94444.46,1.75,2030-06-14
E013644,Diya,Engineering,31,7.0,61648.41,3.51,2030-06-14
E013645,Aditya,Marketing,45,22.0,63042.68,3.5,2030-06-15
E013646,Rohan,Sales,54,16.0,104590.76,2.31,2030-06-15
E013647,Aarav,Operations,38,31.0,87813.11,8.9,2030-06-15
E013648,Kabir,Finance,46,1.0,106488.12,2.95,2030-06-16
E013649,Tara,Marketing,57,13.0,49106.59,1.01,2030-06-16
E013650,Isha,Marketing,44,22.0,68794.04,1.5,2030-06-16
E013651,Kabir,Operations,28,17.0,91419.87,7.55,2030-06-17
E013652,Aarav,Engineering,31,11.0,100622.62,8.66,2030-06-17
E013653,Diya,HR,27,22.0,95362.75,1.93,2030-06-17
E013654,Isha,Finance,50,18.0,125915.07,6.49,
E013655,Isha,Sales,41,16.0,73119.66,7.42,2030-06-18
E013656,Isha,Operations,40,7.0,61110.55,3.18,2030-06-18
E013657,Rohan,Engineering,32,8.0,60277.99,4.6,2030-06-19
E013658,Kabir,Engineering,48,6.0,77130.32,8.4,2030-06-19
E013659,Rohan,HR,39,3.0,32911.08,1.65,2030-06-19
E013660,Rohan,Engineering,51,12.0,95406.51,2.71,2030-06-20
E013661,Rohan,HR,52,34.0,100111.42,3.47,2030-06-20
E013662,Tara,Sales,57,17.0,86779.27,3.28,2030-06-20
E013663,Aarav,Sales,47,24.0,53077.26,2.9,2030-06-21
E013664,Rohan,Operations,50,20.0,86917.62,9.87,2030-06-21
E013665,Diya,Operations,25,9.0,68808.73,1.22,2030-06-21
E013666,Aarav,HR,53,20.0,106336.85,3.25,2030-06-22
E013667,Aarav,Marketing,39,3.0,52137.62,2.52,2030-06-22
E013668,Kabir,Operations,38,0.0,99511.47,3.68,2030-06-22
E013669,Diya,Marketing,53,34.0,59538.05,1.76,2030-06-23
E013670,Aarav,Operations,34,20.0,45621.95,2.96,2030-06-23
E013671,Rohan,Operations,39,25.0,55235.42,9.18,2030-06-23
E013672,Aditya,Marketing,45,22.0,77222.69,7.14,2030-06-24
E013673,Aarav,Sales,32,34.0,61328.4,3.76,2030-06-24
E013674,Aditya,Sales,24,1.0,89066.43,7.71,2030-06-24
E013675,Tara,Finance,41,7.0,48744.59,2.39,2030-06-25
,Diya,Marketing,59,1.0,40264.4,7.61,2030-06-25
E013677,Kabir,Finance,47,6.0,74325.29,5.79,2030-06-25
E013678,Isha,Engineering,38,19.0,79079.03,4.12,2030-06-26
E013679,Aditya,Sales,36,8.0,41439.58,3.85,2030-06-26
E013680,Kabir,Marketing,24,3.0,47434.97,8.87,2030-06-26
E013681,Aarav,Engineering,52,17.0,112140.78,2.9,2030-06-27
E013682,Isha,HR,28,0.0,73599.98,3.28,2030-06-27
E013683,Tara,Finance,61,13.0,9635.74,5.06,2030-06-27
E013684,Isha,Sales,42,11.0,103748.69,2.88,2030-06-28
E013685,,Sales,28,24.0,102189.83,8.35,2030-06-28
E013686,Isha,HR,23,24.0,81547.74,7.36,2030-06-28
E013687,Aditya,Finance,43,0.0,26331.01,5.98,2030-06-29
E013688,Aarav,Marketing,58,2.0,83847.77,4.32,2030-06-29
E013689,Diya,Engineering,39,13.0,89295.29,9.24,2030-06-29
E013690,Diya,HR,29,33.0,58867.07,4.81,2030-06-30
E013691,Kabir,Finance,27,13.0,73759.63,7.35,2030-06-30
E013692,Isha,Finance,49,,36201.9,2.85,2030-06-30
E013693,Aditya,Finance,54,15.0,76289.34,8.02,2030-07-01
,Nisha,HR,36,34.0,58351.47,3.77,2030-07-01
E013695,Isha,Finance,39,7.0,52952.08,5.62,2030-07-01
E013696,Kabir,Engineering,27,32.0,95203.71,8.23,2030-07-02
E013697,Isha,Finance,45,9.0,50898.55,2.49,2030-07-02
E013698,Diya,Operations,56,14.0,37486.04,6.08,2030-07-02
E013699,Isha,HR,43,34.0,53835.15,4.05,
E013700,Tara,Sales,33,1.0,57515.88,6.07,2030-07-03
E013701,Aarav,HR,40,29.0,50464.31,1.6,2030-07-03
E013702,Aarav,HR,52,23.0,66353.03,8.86,2030-07-04
E013703,Aarav,Sales,23,24.0,56841.42,9.69,2030-07-04
E013704,Nisha,Operations,26,21.0,91550.87,7.52,2030-07-04
E013705,Aditya,Engineering,56,11.0,82744.52,2.73,2030-07-05
E013706,Nisha,Finance,54,28.0,43498.79,2.61,2030-07-05
E013707,Aarav,Finance,31,25.0,41633.19,5.68,2030-07-05
E013708,Tara,Finance,28,32.0,65197.56,7.97,2030-07-06
E013709,Nisha,Marketing,33,0.0,70613.2,6.16,2030-07-06
E013710,Tara,Marketing,44,4.0,68583.69,9.36,2030-07-06
E013711,Kabir,Finance,47,30.0,23736.26,1.77,2030-07-07
E013712,Aarav,Engineering,39,18.0,74474.41,2.7,2030-07-07
E013713,Isha,Finance,42,30.0,85174.34,6.69,2030-07-07
E013714,Isha,Engineering,36,30.0,36352.76,4.75,2030-07-08
E013715,Tara,Sales,-1,10.0,113788.08,8.03,2030-07-08
E013716,Aarav,Finance,57,16.0,102481.09,3.99,2030-07-08
E013717,Kabir,Sales,47,6.0,85314.21,8.08,2030-07-09
E013718,Aditya,Engineering,24,9.0,55180.89,2.65,2030-07-09
E013719,Aarav,HR,35,13.0,54671.62,8.86,2030-07-09
E013720,Kabir,Engineering,47,2.0,59462.56,1.14,2030-07-10
E013721,Aditya,Sales,44,20.0,88618.87,2.38,2030-07-10
E013722,Isha,Finance,54,1.0,62323.85,5.51,2030-07-10
E013723,Aditya,Marketing,37,33.0,57131.03,8.74,2030-07-11
E013724,Rohan,Marketing,57,,92390.62,2.25,2030-07-11
E013725,Aditya,Sales,26,30.0,107403.28,1.68,2030-07-11
E013726,Kabir,HR,56,5.0,18148.46,7.28,2030-07-12
E013727,Rohan,Finance,40,12.0,48671.76,5.95,2030-07-12
E013728,Aarav,Marketing,47,31.0,18549.89,8.33,2030-07-12
E013729,Rohan,Finance,26,24.0,55529.73,9.86,2030-07-13
E013730,Kabir,Engineering,57,14.0,80945.96,3.22,2030-07-13
E013731,Isha,Operations,41,0.0,74257.27,4.94,2030-07-13
E013732,Aarav,Marketing,41,8.0,91833.28,2.86,2030-07-14
E013733,Nisha,Sales,43,19.0,79689.01,2.6,2030-07-14
E013734,Nisha,HR,46,32.0,71608.74,4.01,2030-07-14
E013735,Diya,HR,32,24.0,58840.1,1.25,2030-07-15
E013736,Tara,HR,38,20.0,92391.87,3.11,2030-07-15
E013737,Tara,HR,23,25.0,80292.7,7.83,2030-07-15
E013738,Aarav,Marketing,43,3.0,91242.8,5.45,2030-07-16
E013739,Rohan,Marketing,38,60.0,95729.44,6.93,2030-07-16
E013740,Diya,Marketing,28,16.0,46328.44,1.52,
E013741,Isha,Engineering,33,32.0,79851.66,6.37,2030-07-17
E013742,Isha,Sales,30,7.0,60231.8,8.49,2030-07-17
E013743,Kabir,Marketing,50,33.0,116055.39,6.53,2030-07-17
E013744,Diya,Marketing,36,12.0,80599.64,4.82,2030-07-18
E013745,Aditya,Operations,35,10.0,108702.5,3.06,2030-07-18
E013746,Diya,Sales,50,,33124.26,2.62,2030-07-18
E013747,Nisha,Finance,43,7.0,72430.98,9.97,2030-07-19
E013748,Aarav,Engineering,56,11.0,46416.59,4.09,2030-07-19
E013749,Kabir,Marketing,59,13.0,85778.6,1.12,2030-07-19
E013750,Isha,Marketing,54,29.0,64478.53,8.87,
E013751,Kabir,Sales,30,5.0,53099.4,1.78,2030-07-20
E013752,Aarav,Finance,38,14.0,114038.03,4.53,2030-07-20
E013753,Isha,Operations,34,2.0,36434.35,1.42,2030-07-21
E013754,Tara,Finance,51,4.0,80486.74,2.15,2030-07-21
E013755,Nisha,HR,42,18.0,94211.82,5.93,2030-07-21
E013756,Kabir,Marketing,60,8.0,40413.11,1.77,
E013757,Tara,Finance,44,1.0,86697.22,6.06,2030-07-22
E013758,Diya,Marketing,60,,43150.57,5.7,2030-07-22
E013759,Isha,Operations,54,13.0,76388.5,6.01,2030-07-23
E013760,Kabir,Operations,23,1.0,74955.58,6.88,2030-07-23
E013761,Isha,Marketing,22,10.0,72945.46,2.29,2030-07-23
E013762,Rohan,Engineering,39,15.0,59207.1,4.74,2030-07-24
E013763,Aditya,Sales,61,31.0,96266.91,4.69,2030-07-24
E013764,Aarav,Engineering,28,0.0,60233.92,4.96,2030-07-24
E013765,Nisha,HR,47,8.0,72537.33,4.5,2030-07-25
E013766,Aarav,HR,42,26.0,34397.67,3.37,2030-07-25
E013767,Tara,Sales,42,32.0,74686.86,6.67,2030-07-25
E013768,Diya,Finance,61,25.0,91924.8,2.73,2030-07-26
E013769,,Finance,47,31.0,66686.48,8.56,2030-07-26
E013770,Isha,Sales,60,17.0,99839.15,6.47,2030-07-26
E013771,Isha,Operations,57,31.0,27503.46,8.93,2030-07-27
E013772,Tara,Engineering,41,9.0,104880.9,6.66,2030-07-27
E013773,Aarav,HR,59,16.0,72761.71,7.66,2030-07-27
E013774,Nisha,Engineering,39,19.0,33652.43,9.23,2030-07-28
E013775,Kabir,Finance,32,23.0,99721.55,7.99,2030-07-28
E013776,Diya,Operations,48,31.0,113027.91,1.37,2030-07-28
E013777,Aarav,Operations,51,18.0,70123.44,8.11,2030-07-29
E013778,Aditya,Sales,39,25.0,64931.77,1.11,2030-07-29
E013779,Diya,Marketing,25,2.0,21530.96,1.32,2030-07-29
E013780,Tara,Finance,22,31.0,83766.0,5.51,2030-07-30
E013781,Isha,Sales,35,14.0,116348.87,7.02,2030-07-30
E013782,Kabir,HR,36,26.0,51655.01,3.6,2030-07-30
E013783,Isha,HR,35,3.0,20828.94,7.72,2030-07-31
E013784,Diya,Marketing,53,23.0,100246.52,1.51,2030-07-31
E013785,Kabir,Operations,36,1.0,60627.26,9.65,2030-07-31
E013786,Rohan,HR,23,18.0,34261.74,6.58,2030-08-01
E013787,Nisha,Sales,58,2.0,90853.03,6.81,2030-08-01
E013788,Kabir,Sales,30,10.0,80015.16,9.03,2030-08-01
E013789,Tara,Marketing,56,11.0,82314.03,8.8,2030-08-02
E013790,Kabir,Sales,48,30.0,79220.55,3.69,2030-08-02
E013791,Tara,Engineering,46,8.0,49389.18,3.99,2030-08-02
E013792,Kabir,Marketing,28,24.0,73196.85,6.99,2030-08-03
E013793,Kabir,HR,21,8.0,52843.46,3.63,2030-08-03
E013794,Nisha,Marketing,58,33.0,70800.83,8.76,2030-08-03
E013795,Tara,Engineering,57,6.0,130563.18,7.15,2030-08-04
E013796,Aarav,HR,27,28.0,47866.92,3.17,2030-08-04
E013797,Aarav,Finance,22,25.0,46613.82,9.87,2030-08-04
E013798,Isha,Operations,42,7.0,78232.01,6.39,2030-08-05
E013799,Kabir,Operations,22,17.0,51955.02,7.92,
E013800,Aditya,Marketing,58,12.0,68675.1,7.03,2030-08-05
E013801,Rohan,Engineering,34,10.0,86555.72,1.47,2030-08-06
E013802,Diya,Finance,59,26.0,107423.65,2.47,2030-08-06
E013803,Aditya,Finance,31,18.0,60511.13,3.21,2030-08-06
E013804,Tara,Finance,53,15.0,98249.66,8.8,2030-08-07
E013805,Rohan,Engineering,40,6.0,109675.96,2.2,2030-08-07
E013806,Isha,Sales,25,,71760.08,1.66,2030-08-07
E013807,Diya,Operations,26,20.0,45834.02,8.43,2030-08-08
E013808,Isha,Finance,22,31.0,56209.59,1.24,2030-08-08
E013809,Aarav,Finance,25,28.0,69265.12,2.78,2030-08-08
E013810,Nisha,HR,41,18.0,97793.64,8.62,2030-08-09
E013811,Isha,HR,30,8.0,78967.19,9.95,2030-08-09
E013812,Aditya,Marketing,40,19.0,34020.67,7.1,2030-08-09
E013813,Tara,Operations,31,31.0,119518.75,2.16,2030-08-10
E013814,Aarav,Finance,48,12.0,61914.55,1.95,2030-08-10
E013815,Aditya,Operations,48,28.0,71251.33,3.91,2030-08-10
E013816,Rohan,Finance,38,15.0,81376.02,8.2,2030-08-11
E013817,Aditya,Finance,54,25.0,67799.04,6.23,2030-08-11
E013818,Tara,HR,29,9.0,73893.72,6.41,2030-08-11
E013819,Isha,Finance,53,13.0,74176.75,7.69,2030-08-12
E013820,Rohan,Marketing,59,11.0,86166.43,5.79,2030-08-12
,Nisha,Finance,41,9.0,67434.58,7.68,2030-08-12
E013822,Rohan,Finance,26,3.0,67943.57,4.36,2030-08-13
E013823,Aditya,HR,56,33.0,61140.8,5.53,2030-08-13
E013824,Aditya,HR,25,13.0,83055.63,1.39,2030-08-13
E013825,Aditya,Engineering,50,21.0,93045.19,2.98,2030-08-14
E013826,Rohan,Sales,24,13.0,77436.46,8.62,2030-08-14
E013827,Aarav,Operations,33,19.0,88120.9,7.52,2030-08-14
E013828,Tara,Operations,51,27.0,55235.56,9.71,2030-08-15
E013829,Diya,Finance,54,33.0,98754.57,3.24,2030-08-15
E013830,Nisha,Finance,60,22.0,36638.46,3.36,2030-08-15
E013831,Aditya,Marketing,51,34.0,74888.9,2.14,2030-08-16
E013832,Diya,Marketing,43,27.0,70279.31,7.54,
E013833,Tara,Finance,27,7.0,97859.32,2.8,2030-08-16
E013834,Kabir,HR,27,25.0,74299.41,3.13,2030-08-17
E013835,Tara,Engineering,53,26.0,69205.57,6.32,2030-08-17
E013836,Aditya,Sales,40,9.0,72217.61,9.44,2030-08-17
E013837,Aarav,Engineering,55,1.0,82111.62,2.28,2030-08-18
E013838,Rohan,Finance,22,,74507.02,8.98,2030-08-18
E013839,Kabir,HR,28,7.0,38103.95,1.34,2030-08-18
E013840,Kabir,Marketing,27,2.0,55957.72,3.94,2030-08-19
E013841,Nisha,Operations,61,9.0,94608.1,3.37,2030-08-19
E013842,Tara,Engineering,39,19.0,84161.0,6.82,2030-08-19
E013843,Nisha,Finance,29,16.0,66677.92,9.42,2030-08-20
E013844,Isha,Operations,60,29.0,74836.06,1.08,2030-08-20
E013845,Rohan,Sales,41,23.0,18352.23,4.44,2030-08-20
E013846,Diya,Operations,46,29.0,84240.21,6.61,2030-08-21
E013847,Aditya,Sales,61,34.0,92167.67,7.02,2030-08-21
E013848,Aditya,HR,43,27.0,92332.68,6.31,2030-08-21
E013849,Rohan,Marketing,50,18.0,107298.65,5.4,2030-08-22
E013850,Isha,Engineering,61,25.0,117770.86,5.5,2030-08-22
E013851,Diya,Engineering,36,22.0,47306.93,8.01,2030-08-22
E013852,Rohan,HR,37,22.0,115227.28,5.65,2030-08-23
E013853,Aditya,Sales,55,20.0,78584.94,4.68,2030-08-23
E013854,Aarav,Sales,51,15.0,62826.36,9.13,2030-08-23
E013855,Nisha,Engineering,21,10.0,115245.81,2.3,2030-08-24
E013856,Aarav,Operations,38,14.0,131265.3,2.28,2030-08-24
E013857,Isha,Operations,43,34.0,105819.65,5.06,2030-08-24
E013858,Rohan,Marketing,40,34.0,73396.8,4.26,2030-08-25
E013859,Kabir,Operations,50,19.0,65326.51,8.97,2030-08-25
E013860,Diya,Operations,26,3.0,63411.86,4.5,2030-08-25
E013861,Nisha,Engineering,40,34.0,98811.71,7.52,2030-08-26
E013862,Aarav,Finance,25,32.0,62354.41,7.66,2030-08-26
E013863,Diya,Operations,61,16.0,98741.5,7.45,2030-08-26
E013864,Tara,Finance,47,,81345.76,4.29,2030-08-27
E013865,Diya,Engineering,58,18.0,68550.08,6.04,2030-08-27
E013866,Rohan,Marketing,49,13.0,78624.96,6.33,2030-08-27
E013867,Tara,Engineering,53,27.0,84610.13,9.4,2030-08-28
E013868,Aarav,Engineering,45,27.0,75387.09,4.32,2030-08-28
,Rohan,Operations,-1,19.0,92629.54,4.89,2030-08-28
E013870,Tara,Finance,47,14.0,91967.34,6.54,2030-08-29
E013871,Tara,Marketing,49,6.0,97816.6,2.64,2030-08-29
E013872,Kabir,Engineering,27,15.0,72574.94,3.03,2030-08-29
E013873,Kabir,Marketing,33,32.0,54123.48,7.15,2030-08-30
E013874,Tara,Marketing,54,5.0,121421.35,2.4,2030-08-30
E013875,,Operations,49,32.0,45106.18,8.32,2030-08-30
E013876,Rohan,Marketing,54,60.0,87897.6,2.74,2030-08-31
E013877,Tara,Operations,51,,76462.74,3.82,2030-08-31
E013878,Kabir,Finance,21,33.0,69199.66,6.46,2030-08-31
E013879,Aditya,Engineering,29,4.0,100669.21,4.2,2030-09-01
E013880,Aarav,Marketing,23,17.0,79220.92,9.26,2030-09-01
E013881,Tara,HR,23,10.0,60351.64,8.13,2030-09-01
E013882,Kabir,Engineering,32,3.0,42891.19,1.86,2030-09-02
E013883,Nisha,HR,57,28.0,92122.11,6.74,2030-09-02
E013884,Diya,Marketing,53,25.0,55431.38,5.04,2030-09-02
E013885,Isha,Engineering,61,30.0,86448.27,6.65,2030-09-03
E013886,Diya,Operations,52,12.0,62147.28,2.02,2030-09-03
E013887,Isha,Engineering,43,13.0,58984.42,1.44,2030-09-03
E013888,Diya,HR,34,15.0,86862.8,7.85,2030-09-04
E013889,Kabir,Engineering,38,21.0,61291.62,9.0,2030-09-04
E013890,Diya,Operations,55,0.0,85425.42,4.06,2030-09-04
E013891,Tara,Marketing,60,20.0,77444.4,7.01,2030-09-05
E013892,Aarav,Finance,50,7.0,89541.8,7.96,2030-09-05
E013893,Rohan,Marketing,52,17.0,42165.93,7.49,2030-09-05
E013894,Diya,Engineering,50,20.0,53321.45,1.39,2030-09-06
E013895,Isha,Finance,44,30.0,87159.33,4.99,2030-09-06
E013896,Aarav,Engineering,58,19.0,55289.52,2.73,2030-09-06
E013897,Nisha,Engineering,55,15.0,82558.1,3.01,2030-09-07
E013898,Isha,HR,59,5.0,79412.59,6.29,2030-09-07
E013899,Aarav,Engineering,30,26.0,80313.38,7.64,2030-09-07
,Rohan,Sales,38,17.0,67784.72,6.23,
E013901,Kabir,Finance,31,15.0,63001.52,1.57,2030-09-08
,Isha,Engineering,38,7.0,105560.33,2.12,2030-09-08
E013903,Isha,Marketing,25,32.0,31097.65,6.97,2030-09-09
E013904,Rohan,HR,27,24.0,45352.39,5.05,2030-09-09
E013905,Aarav,Operations,25,13.0,95285.65,6.6,2030-09-09
E013906,Aarav,Engineering,37,19.0,63995.28,1.5,2030-09-10
E013907,Nisha,Engineering,38,7.0,78900.21,5.11,2030-09-10
E013908,Kabir,Sales,55,23.0,52112.34,5.8,2030-09-10
E013909,Isha,Operations,56,24.0,8940.3,8.13,2030-09-11
E013910,Kabir,Marketing,30,21.0,45892.78,9.98,2030-09-11
E013911,Tara,Marketing,58,22.0,87609.06,7.24,
E013912,Isha,Operations,57,19.0,48222.0,5.8,2030-09-12
E013913,Diya,HR,60,12.0,81700.89,4.33,2030-09-12
E013914,Tara,Engineering,32,5.0,68501.01,7.7,2030-09-12
E013915,Rohan,Sales,42,15.0,57398.24,5.89,2030-09-13
E013916,Kabir,Engineering,44,4.0,88407.15,5.37,2030-09-13
E013917,Nisha,HR,52,2.0,42799.56,2.67,2030-09-13
E013918,Aditya,Marketing,51,19.0,65481.4,7.81,2030-09-14
E013919,Isha,Sales,23,13.0,107461.54,3.75,2030-09-14
E013920,Aditya,Marketing,29,7.0,72246.93,6.45,2030-09-14
E013921,Nisha,Engineering,53,1.0,86672.49,8.65,2030-09-15
E013922,Aditya,HR,30,15.0,70424.3,8.65,2030-09-15
E013923,Isha,Operations,51,24.0,66659.98,1.35,2030-09-15
E013924,Isha,HR,24,22.0,93274.15,9.04,2030-09-16
E013925,Nisha,Marketing,44,12.0,5096.22,1.45,2030-09-16
E013926,,Marketing,57,31.0,53814.76,4.5,2030-09-16
E013927,Diya,Sales,27,23.0,73178.47,1.07,2030-09-17
E013928,Rohan,Operations,35,17.0,86352.33,6.15,2030-09-17
E013929,Kabir,Operations,34,25.0,42535.25,5.61,2030-09-17
E013930,Tara,Finance,38,2.0,95914.93,4.92,2030-09-18
E013931,Diya,Marketing,51,10.0,65922.52,5.26,2030-09-18
E013932,Aarav,Engineering,57,22.0,69939.77,5.98,2030-09-18
E013933,Aarav,Operations,57,29.0,119870.26,9.69,2030-09-19
E013934,Nisha,HR,55,12.0,87881.43,9.16,2030-09-19
E013935,Isha,Engineering,48,22.0,71421.14,3.45,2030-09-19
E013936,Nisha,Operations,60,13.0,83457.59,4.52,
E013937,Aditya,Finance,32,0.0,55227.68,2.5,2030-09-20
E013938,Diya,Marketing,48,20.0,73969.07,6.26,2030-09-20
E013939,Kabir,Sales,28,18.0,115136.33,1.94,
E013940,Rohan,Sales,26,15.0,120253.96,3.03,2030-09-21
E013941,Nisha,HR,54,12.0,27284.85,1.94,2030-09-21
E013942,Isha,Finance,26,16.0,79494.78,8.72,2030-09-22
E013943,Nisha,Finance,22,2.0,40290.16,7.07,2030-09-22
E013944,Nisha,Sales,34,14.0,42828.34,1.11,2030-09-22
E013945,Aarav,Sales,34,3.0,96983.51,7.53,2030-09-23
E013946,Aditya,Engineering,30,8.0,84792.6,2.45,2030-09-23
E013947,Kabir,Operations,21,14.0,42100.41,2.07,2030-09-23
E013948,Rohan,Operations,32,32.0,87387.51,3.98,2030-09-24
E013949,Aarav,Finance,48,26.0,86059.2,9.29,2030-09-24
E013950,Aarav,Finance,32,8.0,54693.59,2.47,2030-09-24
E013951,Aarav,Sales,26,24.0,113472.36,6.54,2030-09-25
E013952,Aditya,Finance,38,33.0,73827.2,6.53,2030-09-25
E013953,Diya,Operations,22,10.0,64543.54,1.03,2030-09-25
E013954,Isha,Operations,37,25.0,140143.29,4.93,2030-09-26
E013955,Nisha,Finance,32,1.0,87686.24,1.04,2030-09-26
E013956,Aarav,HR,61,21.0,61769.45,9.44,2030-09-26
E013957,Aditya,Operations,24,27.0,69087.88,6.11,2030-09-27
E013958,Rohan,Sales,48,28.0,56786.12,8.35,2030-09-27
E013959,,Finance,36,28.0,50353.14,9.2,2030-09-27
E013960,Rohan,Finance,38,23.0,85417.51,9.53,2030-09-28
E013961,Kabir,Operations,38,17.0,83995.53,4.13,2030-09-28
E013962,Aarav,Operations,48,13.0,114093.33,2.34,
E013963,Rohan,Finance,56,24.0,55929.58,1.76,2030-09-29
E013964,Kabir,Finance,43,25.0,100154.21,3.49,2030-09-29
E013965,Isha,Engineering,34,32.0,43103.72,6.23,2030-09-29
E013966,Tara,HR,61,24.0,72947.82,1.25,2030-09-30
E013967,Tara,Engineering,45,7.0,82999.49,8.14,2030-09-30
E013968,Aarav,Operations,38,12.0,77717.96,6.45,2030-09-30
E013969,Aditya,HR,46,22.0,71125.85,9.79,2030-10-01
E013970,Kabir,Sales,24,0.0,51654.94,5.84,2030-10-01
E013971,Tara,Sales,32,28.0,46613.03,5.41,2030-10-01
E013972,Diya,Finance,60,9.0,49860.16,9.88,2030-10-02
E013973,Diya,Engineering,54,0.0,63258.61,9.93,2030-10-02
E013974,Rohan,Operations,39,2.0,76774.16,6.51,2030-10-02
E013975,Kabir,Operations,51,14.0,56996.86,6.15,2030-10-03
E013976,Aditya,Marketing,54,9.0,71202.84,1.93,2030-10-03
E013977,Rohan,Marketing,40,15.0,49148.05,7.41,2030-10-03
E013978,Rohan,Finance,37,1.0,88105.14,1.33,2030-10-04
E013979,Aarav,Operations,31,12.0,83045.69,8.42,2030-10-04
E013980,Aditya,HR,59,16.0,85426.26,2.32,2030-10-04
E013981,Nisha,Finance,44,13.0,74069.41,6.48,2030-10-05
E013982,Isha,Sales,52,11.0,108510.4,4.17,2030-10-05
E013983,Isha,Marketing,56,16.0,51163.16,3.86,2030-10-05
E013984,Aarav,HR,42,17.0,79951.6,7.73,2030-10-06
E013985,Nisha,Sales,47,34.0,66803.6,4.84,2030-10-06
E013986,Tara,Finance,47,30.0,64451.82,2.73,2030-10-06
E013987,Aarav,Marketing,34,25.0,106390.01,5.63,2030-10-07
E013988,Aarav,Sales,24,16.0,79048.75,9.03,2030-10-07
E013989,Diya,HR,53,3.0,45187.37,5.99,2030-10-07
E013990,Aditya,Sales,57,20.0,35200.05,6.59,2030-10-08
E013991,Aditya,Finance,49,18.0,65758.69,6.2,2030-10-08
E013992,Kabir,Marketing,41,2.0,61639.28,2.21,2030-10-08
E013993,,Operations,28,21.0,61628.95,9.3,2030-10-09
E013994,Isha,Sales,35,34.0,59474.62,9.74,2030-10-09
E013995,Rohan,Operations,52,9.0,44464.74,7.81,2030-10-09
,,Finance,36,25.0,71167.9,7.95,2030-10-10
E013997,Aarav,Engineering,57,1.0,110179.31,6.93,2030-10-10
E013998,Tara,Finance,31,24.0,70913.48,7.57,2030-10-10
E013999,Rohan,Finance,60,,57615.41,2.79,2030-10-11
E014000,Rohan,Marketing,56,11.0,64731.06,1.44,2030-10-11
,Aditya,Sales,43,2.0,76791.26,2.81,2030-10-11
E014002,Diya,HR,35,16.0,104229.16,6.97,2030-10-12
E014003,Tara,Sales,49,0.0,43589.73,1.42,2030-10-12
E014004,Nisha,Finance,49,22.0,40545.71,6.58,2030-10-12
E014005,Rohan,Sales,31,7.0,98718.17,5.63,2030-10-13
E014006,Aditya,Marketing,30,23.0,94997.0,1.09,2030-10-13
E014007,Rohan,Operations,60,2.0,53956.12,4.35,2030-10-13
E014008,Kabir,Operations,31,2.0,88489.35,3.15,2030-10-14
E014009,Aditya,Operations,51,8.0,78193.9,2.25,2030-10-14
E014010,Nisha,Engineering,30,4.0,66144.92,7.32,2030-10-14
E014011,Aditya,Finance,23,5.0,71733.08,8.99,2030-10-15
E014012,Tara,Engineering,51,19.0,83406.16,2.84,2030-10-15
E014013,Diya,Operations,48,19.0,131349.04,7.97,2030-10-15
E014014,Nisha,Engineering,33,13.0,94250.47,4.84,2030-10-16
E014015,Rohan,Sales,30,4.0,86745.91,8.86,2030-10-16
E014016,Diya,HR,24,3.0,88680.54,5.54,2030-10-16
E014017,Aditya,Marketing,52,28.0,41073.54,6.69,2030-10-17
E014018,Nisha,HR,41,5.0,81575.31,4.73,2030-10-17
E014019,Aarav,Engineering,30,12.0,52902.43,6.46,2030-10-17
E014020,Tara,Finance,24,16.0,22013.23,2.13,2030-10-18
E014021,Isha,Marketing,28,10.0,101250.19,5.02,2030-10-18
E014022,Rohan,Sales,60,34.0,50443.67,8.74,2030-10-18
E014023,Kabir,Finance,51,21.0,27690.39,8.63,2030-10-19
E014024,Rohan,Operations,41,10.0,58081.96,7.89,2030-10-19
E014025,Tara,Marketing,54,7.0,30341.21,2.65,2030-10-19
E014026,Diya,Engineering,39,17.0,120471.08,1.83,2030-10-20
E014027,Rohan,Marketing,60,16.0,111168.63,9.56,2030-10-20
E014028,Diya,Operations,51,11.0,63917.72,8.68,2030-10-20
E014029,Isha,HR,40,27.0,73208.99,5.56,2030-10-21
E014030,Isha,Operations,56,17.0,66653.23,7.21,2030-10-21
E014031,Diya,Finance,51,13.0,72362.49,7.73,2030-10-21
E014032,Nisha,Sales,52,16.0,56089.52,8.39,2030-10-22
E014033,,HR,48,3.0,67495.33,3.89,2030-10-22
E014034,Aditya,Finance,32,34.0,33614.74,8.17,2030-10-22
E014035,Nisha,Marketing,60,18.0,51507.51,9.56,2030-10-23
E014036,Rohan,Marketing,53,9.0,106307.29,8.62,2030-10-23
E014037,Nisha,Engineering,49,34.0,115631.01,3.42,2030-10-23
E014038,Aarav,Sales,35,14.0,69216.92,7.74,2030-10-24
E014039,Nisha,Sales,58,34.0,79390.9,5.02,2030-10-24
E014040,Tara,Operations,55,28.0,0.0,6.34,
E014041,Isha,Sales,41,15.0,28152.6,6.47,2030-10-25
E014042,Tara,Sales,54,13.0,61113.99,8.68,2030-10-25
E014043,Diya,Operations,42,3.0,49094.22,9.15,2030-10-25
E014044,Aarav,Engineering,45,5.0,70997.4,3.66,2030-10-26
E014045,Diya,HR,34,21.0,63000.93,6.04,2030-10-26
E014046,Tara,Marketing,57,29.0,27823.46,5.81,2030-10-26
E014047,Aditya,Operations,36,8.0,59962.67,9.61,2030-10-27
E014048,Isha,Marketing,35,33.0,18898.24,3.11,2030-10-27
E014049,Diya,Finance,58,0.0,65921.96,3.97,2030-10-27
E014050,Aarav,Sales,47,11.0,59822.86,4.08,2030-10-28
,Isha,Finance,39,34.0,46912.82,4.18,2030-10-28
E014052,Nisha,Engineering,33,19.0,72363.15,8.75,
E014053,Aarav,Sales,60,0.0,47599.5,9.46,2030-10-29
E014054,Rohan,Sales,30,31.0,55372.89,2.95,2030-10-29
E014055,Isha,Sales,49,1.0,18072.65,5.33,2030-10-29
E014056,Diya,Finance,31,5.0,102955.14,6.63,2030-10-30
E014057,Tara,HR,50,34.0,84513.13,3.26,2030-10-30
E014058,Nisha,Finance,32,8.0,65892.99,5.2,2030-10-30
E014059,Diya,Sales,59,24.0,79992.17,1.65,2030-10-31
E014060,Diya,Finance,47,14.0,114252.26,9.88,2030-10-31
E014061,Kabir,Sales,24,17.0,72654.58,9.94,2030-10-31
E014062,Kabir,Engineering,31,27.0,22849.74,5.21,2030-11-01
E014063,Isha,Engineering,44,7.0,117482.95,4.49,2030-11-01
E014064,Rohan,Marketing,50,16.0,51829.27,9.06,2030-11-01
E014065,Aditya,Marketing,27,0.0,57859.65,4.44,2030-11-02
E014066,Kabir,Sales,51,25.0,79853.93,4.93,2030-11-02
E014067,Rohan,Marketing,35,22.0,40387.62,3.21,2030-11-02
E014068,Isha,HR,32,,96164.33,3.21,2030-11-03
E014069,Diya,HR,48,33.0,69640.91,6.26,2030-11-03
E014070,Tara,Sales,46,3.0,69770.69,5.51,2030-11-03
E014071,Nisha,Finance,31,21.0,68723.1,2.12,2030-11-04
E014072,Tara,Finance,34,28.0,79934.88,1.09,2030-11-04
E014073,Diya,Finance,30,1.0,103614.13,3.9,2030-11-04
E014074,,Sales,24,28.0,42307.09,7.63,2030-11-05
E014075,Kabir,Engineering,31,31.0,67306.43,5.77,2030-11-05
E014076,Diya,Finance,43,9.0,46223.33,6.65,2030-11-05
E014077,Tara,Sales,41,12.0,62575.4,2.37,2030-11-06
E014078,Diya,Sales,45,9.0,73055.94,8.07,2030-11-06
E014079,Kabir,Engineering,32,7.0,60293.05,6.48,2030-11-06
E014080,Kabir,Engineering,32,,100460.99,2.8,2030-11-07
E014081,Diya,Finance,42,15.0,97028.71,5.84,2030-11-07
E014082,Nisha,Marketing,58,13.0,32408.03,4.89,
E014083,Kabir,Finance,41,13.0,69335.12,8.24,2030-11-08
E014084,Aarav,HR,31,26.0,57153.99,9.84,2030-11-08
E014085,Rohan,Sales,49,5.0,58010.04,5.84,2030-11-08
E014086,,Sales,48,23.0,90172.77,3.48,2030-11-09
E014087,Rohan,Engineering,28,28.0,46049.23,5.18,2030-11-09
E014088,,Operations,51,22.0,78138.18,7.25,2030-11-09
E014089,Aditya,Sales,28,2.0,68683.52,3.25,2030-11-10
E014090,Tara,Marketing,59,10.0,83923.67,5.86,2030-11-10
E014091,Aarav,Engineering,47,14.0,103111.34,5.1,2030-11-10
E014092,Aarav,Finance,59,8.0,107531.01,9.18,2030-11-11
E014093,Kabir,Engineering,39,34.0,85848.71,8.89,2030-11-11
E014094,Isha,HR,30,8.0,100414.38,2.66,2030-11-11
E014095,Isha,Engineering,57,1.0,36781.3,1.68,2030-11-12
E014096,Diya,Finance,45,25.0,53699.8,8.93,2030-11-12
E014097,Rohan,HR,24,12.0,73054.98,6.36,2030-11-12
E014098,Tara,Engineering,35,15.0,34657.91,5.32,2030-11-13
E014099,Diya,HR,25,20.0,50721.24,5.28,2030-11-13
E014100,Nisha,Operations,54,33.0,78302.82,6.22,2030-11-13
E014101,Diya,Sales,33,16.0,100375.04,5.96,2030-11-14
E014102,Isha,Finance,56,28.0,84009.34,1.03,2030-11-14
E014103,Tara,Operations,44,4.0,58784.46,6.83,2030-11-14
E014104,Diya,Marketing,42,15.0,84540.07,9.98,2030-11-15
E014105,Diya,Engineering,55,21.0,44747.92,1.02,2030-11-15
E014106,Diya,Operations,28,34.0,81519.49,6.93,2030-11-15
E014107,Tara,Sales,30,23.0,76097.9,5.74,2030-11-16
E014108,Aditya,Engineering,61,1.0,11598.12,6.77,2030-11-16
E014109,Diya,Marketing,60,6.0,16218.14,1.1,2030-11-16
E014110,Diya,Sales,26,26.0,58781.4,1.2,2030-11-17
E014111,Aarav,Sales,37,11.0,68061.32,8.4,2030-11-17
E014112,Diya,Sales,49,20.0,35728.06,7.5,2030-11-17
E014113,Aarav,Operations,49,18.0,75645.36,5.86,2030-11-18
E014114,Nisha,Engineering,24,27.0,90830.32,3.01,2030-11-18
E014115,Nisha,Engineering,60,5.0,64987.26,5.67,2030-11-18
E014116,Aditya,Sales,38,24.0,78185.42,2.39,2030-11-19
E014117,Kabir,HR,39,31.0,66189.13,7.78,2030-11-19
E014118,Rohan,Marketing,40,32.0,40989.26,8.63,2030-11-19
E014119,Tara,Engineering,59,23.0,84255.22,9.41,2030-11-20
E014120,,Sales,30,16.0,58543.18,1.15,2030-11-20
E014121,Rohan,Marketing,59,0.0,92758.26,7.47,2030-11-20
E014122,,Marketing,31,22.0,80527.94,2.73,2030-11-21
E014123,Aarav,Operations,49,7.0,42968.89,5.91,2030-11-21
E014124,Nisha,Marketing,23,21.0,34043.57,4.23,2030-11-21
E014125,Diya,Marketing,22,8.0,81542.54,7.33,2030-11-22
E014126,Kabir,HR,55,26.0,58437.41,7.36,2030-11-22
E014127,Isha,Sales,31,18.0,59927.8,9.4,2030-11-22
E014128,Aarav,Engineering,27,1.0,74369.26,8.77,2030-11-23
E014129,Diya,Engineering,58,23.0,48302.26,4.57,2030-11-23
E014130,Kabir,HR,37,9.0,30035.63,5.1,2030-11-23
E014131,Kabir,HR,46,12.0,109385.5,5.4,2030-11-24
E014132,Diya,HR,50,7.0,77657.26,5.42,2030-11-24
E014133,Aarav,Engineering,30,31.0,59397.89,8.14,2030-11-24
E014134,Aarav,Finance,43,17.0,16118.5,6.37,2030-11-25
E014135,Nisha,Sales,40,3.0,12023.74,1.65,2030-11-25
E014136,Tara,Operations,60,15.0,47319.29,3.77,2030-11-25
E014137,Isha,Operations,60,14.0,69935.63,6.32,2030-11-26
E014138,Isha,Engineering,43,1.0,86139.14,2.54,2030-11-26
E014139,Aditya,Engineering,28,11.0,74101.44,1.8,2030-11-26
E014140,Diya,Finance,29,5.0,79838.19,6.41,2030-11-27
E014141,Diya,Engineering,23,8.0,42010.76,8.58,2030-11-27
E014142,Tara,HR,29,7.0,60525.71,3.27,2030-11-27
E014143,Isha,HR,26,2.0,39097.44,4.95,2030-11-28
E014144,Diya,Engineering,54,12.0,62761.73,9.97,2030-11-28
E014145,Isha,HR,25,27.0,72716.74,7.97,2030-11-28
E014146,Tara,Operations,60,8.0,101579.82,7.43,
E014147,Aditya,Engineering,45,14.0,48817.65,7.89,2030-11-29
E014148,Aarav,Operations,28,6.0,72209.37,1.27,
E014149,Isha,HR,21,26.0,67168.54,8.48,2030-11-30
E014150,Aarav,HR,27,5.0,59912.49,7.14,2030-11-30
E014151,Kabir,HR,44,13.0,110480.72,8.23,2030-11-30
E014152,Tara,HR,24,22.0,61502.15,1.13,2030-12-01
E014153,Isha,Engineering,40,28.0,79200.34,4.74,2030-12-01
E014154,Aarav,Engineering,30,0.0,62041.42,5.63,2030-12-01
E014155,Aarav,Sales,22,32.0,56854.92,5.48,2030-12-02
E014156,Aditya,HR,27,18.0,99851.81,9.39,2030-12-02
E014157,Kabir,Finance,46,19.0,93622.93,7.79,2030-12-02
E014158,Diya,HR,21,13.0,57522.56,8.1,2030-12-03
E014159,Tara,HR,26,17.0,37193.6,5.88,2030-12-03
E014160,Tara,Marketing,57,23.0,114343.24,8.85,2030-12-03
E014161,Kabir,Finance,57,15.0,56882.77,3.34,2030-12-04
E014162,Aarav,Finance,53,25.0,51336.14,7.82,2030-12-04
E014163,Aditya,Finance,51,2.0,75878.88,8.51,2030-12-04
E014164,Aditya,HR,34,17.0,38115.13,1.72,2030-12-05
E014165,Aarav,Operations,33,24.0,83314.46,3.61,2030-12-05
E014166,Tara,HR,21,16.0,68349.06,7.43,2030-12-05
E014167,Nisha,Marketing,25,16.0,74008.88,8.39,2030-12-06
E014168,Diya,Operations,34,0.0,27823.61,9.92,2030-12-06
E014169,Kabir,Marketing,55,4.0,57769.02,5.18,2030-12-06
E014170,Kabir,Finance,31,19.0,46534.01,9.28,2030-12-07
E014171,Aarav,Sales,34,5.0,40650.86,7.65,2030-12-07
E014172,Nisha,HR,60,27.0,34772.13,1.19,2030-12-07
E014173,Diya,Engineering,45,22.0,66106.05,6.44,2030-12-08
E014174,,Operations,40,30.0,72704.28,4.29,2030-12-08
E014175,Nisha,Operations,41,19.0,89141.19,9.14,2030-12-08
E014176,Nisha,Operations,43,31.0,53271.02,3.04,2030-12-09
E014177,Isha,Finance,31,19.0,96703.56,6.75,2030-12-09
E014178,Aditya,HR,23,28.0,66943.46,6.89,2030-12-09
E014179,Kabir,Marketing,25,6.0,106992.54,2.72,2030-12-10
E014180,Rohan,Marketing,42,9.0,63544.05,6.32,2030-12-10
E014181,Tara,Sales,51,4.0,60338.6,9.69,2030-12-10
E014182,Diya,Operations,31,19.0,103406.38,8.79,2030-12-11
E014183,Isha,Sales,46,15.0,38991.39,2.75,2030-12-11
,Tara,Sales,34,15.0,81874.47,1.63,2030-12-11
E014185,Aarav,Marketing,42,27.0,76041.77,6.51,2030-12-12
E014186,Nisha,Marketing,60,3.0,71711.25,2.86,2030-12-12
E014187,Tara,Finance,47,28.0,50957.77,8.03,2030-12-12
E014188,Kabir,Operations,60,34.0,54907.38,8.6,2030-12-13
E014189,Diya,Engineering,33,21.0,66389.95,1.63,2030-12-13
E014190,Nisha,HR,38,33.0,87742.03,4.66,2030-12-13
E014191,Tara,HR,51,21.0,79726.41,3.56,2030-12-14
E014192,Kabir,Marketing,44,21.0,1441.48,1.43,2030-12-14
E014193,Diya,Marketing,39,23.0,84520.94,6.21,2030-12-14
E014194,Tara,Engineering,45,24.0,73093.27,8.72,2030-12-15
E014195,Rohan,Sales,58,12.0,103085.97,6.1,2030-12-15
E014196,Tara,Finance,43,24.0,51170.93,8.23,2030-12-15
,Isha,Finance,41,11.0,66403.51,7.41,2030-12-16
E014198,Isha,Finance,26,15.0,51109.46,9.86,2030-12-16
E014199,Nisha,HR,60,,96579.26,9.53,2030-12-16
E014200,Diya,Engineering,55,11.0,81966.16,3.85,2030-12-17
E014201,Tara,HR,25,32.0,46130.39,3.33,2030-12-17
E014202,Diya,Finance,53,30.0,109865.68,6.02,2030-12-17
E014203,Nisha,Finance,29,34.0,44466.52,5.25,2030-12-18
E014204,Rohan,HR,57,20.0,65080.06,6.52,2030-12-18
E014205,Kabir,Finance,45,14.0,117880.12,6.0,2030-12-18
E014206,Nisha,Sales,25,13.0,64216.41,3.76,2030-12-19
E014207,Rohan,Operations,24,25.0,62208.88,5.09,2030-12-19
E014208,Aarav,Finance,90,4.0,66335.03,1.05,2030-12-19
E014209,Tara,HR,33,25.0,49075.1,4.6,2030-12-20
E014210,Diya,Sales,35,11.0,85777.88,5.3,2030-12-20
E014211,Tara,HR,38,,55203.42,5.06,2030-12-20
E014212,Nisha,Finance,35,6.0,49437.63,2.78,2030-12-21
E014213,Tara,HR,25,8.0,79512.82,3.84,2030-12-21
E014214,Tara,HR,58,11.0,59621.27,7.0,2030-12-21
E014215,Aarav,Engineering,24,15.0,54828.67,7.87,2030-12-22
E014216,Tara,Engineering,37,30.0,49227.85,4.23,2030-12-22
E014217,Isha,HR,40,0.0,77650.37,9.73,2030-12-22
E014218,Aarav,Engineering,59,27.0,75839.75,7.59,2030-12-23
E014219,Nisha,Finance,35,,33846.06,2.77,2030-12-23
E014220,Nisha,HR,42,12.0,34959.09,2.0,2030-12-23
E014221,Nisha,Engineering,46,31.0,77475.64,9.64,2030-12-24
E014222,Tara,Engineering,36,18.0,67031.28,3.71,2030-12-24
E014223,Nisha,Finance,38,2.0,48906.78,2.15,2030-12-24
E014224,Diya,Operations,61,13.0,110480.66,5.36,2030-12-25
E014225,Diya,Sales,51,24.0,57968.27,5.71,2030-12-25
E014226,Nisha,Finance,61,15.0,128026.55,3.3,2030-12-25
E014227,Nisha,HR,56,2.0,74521.66,2.43,2030-12-26
E014228,Tara,Marketing,37,31.0,89267.86,1.8,2030-12-26
E014229,Isha,Engineering,51,24.0,85484.8,1.36,2030-12-26
E014230,Diya,Sales,42,5.0,90331.14,8.72,2030-12-27
E014231,Nisha,Marketing,59,5.0,50900.45,4.38,2030-12-27
E014232,Aarav,HR,27,8.0,78502.71,7.82,2030-12-27
E014233,Nisha,Operations,38,12.0,110091.45,5.59,2030-12-28
E014234,Diya,Sales,32,29.0,64180.88,9.65,2030-12-28
E014235,Kabir,HR,30,15.0,87700.91,9.54,2030-12-28
E014236,Diya,Marketing,48,25.0,86312.57,3.23,2030-12-29
E014237,Rohan,Sales,44,5.0,102993.91,7.46,2030-12-29
E014238,Tara,Engineering,32,30.0,43079.43,8.45,2030-12-29
E014239,Isha,Finance,59,3.0,54650.84,2.98,2030-12-30
E014240,Diya,Engineering,26,24.0,66656.1,4.21,2030-12-30
E014241,Isha,Marketing,58,3.0,59297.57,6.35,2030-12-30
E014242,Diya,Sales,36,23.0,79722.48,8.81,2030-12-31
,Nisha,Marketing,24,31.0,33238.32,9.4,2030-12-31
E014244,Isha,Sales,32,17.0,94255.37,7.67,2030-12-31
E014245,Isha,Operations,50,4.0,64560.07,3.57,2031-01-01
E014246,Rohan,Finance,26,11.0,85547.71,1.89,2031-01-01
E014247,Isha,Finance,27,8.0,70777.81,2.99,2031-01-01
E014248,Rohan,Sales,57,33.0,71516.64,1.44,2031-01-02
E014249,Kabir,Finance,61,3.0,73852.7,2.69,2031-01-02
E014250,Diya,Operations,59,7.0,69930.58,7.32,2031-01-02
,Aarav,Marketing,44,30.0,51022.87,8.87,2031-01-03
E014252,Nisha,Operations,57,13.0,77996.42,4.3,2031-01-03
E014253,Nisha,Sales,36,12.0,22673.22,5.12,2031-01-03
E014254,Isha,Marketing,38,34.0,82539.98,2.7,2031-01-04
E014255,Diya,Sales,21,,69863.32,9.66,2031-01-04
,Isha,Operations,21,-3.0,66290.85,5.03,2031-01-04
E014257,Aarav,Engineering,23,14.0,44836.51,4.96,
E014258,Tara,Engineering,23,22.0,39053.1,9.3,2031-01-05
E014259,Tara,Operations,38,12.0,111125.55,9.7,2031-01-05
E014260,Nisha,Marketing,50,29.0,23061.37,8.53,2031-01-06
E014261,Nisha,HR,47,30.0,13326.97,6.6,2031-01-06
E014262,Diya,Marketing,30,5.0,82746.64,8.97,2031-01-06
E014263,Kabir,Finance,49,2.0,56102.57,2.77,2031-01-07
E014264,Isha,Marketing,58,1.0,52540.13,8.78,2031-01-07
E014265,Diya,Finance,22,3.0,8648.64,3.36,2031-01-07
E014266,Kabir,HR,42,4.0,98831.69,7.28,2031-01-08
E014267,,Operations,46,2.0,98811.08,5.56,2031-01-08
E014268,Isha,Marketing,59,32.0,57027.31,2.99,2031-01-08
E014269,Diya,Operations,25,6.0,32888.4,1.9,2031-01-09
E014270,Tara,Marketing,57,29.0,88838.97,5.04,2031-01-09
E014271,Kabir,Operations,42,29.0,60819.49,1.79,2031-01-09
E014272,Aarav,Marketing,44,13.0,112563.26,3.08,2031-01-10
E014273,Rohan,Finance,49,11.0,83961.41,4.49,2031-01-10
E014274,Diya,HR,27,27.0,86938.41,5.04,2031-01-10
E014275,Aditya,HR,46,31.0,61338.45,1.74,2031-01-11
E014276,Aditya,Engineering,57,6.0,67531.45,9.84,2031-01-11
E014277,Nisha,Engineering,45,23.0,46910.48,2.61,2031-01-11
E014278,Nisha,Finance,31,12.0,60910.25,8.36,2031-01-12
E014279,Kabir,Marketing,27,32.0,51036.14,4.9,2031-01-12
E014280,Aarav,Engineering,27,25.0,80287.5,4.21,2031-01-12
E014281,Diya,Engineering,52,10.0,73877.69,7.27,2031-01-13
E014282,Kabir,Engineering,31,9.0,43051.84,4.74,2031-01-13
E014283,Kabir,Engineering,29,32.0,57664.58,1.72,2031-01-13
E014284,Tara,HR,52,8.0,47236.66,2.54,2031-01-14
E014285,Aditya,HR,61,20.0,61365.58,1.55,2031-01-14
E014286,Nisha,Finance,38,29.0,54997.83,2.15,2031-01-14
E014287,Tara,Marketing,57,33.0,39252.88,3.23,2031-01-15
E014288,Diya,Marketing,28,17.0,91219.75,3.01,2031-01-15
E014289,Tara,Operations,55,18.0,26739.97,1.62,2031-01-15
E014290,Rohan,Engineering,57,6.0,83575.69,6.17,2031-01-16
E014291,Rohan,Marketing,29,2.0,100867.44,5.15,2031-01-16
E014292,Kabir,Sales,37,4.0,84706.25,8.63,2031-01-16
E014293,Tara,HR,50,19.0,96639.53,2.7,2031-01-17
E014294,Aarav,HR,45,7.0,53812.79,3.07,2031-01-17
E014295,Aarav,Sales,58,26.0,25608.73,2.67,2031-01-17
E014296,Diya,Marketing,35,12.0,110006.83,3.7,2031-01-18
E014297,Nisha,Operations,59,26.0,65193.76,1.01,2031-01-18
E014298,Rohan,HR,54,13.0,55858.74,4.44,2031-01-18
E014299,Rohan,Finance,61,15.0,70150.04,8.4,2031-01-19
E014300,Nisha,Finance,55,12.0,52661.12,3.02,2031-01-19
E014301,Diya,HR,90,6.0,68858.26,5.22,2031-01-19
E014302,Diya,Marketing,34,13.0,79075.37,2.58,2031-01-20
E014303,Isha,Sales,49,6.0,56372.03,1.55,
E014304,Isha,Fin,55,30.0,91442.78,2.64,2031-01-20
E014305,Aarav,Engineering,24,18.0,34948.74,4.35,2031-01-21
E014306,Kabir,Operations,28,13.0,99949.91,8.76,2031-01-21
E014307,Isha,Sales,38,5.0,30847.16,8.73,2031-01-21
E014308,Kabir,Finance,51,33.0,41509.45,9.6,2031-01-22
E014309,Aditya,Sales,45,1.0,71396.98,1.62,2031-01-22
E014310,Tara,Finance,32,31.0,37832.31,6.9,2031-01-22
E014311,Tara,Sales,57,26.0,73622.83,8.09,2031-01-23
E014312,Nisha,HR,27,31.0,1449.04,4.16,2031-01-23
E014313,Kabir,Finance,57,8.0,78520.13,9.69,2031-01-23
E014314,Aditya,Marketing,48,22.0,54836.33,3.69,2031-01-24
E014315,Aarav,Operations,22,27.0,77896.22,9.8,2031-01-24
E014316,Tara,HR,46,8.0,139451.58,6.44,2031-01-24
E014317,Isha,Finance,56,8.0,64204.16,8.38,2031-01-25
E014318,Tara,HR,27,33.0,78971.97,7.04,2031-01-25
E014319,Aarav,Marketing,34,18.0,115412.31,5.74,2031-01-25
E014320,Aditya,Marketing,55,22.0,53913.37,6.17,2031-01-26
E014321,,HR,45,5.0,89475.19,7.56,2031-01-26
E014322,Kabir,Finance,50,26.0,93981.16,9.77,2031-01-26
E014323,Aarav,Operations,25,,81498.3,4.11,2031-01-27
E014324,Diya,Operations,45,22.0,31335.17,1.53,2031-01-27
E014325,Kabir,Operations,42,,102157.5,7.8,2031-01-27
E014326,Diya,HR,41,26.0,81764.26,7.7,2031-01-28
E014327,Isha,HR,37,0.0,64937.64,4.4,2031-01-28
E014328,Kabir,HR,30,4.0,71858.59,5.5,2031-01-28
E014329,Kabir,Finance,23,3.0,74541.09,4.95,2031-01-29
E014330,Isha,Operations,37,0.0,22395.6,8.02,2031-01-29
E014331,Isha,Operations,43,6.0,74334.69,1.99,2031-01-29
E014332,Isha,Engineering,49,31.0,90106.48,8.26,2031-01-30
E014333,Nisha,Sales,56,6.0,65775.08,8.93,2031-01-30
E014334,Aarav,Marketing,29,5.0,49418.18,1.37,2031-01-30
,Aarav,Sales,31,7.0,35939.02,1.15,2031-01-31
E014336,Nisha,Engineering,50,19.0,98638.65,7.44,2031-01-31
E014337,Kabir,Operations,33,21.0,84478.46,3.77,2031-01-31
E014338,Aditya,Operations,27,27.0,90801.86,9.36,2031-02-01
E014339,Tara,Marketing,60,32.0,49282.87,9.56,2031-02-01
E014340,Kabir,Engineering,59,17.0,76944.64,9.83,2031-02-01
,Isha,Sales,49,14.0,74349.35,3.37,2031-02-02
E014342,Nisha,HR,34,9.0,63243.28,6.99,2031-02-02
E014343,Aditya,HR,26,27.0,96634.27,6.64,2031-02-02
E014344,Isha,Sales,41,18.0,83150.45,5.86,2031-02-03
E014345,Aditya,Engineering,25,25.0,27833.48,4.77,2031-02-03
E014346,Kabir,Operations,32,24.0,48405.91,9.46,
E014347,Nisha,Engineering,35,21.0,51271.2,3.79,
E014348,Diya,Finance,47,0.0,55415.49,7.57,2031-02-04
E014349,Isha,Marketing,26,32.0,88809.11,7.27,2031-02-04
E014350,Aarav,Finance,52,13.0,96967.32,9.82,2031-02-05
E014351,Rohan,HR,33,21.0,78189.78,3.63,2031-02-05
E014352,,Sales,40,26.0,97891.08,5.76,2031-02-05
E014353,Diya,Finance,38,13.0,34323.62,5.73,
E014354,Isha,Finance,41,5.0,57024.86,6.36,2031-02-06
E014355,Nisha,Finance,29,14.0,24221.6,7.46,2031-02-06
E014356,Rohan,Marketing,42,12.0,86812.68,1.64,2031-02-07
E014357,Kabir,Operations,61,12.0,69692.98,4.27,2031-02-07
E014358,Aditya,Sales,47,21.0,70528.44,7.91,2031-02-07
E014359,Nisha,Engineering,39,23.0,57816.87,7.06,2031-02-08
E014360,Nisha,Marketing,24,7.0,75725.79,8.08,2031-02-08
E014361,Rohan,Sales,48,27.0,77119.19,5.77,2031-02-08
E014362,Isha,Sales,59,13.0,75493.01,1.5,2031-02-09
E014363,Tara,Operations,54,9.0,75066.24,7.8,2031-02-09
E014364,Diya,Marketing,30,23.0,112078.7,4.17,2031-02-09
E014365,Aditya,Sales,40,30.0,95692.0,2.12,2031-02-10
E014366,Rohan,Finance,25,34.0,75885.94,2.61,2031-02-10
E014367,Isha,Sales,21,11.0,84981.77,3.49,2031-02-10
E014368,Diya,Operations,54,24.0,80467.29,7.97,2031-02-11
E014369,Isha,Finance,29,4.0,94641.69,4.26,2031-02-11
E014370,Aarav,Engineering,24,19.0,85717.41,7.39,2031-02-11
E014371,Kabir,Sales,37,13.0,71304.62,2.71,2031-02-12
E014372,Aarav,Finance,27,19.0,68530.21,9.26,
E014373,Tara,Engineering,30,8.0,73432.73,8.16,2031-02-12
E014374,Aarav,Sales,23,10.0,45249.56,9.27,2031-02-13
E014375,Kabir,Engineering,60,20.0,71600.8,5.52,2031-02-13
E014376,Aditya,Operations,48,22.0,39763.43,3.07,2031-02-13
E014377,Rohan,Finance,39,10.0,41715.53,6.06,2031-02-14
E014378,,Sales,51,18.0,70449.87,3.48,2031-02-14
E014379,Kabir,Sales,34,11.0,45100.19,4.82,2031-02-14
E014380,Kabir,Sales,33,29.0,120699.65,5.6,2031-02-15
E014381,Rohan,Sales,43,31.0,80257.52,5.76,2031-02-15
E014382,Rohan,Sales,30,17.0,108953.29,9.42,2031-02-15
E014383,Rohan,Engineering,27,17.0,101805.27,6.31,2031-02-16
E014384,Aarav,Finance,25,30.0,-8572.4,8.16,2031-02-16
E014385,Isha,Sales,30,22.0,69520.25,6.31,2031-02-16
E014386,Aditya,Operations,37,28.0,107168.3,4.5,2031-02-17
E014387,Kabir,Engineering,52,30.0,75749.64,3.85,2031-02-17
E014388,Tara,Marketing,50,14.0,54550.04,1.66,2031-02-17
E014389,Nisha,Sales,34,34.0,34926.19,8.33,2031-02-18
E014390,,Operations,29,15.0,51327.55,4.74,2031-02-18
E014391,Isha,Operations,38,19.0,41740.45,9.17,2031-02-18
E014392,Aditya,Human Resources,29,11.0,2761.36,3.03,2031-02-19
E014393,Rohan,Engineering,61,3.0,61714.71,2.2,2031-02-19
E014394,Aditya,Operations,32,29.0,74378.85,8.98,2031-02-19
E014395,Kabir,Sales,24,26.0,88876.27,7.96,2031-02-20
E014396,Aarav,Marketing,58,0.0,80709.39,3.66,2031-02-20
E014397,Isha,Engineering,54,4.0,85929.24,3.86,2031-02-20
E014398,Kabir,Finance,26,9.0,32468.53,3.02,2031-02-21
E014399,Aditya,Operations,22,,54485.74,6.77,2031-02-21
E014400,Isha,HR,45,33.0,28793.99,1.01,2031-02-21
E014401,Kabir,Engineering,34,26.0,114072.78,8.66,
E014402,Aditya,Engineering,31,13.0,75746.78,3.57,2031-02-22
E014403,Kabir,Sales,55,8.0,75161.98,6.03,2031-02-22
E014404,Aarav,Engineering,21,13.0,93679.63,4.69,2031-02-23
E014405,Aarav,Finance,43,7.0,68834.85,5.74,2031-02-23
E014406,Rohan,Engineering,21,26.0,104147.35,3.45,2031-02-23
E014407,Aarav,Engineering,41,24.0,59486.23,4.63,2031-02-24
E014408,Aditya,Operations,34,12.0,64431.44,9.37,2031-02-24
E014409,Isha,Engineering,54,2.0,81282.24,2.77,2031-02-24
E014410,Tara,Sales,47,9.0,75880.98,8.26,2031-02-25
E014411,Isha,Finance,51,7.0,73055.84,2.45,2031-02-25
E014412,Diya,Engineering,23,21.0,49642.48,1.39,2031-02-25
E014413,Tara,Finance,45,29.0,58747.65,1.67,2031-02-26
E014414,Diya,HR,61,19.0,93786.05,9.19,2031-02-26
E014415,Diya,Operations,61,27.0,58084.85,3.49,2031-02-26
E014416,Rohan,Sales,52,24.0,86701.98,8.75,2031-02-27
E014417,Diya,Sales,42,10.0,48026.69,9.7,2031-02-27
E014418,Nisha,Sales,57,24.0,82543.17,7.02,2031-02-27
E014419,Aditya,HR,51,14.0,88455.32,1.64,2031-02-28
E014420,Kabir,Engineering,60,33.0,82943.98,5.86,2031-02-28
E014421,Aditya,Engineering,32,21.0,67276.78,2.67,2031-02-28
E014422,Diya,Engineering,22,4.0,64719.11,8.85,2031-03-01
E014423,Kabir,Engineering,43,31.0,119412.22,1.37,2031-03-01
,Rohan,Operations,41,30.0,98443.66,3.69,
E014425,Nisha,HR,40,18.0,71259.27,7.41,2031-03-02
E014426,Diya,Finance,59,10.0,46095.87,7.5,2031-03-02
E014427,Diya,Sales,49,2.0,96488.52,4.11,2031-03-02
E014428,Kabir,Finance,40,6.0,51001.05,3.54,2031-03-03
E014429,Aditya,HR,55,13.0,65739.44,1.88,2031-03-03
E014430,Diya,Finance,55,17.0,47509.39,5.67,2031-03-03
E014431,Kabir,Operations,36,7.0,48942.26,3.44,2031-03-04
E014432,Nisha,Sales,50,31.0,67771.05,7.08,2031-03-04
E014433,Rohan,Marketing,22,23.0,87192.28,9.03,2031-03-04
E014434,Aarav,Engineering,49,33.0,68965.46,5.66,2031-03-05
E014435,Rohan,Engineering,35,25.0,125584.78,6.39,2031-03-05
E014436,Aarav,Operations,27,19.0,64656.25,2.95,2031-03-05
E014437,Aarav,HR,48,18.0,87539.1,7.88,2031-03-06
E014438,Rohan,Finance,46,7.0,29357.02,5.94,2031-03-06
E014439,Nisha,Finance,56,31.0,59699.65,6.45,2031-03-06
E014440,Rohan,Marketing,29,9.0,39715.58,7.45,2031-03-07
E014441,Aditya,Finance,32,3.0,80394.93,4.78,2031-03-07
E014442,Rohan,Marketing,26,22.0,78319.72,6.07,2031-03-07
E014443,Aarav,Engineering,55,33.0,99144.16,4.25,2031-03-08
E014444,Nisha,Engineering,60,27.0,99273.37,1.34,2031-03-08
E014445,Kabir,Operations,22,14.0,86919.09,3.41,2031-03-08
E014446,Diya,Marketing,51,4.0,63909.68,7.13,2031-03-09
E014447,Aarav,Finance,36,33.0,92503.09,2.0,2031-03-09
E014448,Aarav,Finance,46,3.0,79312.94,8.44,2031-03-09
E014449,Kabir,Finance,51,19.0,32384.05,3.93,2031-03-10
E014450,Diya,Finance,28,27.0,84013.22,1.22,
E014451,Isha,Operations,28,29.0,77591.85,4.54,2031-03-10
E014452,Rohan,Finance,55,5.0,70769.56,7.72,2031-03-11
E014453,Rohan,Finance,36,25.0,87980.93,9.87,2031-03-11
E014454,Rohan,Engineering,36,19.0,45398.88,3.74,2031-03-11
E014455,Aarav,Sales,27,3.0,77991.87,4.5,2031-03-12
E014456,Diya,Marketing,57,3.0,79814.88,2.47,2031-03-12
E014457,Tara,Marketing,60,28.0,112313.38,2.26,2031-03-12
E014458,Rohan,Sales,36,19.0,54654.23,3.45,2031-03-13
E014459,Kabir,Operations,55,34.0,13642.41,2.51,2031-03-13
E014460,Aarav,Engineering,51,,67242.41,4.58,2031-03-13
E014461,Diya,Engineering,40,33.0,22736.84,4.04,2031-03-14
E014462,Rohan,Marketing,24,26.0,31409.87,4.9,2031-03-14
E014463,Isha,HR,21,0.0,71267.79,9.02,2031-03-14
E014464,Tara,Operations,32,24.0,88251.32,1.33,2031-03-15
E014465,Rohan,Marketing,46,13.0,104428.68,4.85,2031-03-15
E014466,Nisha,Sales,35,19.0,87578.5,7.18,2031-03-15
E014467,Kabir,Finance,48,1.0,44665.09,1.04,2031-03-16
E014468,Diya,Engineering,22,34.0,70600.51,7.17,2031-03-16
E014469,Nisha,Engineering,56,28.0,44322.75,5.49,2031-03-16
E014470,Nisha,Finance,50,,62841.55,1.73,2031-03-17
E014471,Nisha,Operations,54,32.0,62107.03,6.85,2031-03-17
E014472,Aditya,Marketing,47,12.0,84068.99,9.4,2031-03-17
E014473,Diya,Sales,29,,53195.67,8.53,
E014474,Kabir,Operations,39,1.0,105336.28,4.77,2031-03-18
E014475,Isha,Sales,28,22.0,72222.2,7.85,2031-03-18
E014476,Isha,HR,42,33.0,54776.15,6.8,2031-03-19
E014477,Tara,Marketing,53,27.0,52665.73,9.83,2031-03-19
E014478,Aarav,HR,50,22.0,38627.76,9.99,2031-03-19
E014479,Diya,HR,21,,56562.64,2.25,2031-03-20
E014480,Kabir,Marketing,27,31.0,109432.45,3.19,2031-03-20
E014481,Kabir,Operations,22,12.0,64059.47,5.9,2031-03-20
E014482,Nisha,HR,38,7.0,59291.97,8.09,2031-03-21
E014483,Isha,Engineering,34,3.0,106796.75,1.69,2031-03-21
E014484,Nisha,Engineering,55,0.0,35896.3,5.26,2031-03-21
E014485,Diya,Sales,30,11.0,100797.92,5.7,2031-03-22
E014486,Rohan,Operations,55,12.0,81454.06,8.06,2031-03-22
E014487,Aditya,HR,55,1.0,69915.8,3.31,2031-03-22
E014488,Isha,Finance,55,6.0,117877.81,8.22,2031-03-23
E014489,Aditya,HR,49,5.0,90204.68,7.23,2031-03-23
E014490,Aarav,Finance,55,19.0,68565.38,3.75,2031-03-23
E014491,Isha,Finance,35,28.0,47118.13,3.33,2031-03-24
E014492,Kabir,Finance,44,16.0,51783.97,7.61,2031-03-24
E014493,Tara,Finance,30,25.0,84138.27,8.81,2031-03-24
E014494,Aditya,Marketing,22,4.0,57853.18,8.14,2031-03-25
E014495,Kabir,Operations,26,25.0,55534.97,5.12,2031-03-25
E014496,Aarav,Marketing,22,21.0,43793.28,8.28,2031-03-25
E014497,Isha,Marketing,59,5.0,88357.32,3.36,2031-03-26
E014498,Tara,Finance,44,28.0,88563.28,3.55,2031-03-26
E014499,Isha,Finance,37,32.0,70342.62,6.74,2031-03-26
E014500,Diya,HR,40,20.0,57220.8,4.85,2031-03-27
E014501,Isha,Marketing,42,4.0,71551.98,5.98,2031-03-27
E014502,Isha,Engineering,42,21.0,65642.83,1.61,2031-03-27
E014503,Aarav,Sales,47,17.0,58906.45,2.55,2031-03-28
E014504,Nisha,Operations,24,3.0,45074.6,4.61,2031-03-28
E014505,Nisha,Sales,38,34.0,63346.5,9.53,2031-03-28
E014506,Diya,Marketing,43,9.0,79454.76,6.79,2031-03-29
E014507,Nisha,Finance,56,16.0,2728.37,3.59,2031-03-29
E014508,Tara,Engineering,27,32.0,126012.88,7.64,2031-03-29
E014509,Nisha,Finance,26,27.0,83774.62,9.08,2031-03-30
E014510,Tara,Finance,32,26.0,57008.27,4.91,2031-03-30
E014511,Aarav,Marketing,56,18.0,17412.5,4.39,2031-03-30
E014512,Aditya,Engineering,22,30.0,42019.43,1.28,2031-03-31
E014513,Aarav,Operations,32,0.0,47022.2,9.24,2031-03-31
E014514,Aditya,Engineering,41,21.0,87620.95,7.48,2031-03-31
E014515,Tara,Engineering,32,28.0,59292.6,5.58,2031-04-01
E014516,Rohan,Finance,48,30.0,85698.43,9.67,2031-04-01
E014517,Aditya,Marketing,46,27.0,56474.54,4.2,2031-04-01
E014518,Tara,Marketing,56,25.0,51374.26,4.65,2031-04-02
E014519,Rohan,Engineering,48,5.0,102299.69,9.72,2031-04-02
E014520,Diya,Finance,57,2.0,68558.82,9.74,2031-04-02
E014521,Tara,Finance,37,33.0,30665.28,2.26,2031-04-03
E014522,Isha,Finance,46,28.0,109751.1,7.86,2031-04-03
E014523,Kabir,Engineering,26,17.0,83982.38,6.38,2031-04-03
E014524,Diya,Marketing,21,12.0,69585.73,3.47,2031-04-04
E014525,Isha,Marketing,25,19.0,66821.18,4.24,2031-04-04
E014526,Kabir,Finance,52,19.0,64161.24,3.3,2031-04-04
E014527,Aditya,HR,44,25.0,41635.79,8.3,2031-04-05
E014528,Tara,Marketing,58,8.0,62328.36,0.0,2031-04-05
E014529,Aarav,Operations,45,11.0,83387.54,2.37,2031-04-05
E014530,Nisha,Operations,25,9.0,7303.31,2.57,2031-04-06
E014531,Kabir,Operations,54,12.0,31738.86,9.75,2031-04-06
E014532,Nisha,Operations,46,2.0,33285.21,2.22,2031-04-06
E014533,Nisha,HR,46,6.0,59541.02,2.68,2031-04-07
E014534,Kabir,Finance,28,9.0,52481.29,4.9,2031-04-07
,Tara,Sales,37,2.0,80574.26,6.06,2031-04-07
E014536,Rohan,Marketing,48,20.0,39884.43,5.04,2031-04-08
E014537,Nisha,Engineering,49,19.0,68001.02,3.73,2031-04-08
E014538,Aarav,Operations,52,3.0,55967.01,2.1,2031-04-08
E014539,Nisha,Operations,41,13.0,58347.75,1.75,2031-04-09
E014540,Kabir,Finance,46,12.0,94064.06,3.26,2031-04-09
E014541,Isha,HR,58,32.0,90265.9,1.95,2031-04-09
E014542,Diya,Operations,45,15.0,96714.25,6.54,2031-04-10
E014543,Isha,Operations,42,17.0,58227.75,5.07,2031-04-10
E014544,Aarav,Sales,54,9.0,111818.45,2.99,2031-04-10
E014545,Diya,Operations,24,20.0,109182.38,1.75,2031-04-11
E014546,Aditya,HR,55,23.0,38578.76,5.07,2031-04-11
E014547,Aarav,Engineering,23,8.0,31694.08,5.69,2031-04-11
E014548,Aditya,Finance,36,15.0,106827.17,4.33,2031-04-12
E014549,Kabir,Engineering,59,32.0,56023.04,2.14,2031-04-12
,Kabir,HR,46,28.0,60690.72,7.24,2031-04-12
E014551,Isha,Finance,44,2.0,61611.17,8.59,2031-04-13
E014552,Aditya,Engineering,42,33.0,75318.48,3.56,2031-04-13
E014553,Aditya,HR,38,14.0,109369.19,9.53,2031-04-13
E014554,Nisha,Operations,27,33.0,55183.83,9.34,2031-04-14
E014555,Aditya,HR,35,14.0,59574.42,5.05,2031-04-14
E014556,Nisha,Sales,61,28.0,65102.8,2.72,2031-04-14
E014557,Aditya,Finance,22,24.0,87323.59,6.46,2031-04-15
E014558,Isha,HR,60,15.0,69915.67,8.42,2031-04-15
E014559,Aditya,Sales,28,24.0,71504.82,6.8,2031-04-15
E014560,Nisha,Finance,47,23.0,55252.84,9.82,2031-04-16
E014561,Isha,Marketing,37,12.0,71189.4,7.27,2031-04-16
E014562,Nisha,Sales,41,20.0,50926.77,2.25,2031-04-16
E014563,Tara,Sales,25,23.0,90280.29,3.67,2031-04-17
E014564,,Operations,21,34.0,33260.01,9.74,2031-04-17
E014565,Diya,Engineering,61,12.0,106765.18,5.4,2031-04-17
E014566,Tara,Sales,31,6.0,71596.86,4.73,2031-04-18
E014567,Isha,Engineering,41,30.0,60449.0,5.62,2031-04-18
E014568,,HR,50,22.0,111881.46,1.87,2031-04-18
E014569,Isha,Sales,54,17.0,53184.52,9.03,2031-04-19
E014570,Rohan,Marketing,51,21.0,85314.34,5.36,2031-04-19
E014571,Isha,Engineering,41,18.0,25455.3,8.82,2031-04-19
E014572,Isha,Marketing,51,26.0,58448.11,1.59,2031-04-20
E014573,Kabir,Operations,39,9.0,44605.67,5.26,2031-04-20
E014574,Rohan,Engineering,29,4.0,57841.88,2.35,2031-04-20
E014575,Diya,Marketing,59,60.0,100088.6,4.17,2031-04-21
E014576,Aditya,Finance,37,5.0,65976.11,7.02,2031-04-21
E014577,Rohan,Sales,33,5.0,93557.63,5.43,2031-04-21
E014578,Rohan,Operations,38,31.0,100094.11,8.9,2031-04-22
E014579,Aarav,Operations,25,24.0,69523.68,4.4,2031-04-22
E014580,Nisha,Engineering,31,12.0,146738.01,9.84,2031-04-22
E014581,Tara,Sales,55,6.0,61000.17,5.56,2031-04-23
E014582,Aarav,Sales,43,29.0,96852.98,2.06,2031-04-23
E014583,Isha,HR,34,12.0,91257.85,4.28,2031-04-23
E014584,Kabir,Finance,61,7.0,80246.5,5.41,2031-04-24
E014585,Aditya,HR,21,26.0,77005.15,1.27,2031-04-24
E014586,Isha,Finance,41,2.0,36311.39,5.82,2031-04-24
E014587,Tara,Finance,25,28.0,29880.29,8.28,2031-04-25
E014588,Diya,Operations,61,13.0,20016.65,6.23,2031-04-25
E014589,Diya,Engineering,46,6.0,50201.36,6.15,2031-04-25
E014590,Kabir,Engineering,28,5.0,54577.45,6.12,2031-04-26
E014591,Rohan,HR,25,11.0,105660.91,2.27,2031-04-26
E014592,Tara,Marketing,48,33.0,100054.51,5.19,2031-04-26
E014593,Aditya,Marketing,26,8.0,63526.72,3.03,2031-04-27
E014594,Rohan,Operations,23,11.0,56465.51,3.42,2031-04-27
E014595,Nisha,Sales,30,14.0,152358.55,1.75,2031-04-27
E014596,Diya,Engineering,56,15.0,85568.75,1.22,2031-04-28
E014597,Nisha,Operations,53,29.0,59375.15,2.21,2031-04-28
E014598,Nisha,Engineering,43,25.0,55031.76,8.91,2031-04-28
E014599,Aditya,Finance,31,4.0,39795.19,8.47,2031-04-29
E014600,Tara,HR,29,9.0,42501.13,8.51,2031-04-29
E014601,Aditya,Marketing,59,22.0,47352.46,8.38,2031-04-29
E014602,Tara,Finance,34,3.0,95962.56,4.85,2031-04-30
E014603,Nisha,Engineering,42,29.0,104145.98,5.09,2031-04-30
E014604,Kabir,Sales,41,16.0,90928.4,1.32,2031-04-30
E014605,Isha,Operations,48,10.0,38656.91,9.76,2031-05-01
E014606,Aarav,Marketing,44,21.0,75190.33,5.87,2031-05-01
E014607,Aarav,Operations,56,24.0,74558.72,4.57,2031-05-01
,Kabir,HR,32,3.0,67284.68,7.21,2031-05-02
E014609,Isha,HR,43,34.0,53914.44,6.75,2031-05-02
E014610,Aditya,Marketing,39,15.0,22788.78,4.86,2031-05-02
E014611,Kabir,Sales,46,9.0,67807.5,4.5,2031-05-03
E014612,Isha,Operations,54,13.0,74893.66,1.39,2031-05-03
E014613,Aditya,Sales,24,29.0,41500.59,5.81,2031-05-03
E014614,Aarav,Finance,49,15.0,34750.71,8.13,2031-05-04
E014615,Aarav,HR,37,2.0,44088.06,1.57,2031-05-04
E014616,Aditya,Operations,57,11.0,128284.79,6.59,2031-05-04
E014617,Tara,Sales,50,14.0,91417.26,6.26,2031-05-05
E014618,Tara,HR,22,1.0,80976.77,4.82,2031-05-05
E014619,Aditya,HR,32,24.0,96059.57,3.03,2031-05-05
E014620,Tara,Marketing,56,16.0,117545.16,5.15,2031-05-06
E014621,Kabir,Marketing,46,2.0,61855.73,1.7,2031-05-06
E014622,Isha,Finance,59,2.0,89563.12,8.18,2031-05-06
E014623,Aditya,Marketing,40,23.0,77428.8,2.81,2031-05-07
E014624,Aarav,Operations,24,9.0,60611.89,6.39,2031-05-07
E014625,Kabir,Sales,49,11.0,87744.14,7.7,2031-05-07
E014626,Tara,HR,28,4.0,50980.68,3.38,2031-05-08
E014627,Kabir,Sales,22,1.0,79685.91,7.97,2031-05-08
E014628,Aditya,HR,60,1.0,66250.54,5.37,2031-05-08
E014629,Aarav,Finance,31,34.0,29001.24,9.73,2031-05-09
E014630,Diya,HR,26,5.0,75955.39,8.71,2031-05-09
E014631,Rohan,Marketing,52,17.0,65436.53,5.96,2031-05-09
E014632,Aditya,Marketing,29,33.0,49611.36,7.22,2031-05-10
E014633,Diya,Engineering,45,4.0,61193.45,4.31,2031-05-10
E014634,Diya,Engineering,61,0.0,86038.15,6.59,2031-05-10
E014635,Aarav,Engineering,54,23.0,61517.04,8.89,2031-05-11
E014636,Isha,Operations,36,33.0,81950.59,4.82,2031-05-11
E014637,Diya,Marketing,44,17.0,45577.35,2.08,2031-05-11
E014638,Nisha,HR,45,12.0,70773.86,7.49,2031-05-12
E014639,Isha,Sales,58,8.0,101558.64,7.92,2031-05-12
E014640,Aditya,Sales,60,5.0,46658.6,6.13,2031-05-12
E014641,Tara,Operations,25,32.0,90407.84,4.53,2031-05-13
E014642,Aarav,Finance,59,6.0,63247.73,9.73,2031-05-13
E014643,Aditya,Operations,25,1.0,84207.49,7.22,2031-05-13
E014644,Tara,HR,41,8.0,90985.62,4.75,2031-05-14
E014645,Rohan,Operations,26,26.0,64055.74,6.58,2031-05-14
E014646,Tara,HR,46,16.0,90568.17,2.11,2031-05-14
E014647,Aarav,Engineering,37,17.0,24711.77,3.39,2031-05-15
E014648,Aarav,Sales,57,6.0,79378.13,6.26,2031-05-15
E014649,Nisha,Engineering,25,21.0,50114.88,6.04,2031-05-15
E014650,Aarav,Engineering,31,16.0,77603.73,7.82,2031-05-16
E014651,Aditya,HR,53,9.0,79964.04,6.12,2031-05-16
E014652,Nisha,HR,40,7.0,44330.74,4.84,2031-05-16
E014653,Aarav,Finance,56,32.0,115904.65,6.03,2031-05-17
E014654,Diya,Engineering,23,28.0,16149.7,4.19,2031-05-17
E014655,Tara,Marketing,52,18.0,35162.27,9.44,2031-05-17
E014656,Aditya,HR,26,32.0,91703.26,1.84,2031-05-18
E014657,Nisha,Engineering,46,7.0,91301.72,2.31,2031-05-18
E014658,Aditya,Sales,23,32.0,61823.88,7.16,2031-05-18
E014659,Tara,HR,24,13.0,92710.1,5.0,2031-05-19
E014660,Nisha,HR,55,20.0,77579.98,8.35,2031-05-19
E014661,Nisha,Marketing,24,23.0,32809.72,1.74,2031-05-19
E014662,Aditya,HR,33,24.0,103836.32,2.87,2031-05-20
E014663,Aarav,Finance,42,21.0,66070.0,9.46,2031-05-20
E014664,Kabir,Operations,39,3.0,74854.21,4.84,2031-05-20
E014665,Diya,Marketing,56,29.0,45138.13,5.38,2031-05-21
E014666,Isha,Operations,47,18.0,100595.72,6.32,2031-05-21
E014667,Aarav,Marketing,46,15.0,75709.47,2.7,2031-05-21
E014668,Kabir,Marketing,59,5.0,95856.81,8.5,2031-05-22
E014669,Rohan,Sales,40,24.0,83757.22,5.95,2031-05-22
E014670,Kabir,Engineering,28,25.0,60765.42,7.6,2031-05-22
E014671,Aditya,Marketing,36,27.0,77156.88,4.83,2031-05-23
E014672,Aarav,Operations,45,28.0,43120.11,3.96,2031-05-23
E014673,Diya,Marketing,21,19.0,36848.33,2.79,2031-05-23
E014674,Nisha,Sales,59,10.0,55589.63,1.61,2031-05-24
E014675,Nisha,Finance,29,13.0,92109.38,2.2,2031-05-24
E014676,Isha,HR,33,34.0,81060.22,8.56,2031-05-24
E014677,Nisha,Engineering,34,13.0,39170.06,9.09,2031-05-25
E014678,Diya,Sales,55,26.0,65272.63,9.09,2031-05-25
E014679,Tara,Engineering,29,7.0,68995.38,7.89,2031-05-25
E014680,Diya,HR,43,,38109.91,3.47,2031-05-26
E014681,Tara,Operations,40,17.0,34134.63,8.18,2031-05-26
E014682,Aarav,Finance,44,29.0,108399.11,3.89,2031-05-26
E014683,Tara,Finance,34,15.0,76779.68,8.22,2031-05-27
E014684,Aditya,Marketing,43,7.0,70308.15,4.93,2031-05-27
,Tara,Marketing,29,21.0,47877.08,8.96,2031-05-27
E014686,Nisha,Marketing,49,30.0,34801.69,6.62,2031-05-28
E014687,Tara,Operations,54,28.0,24518.74,1.8,2031-05-28
,Diya,Engineering,47,26.0,115522.75,2.37,2031-05-28
E014689,Aarav,Engineering,23,3.0,41291.13,1.15,2031-05-29
E014690,Diya,Operations,25,24.0,46235.65,8.51,2031-05-29
E014691,Kabir,Sales,28,25.0,13811.29,6.48,2031-05-29
E014692,Nisha,HR,47,16.0,82646.71,1.43,2031-05-30
E014693,Aarav,Operations,21,5.0,94045.35,4.36,2031-05-30
E014694,Aarav,Engineering,61,27.0,85444.38,7.02,2031-05-30
E014695,Rohan,HR,29,23.0,117383.4,1.96,2031-05-31
E014696,Kabir,Engineering,32,27.0,117181.26,7.55,2031-05-31
E014697,Tara,Marketing,51,25.0,12049.62,8.6,2031-05-31
E014698,Rohan,Marketing,28,8.0,71906.99,6.76,2031-06-01
E014699,Aditya,Engineering,61,29.0,60892.71,6.69,2031-06-01
E014700,Diya,HR,44,20.0,39771.52,8.27,2031-06-01
E014701,Tara,HR,49,32.0,62101.59,6.18,2031-06-02
E014702,Aditya,Marketing,41,19.0,73785.48,9.72,2031-06-02
E014703,Aditya,Finance,40,16.0,102934.83,7.53,2031-06-02
E014704,Tara,HR,52,31.0,47349.86,6.13,2031-06-03
E014705,Diya,Operations,55,24.0,59696.7,6.13,2031-06-03
E014706,Diya,Sales,26,31.0,29789.16,6.9,2031-06-03
E014707,Rohan,Marketing,41,24.0,44012.28,6.26,2031-06-04
E014708,Tara,HR,45,7.0,90508.22,1.41,2031-06-04
E014709,Nisha,Engineering,27,4.0,62898.38,8.85,2031-06-04
E014710,Tara,HR,36,31.0,81485.78,8.46,2031-06-05
E014711,Diya,Finance,24,27.0,54024.8,9.64,2031-06-05
E014712,Tara,HR,27,25.0,62717.34,7.07,2031-06-05
E014713,Tara,Marketing,26,27.0,14331.04,7.12,2031-06-06
E014714,Diya,Finance,26,23.0,98633.19,3.86,2031-06-06
E014715,Aarav,Sales,37,24.0,70887.86,9.11,2031-06-06
E014716,Tara,Operations,39,32.0,53220.4,4.45,2031-06-07
E014717,Aarav,Marketing,24,25.0,61224.23,6.35,2031-06-07
E014718,Rohan,Engineering,24,23.0,79676.44,1.83,2031-06-07
E014719,Tara,Engineering,40,30.0,102352.0,4.9,2031-06-08
E014720,Aarav,Finance,31,6.0,60079.21,5.72,2031-06-08
E014721,Aditya,Sales,53,12.0,39957.21,7.89,2031-06-08
E014722,Kabir,Engineering,32,12.0,57304.71,5.02,2031-06-09
E014723,Isha,HR,58,22.0,53643.51,9.48,2031-06-09
E014724,Aarav,Finance,37,12.0,59078.08,7.2,2031-06-09
E014725,Isha,Engineering,32,15.0,95126.44,3.17,2031-06-10
E014726,Aarav,Marketing,40,32.0,50646.34,1.26,2031-06-10
E014727,Rohan,Operations,52,21.0,53067.15,6.87,2031-06-10
E014728,Nisha,Finance,24,18.0,53335.56,6.94,2031-06-11
E014729,Tara,Marketing,58,11.0,92674.83,4.07,2031-06-11
E014730,Diya,Sales,25,5.0,30342.07,4.06,2031-06-11
E014731,Tara,Engineering,48,22.0,56998.91,7.14,2031-06-12
E014732,Tara,Operations,29,6.0,71578.1,4.47,2031-06-12
E014733,Diya,Operations,31,3.0,100392.62,2.16,2031-06-12
E014734,Aditya,Engineering,30,16.0,50322.59,7.99,2031-06-13
E014735,Kabir,Engineering,28,19.0,117073.35,8.52,2031-06-13
E014736,Isha,Marketing,54,1.0,66164.71,8.48,2031-06-13
E014737,Tara,Finance,28,26.0,28254.46,3.82,2031-06-14
E014738,Tara,Marketing,40,25.0,72971.44,8.93,2031-06-14
E014739,Nisha,Sales,39,19.0,68580.85,3.9,2031-06-14
E014740,Tara,Operations,53,1.0,48520.91,6.36,2031-06-15
E014741,Isha,Sales,24,11.0,82958.3,7.35,2031-06-15
E014742,Kabir,Marketing,49,31.0,79217.41,6.29,2031-06-15
E014743,Kabir,HR,48,12.0,69255.51,2.1,2031-06-16
E014744,Aarav,Marketing,44,18.0,55072.44,5.21,2031-06-16
E014745,Aditya,HR,37,23.0,35343.31,7.12,2031-06-16
E014746,Diya,Operations,51,7.0,97579.26,4.95,2031-06-17
E014747,Aditya,Finance,58,23.0,85642.48,3.76,2031-06-17
E014748,Diya,Sales,22,14.0,25081.28,3.05,2031-06-17
E014749,Aarav,Finance,41,30.0,55241.57,7.9,2031-06-18
E014750,Aarav,Marketing,48,1.0,32215.99,1.94,2031-06-18
E014751,Aarav,Marketing,46,32.0,82990.39,5.77,2031-06-18
E014752,Rohan,Marketing,51,32.0,78703.77,4.33,2031-06-19
,Nisha,Marketing,24,32.0,21364.99,6.97,2031-06-19
E014754,Kabir,Sales,27,7.0,81131.03,9.54,2031-06-19
E014755,Nisha,HR,58,2.0,44489.91,2.51,2031-06-20
E014756,Kabir,Operations,25,22.0,68579.06,7.54,2031-06-20
E014757,Rohan,Engineering,29,15.0,56279.69,7.77,2031-06-20
E014758,Isha,Operations,58,27.0,123064.94,9.54,2031-06-21
E014759,Diya,Engineering,58,14.0,56772.33,3.56,2031-06-21
E014760,Tara,Finance,54,20.0,76335.88,8.69,2031-06-21
E014761,Nisha,HR,37,13.0,87991.56,7.15,2031-06-22
E014762,Kabir,Engineering,61,32.0,66305.69,9.87,2031-06-22
E014763,Tara,HR,54,28.0,96876.99,5.32,2031-06-22
E014764,Rohan,Marketing,24,29.0,49665.35,5.57,2031-06-23
E014765,Tara,Sales,38,23.0,83054.29,5.76,2031-06-23
E014766,Isha,HR,35,13.0,105975.25,9.34,2031-06-23
E014767,Aarav,Marketing,37,25.0,52927.79,3.48,2031-06-24
E014768,Rohan,Sales,43,30.0,55351.64,3.22,2031-06-24
E014769,Rohan,Engineering,38,26.0,65322.7,3.42,2031-06-24
E014770,Rohan,Operations,37,16.0,33332.99,1.59,2031-06-25
E014771,Diya,Marketing,59,24.0,93484.84,6.85,2031-06-25
E014772,Rohan,Engineering,24,34.0,72791.76,7.73,2031-06-25
E014773,Rohan,Operations,51,16.0,73405.44,6.92,2031-06-26
E014774,Aarav,Engineering,44,33.0,88496.66,2.69,2031-06-26
E014775,Nisha,Operations,59,26.0,88418.98,5.15,2031-06-26
E014776,Isha,HR,28,4.0,86017.03,7.3,2031-06-27
E014777,Tara,Engineering,37,3.0,68229.01,8.72,2031-06-27
E014778,Diya,Engineering,33,17.0,66798.51,9.56,2031-06-27
,Rohan,Marketing,21,9.0,71506.08,5.79,2031-06-28
E014780,Tara,Sales,51,2.0,76642.64,4.12,2031-06-28
E014781,Isha,Engineering,40,2.0,47715.43,5.06,2031-06-28
E014782,Nisha,Finance,61,20.0,54772.19,5.57,2031-06-29
E014783,Tara,Operations,30,21.0,48477.87,4.46,2031-06-29
E014784,Aditya,Engineering,40,18.0,52980.63,8.44,2031-06-29
E014785,,HR,31,25.0,55513.54,1.21,2031-06-30
E014786,Isha,Sales,61,29.0,48915.23,6.88,2031-06-30
E014787,Diya,Engineering,35,15.0,106614.86,7.56,2031-06-30
E014788,Aarav,HR,40,26.0,36566.92,7.15,2031-07-01
E014789,Tara,HR,23,13.0,106469.6,9.9,2031-07-01
E014790,Diya,Marketing,39,,96251.27,3.91,2031-07-01
E014791,Tara,Sales,35,7.0,83752.7,5.77,2031-07-02
E014792,Rohan,Sales,34,1.0,96394.74,9.09,2031-07-02
,Aditya,Engineering,22,5.0,34065.96,7.9,2031-07-02
E014794,Isha,Sales,57,18.0,107946.59,8.67,2031-07-03
E014795,Diya,HR,50,22.0,78595.09,1.25,2031-07-03
E014796,Rohan,Sales,27,25.0,52992.19,4.44,2031-07-03
E014797,Rohan,Marketing,31,8.0,79197.86,4.01,2031-07-04
E014798,Aditya,Finance,52,,29703.45,2.04,2031-07-04
E014799,Kabir,Finance,21,11.0,67804.51,5.73,2031-07-04
E014800,Rohan,Sales,27,6.0,79334.57,6.28,2031-07-05
E014801,,Sales,22,10.0,82857.34,1.34,2031-07-05
E014802,,HR,28,10.0,76370.82,5.15,2031-07-05
E014803,Aarav,Marketing,24,5.0,103993.77,6.85,2031-07-06
E014804,Rohan,Sales,35,1.0,56270.77,4.16,2031-07-06
E014805,Isha,Finance,42,3.0,88825.13,9.68,2031-07-06
E014806,Diya,Engineering,36,24.0,75798.19,9.11,2031-07-07
E014807,Nisha,Finance,57,1.0,78573.95,5.39,2031-07-07
E014808,Tara,Sales,56,9.0,36730.46,8.32,2031-07-07
E014809,Rohan,Finance,52,19.0,152509.5,7.82,2031-07-08
E014810,Kabir,Sales,31,0.0,45228.03,9.95,2031-07-08
E014811,Tara,Marketing,33,19.0,95567.29,5.48,2031-07-08
E014812,Aarav,Marketing,21,23.0,73536.49,7.47,2031-07-09
E014813,Aditya,Marketing,23,25.0,55951.57,5.08,2031-07-09
E014814,Aarav,Operations,52,21.0,60621.54,8.01,2031-07-09
E014815,Kabir,Marketing,28,17.0,31401.76,8.2,2031-07-10
E014816,Aditya,Sales,34,7.0,19260.11,9.56,2031-07-10
E014817,Diya,Finance,57,27.0,67662.99,8.33,2031-07-10
E014818,Tara,Marketing,41,30.0,80582.29,4.89,2031-07-11
E014819,Rohan,HR,46,8.0,14838.85,8.53,2031-07-11
E014820,Kabir,Marketing,31,6.0,98318.4,8.53,2031-07-11
E014821,Nisha,Engineering,31,,57573.74,4.86,2031-07-12
E014822,Rohan,Operations,27,32.0,53520.96,5.49,2031-07-12
E014823,Tara,Operations,61,31.0,70469.48,4.7,2031-07-12
E014824,Tara,Engineering,25,0.0,86950.43,1.34,2031-07-13
E014825,Nisha,HR,38,17.0,45840.37,5.08,2031-07-13
E014826,Rohan,Operations,59,16.0,103279.7,3.76,2031-07-13
E014827,Diya,Sales,59,31.0,106700.71,3.76,2031-07-14
E014828,Kabir,Sales,59,27.0,76774.85,6.17,2031-07-14
E014829,Aarav,Finance,54,28.0,88117.41,2.42,2031-07-14
E014830,Aarav,Finance,40,25.0,69734.27,4.44,2031-07-15
E014831,Isha,Marketing,25,9.0,74960.85,3.17,2031-07-15
E014832,Tara,Finance,23,28.0,79165.24,4.63,2031-07-15
E014833,Aarav,Marketing,26,18.0,77688.2,3.51,2031-07-16
E014834,Tara,HR,34,25.0,69736.08,2.27,2031-07-16
E014835,Diya,Finance,42,24.0,56090.31,6.65,2031-07-16
E014836,Kabir,Operations,56,25.0,73623.62,4.12,2031-07-17
E014837,Aarav,HR,48,24.0,129644.98,5.91,2031-07-17
E014838,Aditya,Engineering,28,17.0,78404.2,1.95,2031-07-17
E014839,Aditya,Sales,36,15.0,87078.06,1.76,2031-07-18
E014840,Isha,HR,55,26.0,85946.89,7.92,2031-07-18
E014841,Diya,Finance,33,5.0,62887.91,5.01,2031-07-18
E014842,Nisha,Finance,47,24.0,67359.54,1.09,2031-07-19
E014843,Isha,Marketing,44,1.0,57906.93,6.95,2031-07-19
E014844,Rohan,HR,53,8.0,82981.0,7.75,2031-07-19
E014845,Tara,HR,27,26.0,108442.86,1.39,2031-07-20
E014846,Isha,Finance,28,19.0,30213.55,4.07,2031-07-20
E014847,Kabir,Operations,21,17.0,70194.57,6.84,2031-07-20
E014848,Diya,Operations,52,4.0,58315.7,3.68,2031-07-21
E014849,Diya,Engineering,31,25.0,77197.53,5.62,2031-07-21
E014850,Kabir,Finance,41,17.0,37747.14,5.04,2031-07-21
E014851,Tara,Engineering,55,3.0,76613.24,2.4,2031-07-22
E014852,Diya,Engineering,25,7.0,69281.84,4.18,2031-07-22
E014853,Aarav,Marketing,25,6.0,121647.63,9.28,2031-07-22
E014854,Tara,Operations,30,29.0,103131.56,6.64,2031-07-23
E014855,Nisha,Sales,43,9.0,57395.71,6.89,2031-07-23
E014856,Aarav,Operations,34,31.0,78186.91,7.89,2031-07-23
E014857,Tara,Operations,54,7.0,62522.38,8.54,2031-07-24
E014858,Aarav,Marketing,51,9.0,33013.13,4.78,2031-07-24
E014859,Kabir,Finance,40,27.0,49669.25,4.96,2031-07-24
E014860,Rohan,Finance,24,30.0,88184.23,6.07,2031-07-25
E014861,Rohan,Engineering,28,28.0,48228.83,2.27,2031-07-25
E014862,Diya,Operations,21,22.0,57888.7,3.96,2031-07-25
E014863,Nisha,Finance,27,32.0,92725.02,9.91,2031-07-26
E014864,Tara,Engineering,23,13.0,34987.59,2.14,2031-07-26
,Tara,Operations,33,11.0,107369.4,3.68,2031-07-26
E014866,Isha,Sales,48,22.0,69777.36,7.76,2031-07-27
E014867,Isha,HR,47,23.0,84899.21,9.03,
E014868,Nisha,HR,61,8.0,70898.6,6.06,2031-07-27
E014869,Aditya,Marketing,33,33.0,69129.27,3.02,2031-07-28
,Tara,Finance,58,19.0,104306.43,3.3,2031-07-28
E014871,Diya,Operations,26,21.0,59365.45,4.48,2031-07-28
E014872,Tara,Operations,41,29.0,89846.53,9.09,2031-07-29
E014873,Aarav,HR,37,23.0,94271.49,8.03,2031-07-29
E014874,Aarav,Finance,49,7.0,69444.21,7.78,2031-07-29
E014875,Nisha,Sales,57,34.0,79869.35,4.42,2031-07-30
E014876,Isha,Sales,55,34.0,107422.18,6.66,2031-07-30
E014877,Tara,Sales,25,23.0,86673.08,2.66,2031-07-30
E014878,Aarav,Marketing,61,26.0,90673.72,7.07,2031-07-31
E014879,Aarav,HR,35,22.0,91371.66,6.5,2031-07-31
E014880,Rohan,Engineering,57,26.0,59468.16,5.67,2031-07-31
E014881,Aarav,HR,38,19.0,86783.04,6.9,2031-08-01
E014882,Nisha,Operations,54,8.0,81325.16,3.72,2031-08-01
E014883,Diya,Finance,50,8.0,76800.9,6.63,2031-08-01
E014884,Diya,Operations,55,31.0,33425.41,4.12,2031-08-02
E014885,Kabir,HR,22,13.0,66152.65,3.0,2031-08-02
E014886,Aditya,Operations,37,12.0,88697.86,8.07,2031-08-02
E014887,Kabir,Finance,58,31.0,53834.44,1.46,2031-08-03
,Aditya,Engineering,40,16.0,114737.82,2.94,2031-08-03
E014889,Diya,HR,54,19.0,94695.14,4.09,2031-08-03
E014890,Diya,Engineering,57,8.0,48481.0,5.67,2031-08-04
E014891,Aditya,Finance,27,27.0,61316.33,5.8,2031-08-04
E014892,,Engineering,56,19.0,48225.26,7.37,2031-08-04
E014893,Tara,HR,55,27.0,65839.27,9.65,2031-08-05
E014894,Aditya,Finance,40,20.0,95925.76,6.85,2031-08-05
E014895,Isha,Operations,36,3.0,111480.22,1.77,2031-08-05
E014896,Nisha,Sales,48,12.0,55991.16,2.5,2031-08-06
E014897,Kabir,HR,55,20.0,93317.09,7.96,2031-08-06
E014898,Isha,Operations,50,27.0,75539.95,6.82,2031-08-06
E014899,Isha,Sales,51,24.0,81601.39,8.89,2031-08-07
E014900,Diya,Operations,40,2.0,80640.97,2.48,2031-08-07
E014901,Diya,Operations,36,34.0,49217.09,4.31,2031-08-07
E014902,Aarav,Finance,57,1.0,82692.64,9.34,2031-08-08
E014903,Rohan,Operations,60,5.0,91437.58,8.85,2031-08-08
E014904,Aditya,HR,26,11.0,45263.08,4.2,2031-08-08
E014905,Rohan,Engineering,37,4.0,54273.67,8.05,2031-08-09
E014906,Tara,Operations,21,13.0,64827.24,5.9,2031-08-09
E014907,Tara,Engineering,61,33.0,87143.74,2.76,2031-08-09
E014908,Aarav,Marketing,42,5.0,96865.31,7.76,2031-08-10
E014909,Aditya,Operations,27,22.0,66679.25,2.75,2031-08-10
E014910,Tara,HR,61,33.0,109761.68,6.65,2031-08-10
E014911,Diya,Marketing,44,7.0,55497.09,1.67,2031-08-11
E014912,Isha,Engineering,40,13.0,26901.92,1.93,2031-08-11
,,Sales,43,,30521.67,1.7,2031-08-11
E014914,Nisha,Engineering,46,1.0,48653.05,4.16,2031-08-12
E014915,,Operations,24,33.0,55256.14,9.44,2031-08-12
E014916,Nisha,Sales,48,18.0,104741.84,2.28,2031-08-12
E014917,Rohan,Operations,57,7.0,71879.93,3.35,2031-08-13
E014918,Kabir,Finance,58,17.0,67419.49,6.3,2031-08-13
E014919,Rohan,HR,58,1.0,88638.36,5.17,2031-08-13
E014920,Aarav,Engineering,44,13.0,25122.7,7.54,2031-08-14
E014921,Tara,HR,37,26.0,77978.83,1.67,2031-08-14
E014922,Isha,Marketing,37,1.0,97566.95,3.75,2031-08-14
E014923,Kabir,Operations,32,20.0,95069.1,4.95,2031-08-15
E014924,Aarav,Operations,59,4.0,56093.21,9.53,2031-08-15
E014925,Tara,Operations,34,,79850.16,2.73,2031-08-15
E014926,Kabir,Engineering,53,7.0,43961.23,5.0,2031-08-16
E014927,Rohan,Engineering,31,18.0,26647.57,1.49,2031-08-16
E014928,Kabir,Engineering,21,17.0,91437.43,4.79,2031-08-16
E014929,Aditya,Finance,27,20.0,68489.21,6.16,2031-08-17
E014930,Isha,Marketing,58,15.0,38983.09,4.69,2031-08-17
E014931,Kabir,Engineering,41,22.0,81512.25,1.81,2031-08-17
E014932,Isha,Engineering,60,28.0,120349.71,2.46,2031-08-18
E014933,Kabir,Sales,45,20.0,344.28,1.38,2031-08-18
E014934,Rohan,Sales,60,10.0,112384.85,4.07,2031-08-18
E014935,Aditya,Finance,59,29.0,37539.87,7.98,2031-08-19
E014936,Kabir,HR,46,4.0,95835.09,7.92,2031-08-19
E014937,Diya,Finance,30,33.0,33018.99,4.07,2031-08-19
E014938,Nisha,HR,37,23.0,75257.35,3.9,2031-08-20
E014939,Kabir,Marketing,28,23.0,69613.87,4.68,2031-08-20
E014940,Aditya,Marketing,35,21.0,74527.52,2.4,2031-08-20
,Aarav,Sales,28,13.0,96036.49,4.19,2031-08-21
E014942,Aditya,Sales,37,1.0,116755.83,7.74,2031-08-21
E014943,Aarav,HR,58,5.0,55273.65,4.94,2031-08-21
E014944,Nisha,Operations,46,3.0,109392.76,6.82,2031-08-22
E014945,Aditya,Engineering,35,22.0,63027.15,7.16,2031-08-22
E014946,Tara,HR,25,1.0,117375.22,6.79,2031-08-22
E014947,Aarav,Marketing,31,4.0,55853.9,3.68,2031-08-23
E014948,Aditya,Finance,44,24.0,48725.75,5.79,2031-08-23
E014949,Rohan,HR,44,14.0,108963.07,7.73,2031-08-23
E014950,Tara,HR,38,30.0,28330.52,2.05,2031-08-24
E014951,Aditya,Sales,51,20.0,67386.55,8.28,2031-08-24
E014952,Aditya,Operations,30,0.0,85196.86,5.88,2031-08-24
E014953,Nisha,Operations,34,24.0,94232.94,7.69,2031-08-25
E014954,Aarav,HR,59,0.0,60566.87,9.15,2031-08-25
E014955,Nisha,Marketing,57,25.0,71786.47,15.0,2031-08-25
E014956,Aarav,Operations,61,19.0,104386.85,6.75,2031-08-26
E014957,Aditya,Operations,35,25.0,99518.22,2.1,2031-08-26
E014958,Aarav,Finance,30,20.0,45632.26,6.81,2031-08-26
E014959,Aditya,Finance,54,32.0,55108.26,8.72,2031-08-27
E014960,Aarav,Marketing,53,34.0,51481.6,2.38,2031-08-27
E014961,Diya,Operations,58,19.0,62251.41,7.76,2031-08-27
E014962,Nisha,Engineering,40,19.0,70895.19,6.63,2031-08-28
E014963,,Engineering,45,12.0,46045.57,5.51,2031-08-28
E014964,Aditya,Marketing,29,3.0,100135.06,6.68,2031-08-28
E014965,Aditya,Finance,29,2.0,68328.9,1.0,2031-08-29
,Diya,HR,25,31.0,98906.48,6.66,2031-08-29
E014967,Aarav,Engineering,45,34.0,70833.49,2.74,2031-08-29
,Tara,Operations,24,25.0,33995.14,2.11,2031-08-30
E014969,Diya,Marketing,34,34.0,40746.37,8.83,2031-08-30
E014970,Aarav,Engineering,49,1.0,53796.81,8.37,2031-08-30
E014971,Nisha,Marketing,39,27.0,70047.29,5.05,2031-08-31
E014972,Rohan,Marketing,51,1.0,80060.58,1.51,2031-08-31
E014973,Tara,Operations,55,0.0,68046.67,4.45,2031-08-31
E014974,Aarav,Operations,55,5.0,80684.75,1.42,2031-09-01
E014975,Tara,Sales,38,33.0,69006.62,5.24,2031-09-01
E014976,Aditya,Operations,24,8.0,46716.81,4.68,2031-09-01
E014977,Aarav,Operations,49,29.0,51986.2,6.81,2031-09-02
E014978,Isha,Sales,54,4.0,63344.44,9.25,2031-09-02
E014979,Kabir,Marketing,51,29.0,72221.24,5.59,2031-09-02
E014980,Nisha,Engineering,58,34.0,46989.39,4.34,2031-09-03
E014981,Aarav,Sales,24,20.0,78075.18,3.26,2031-09-03
E014982,Aditya,Operations,58,15.0,24099.29,6.35,2031-09-03
E014983,Isha,Finance,44,30.0,52811.25,6.18,2031-09-04
E014984,Diya,Sales,47,0.0,43862.87,6.59,2031-09-04
E014985,Aditya,Sales,55,29.0,114814.87,5.52,2031-09-04
E014986,Aditya,Finance,26,6.0,82358.95,5.37,2031-09-05
E014987,Kabir,HR,37,26.0,73775.59,5.73,2031-09-05
E014988,Tara,Sales,40,9.0,88132.03,2.18,2031-09-05
E014989,Diya,HR,27,12.0,78511.75,9.4,2031-09-06
E014990,Kabir,Operations,29,1.0,12693.21,1.24,2031-09-06
E014991,Isha,Finance,28,7.0,68025.79,8.0,2031-09-06
E014992,Aarav,Finance,50,29.0,81555.54,5.45,2031-09-07
E014993,Aditya,Engineering,23,1.0,100045.61,9.66,2031-09-07
E014994,Tara,HR,27,21.0,40580.65,3.9,2031-09-07
E014995,Diya,Marketing,46,6.0,63244.3,7.42,2031-09-08
E014996,Rohan,Engineering,46,4.0,81210.88,7.28,2031-09-08
E014997,Isha,Operations,50,26.0,63082.66,8.76,2031-09-08
E014998,Rohan,Marketing,29,9.0,67258.03,9.86,
E014999,Kabir,Operations,61,27.0,77758.11,9.76,2031-09-09
E015000,Nisha,Sales,31,13.0,91177.77,2.5,2031-09-09
E011961,Rohan,Marketing,54,28.0,73870.24,2.43,2028-11-30
E003045,Rohan,Sales,46,24.0,97246.33,2.12,2020-10-11
E002986,Aarav,Operations,58,34.0,98499.78,8.42,2020-09-22
E004623,Tara,Engineering,31,,86348.6,2.54,2022-03-21
E012335,Isha,Marketing,55,18.0,47240.53,3.86,2029-04-04
E013280,Nisha,Marketing,22,4.0,87316.92,1.47,2030-02-13
E007489,Isha,Sales,54,11.0,137446.77,3.73,2024-11-01
E007779,Isha,Marketing,37,3.0,89153.99,5.68,2025-02-05
,Rohan,Finance,22,34.0,63987.01,1.33,2027-08-07
E013321,Isha,Operations,33,2.0,103943.79,3.34,2030-02-27
E001299,Diya,Operations,45,27.0,7401.2,3.72,2019-03-09
E001750,Isha,Marketing,32,22.0,86908.99,8.43,2019-08-07
E014127,Isha,Sales,31,18.0,59927.8,9.4,2030-11-22
E011739,Aarav,Marketing,39,28.0,61593.06,1.24,2028-09-17
E009640,Nisha,Sales,60,33.0,95587.12,9.93,2026-10-19
E010267,Diya,Finance,46,8.0,98824.09,9.38,2027-05-16
E012859,Rohan,Operations,31,1.0,69179.61,8.0,2029-09-26
E012615,Nisha,HR,55,3.0,96920.78,7.67,2029-07-06
E001937,Nisha,Marketing,55,4.0,73581.73,1.79,2019-10-08
E009996,Aditya,Finance,29,33.0,23255.25,6.47,2027-02-14
E013344,Aarav,Marketing,55,30.0,97529.16,7.7,2030-03-06
E013653,Diya,HR,27,22.0,95362.75,1.93,2030-06-17
E011747,Nisha,Marketing,48,13.0,53401.15,2.71,2028-09-20
E003973,Aditya,Engineering,25,22.0,40574.14,1.63,2021-08-17
E001986,Aarav,Sales,21,12.0,71240.2,8.69,2019-10-24
E013674,Aditya,Sales,24,1.0,89066.43,7.71,2030-06-24
E004589,Rohan,Sales,28,26.0,69042.71,4.67,2022-03-10
E007685,Rohan,HR,55,22.0,52938.55,1.69,2025-01-05
E012356,Diya,Marketing,45,31.0,93106.58,5.57,2029-04-11
E008770,Kabir,Finance,59,10.0,55411.09,3.22,2026-01-02
E006783,Aarav,Finance,34,-3.0,69948.86,7.89,2024-03-10
E002235,Aditya,Engineering,40,14.0,56493.74,1.36,2020-01-15
E013145,Aarav,Operations,23,33.0,100256.12,8.76,2029-12-30
E010208,Aarav,Finance,37,15.0,74220.19,7.88,2027-04-26
E001270,Tara,Marketing,25,9.0,94969.04,7.32,2019-02-28
E002505,Isha,Marketing,40,28.0,125980.48,1.24,2020-04-14
E010350,Aarav,Marketing,28,29.0,51227.99,7.44,2027-06-12
E012899,Isha,Marketing,29,5.0,88837.33,4.28,2029-10-09
E004149,Aarav,Operations,34,8.0,25642.64,3.23,2021-10-14
E014132,Diya,HR,50,7.0,77657.26,5.42,2030-11-24
E006761,Isha,Engineering,39,21.0,31487.01,4.47,2024-03-03
E008564,Kabir,Engineering,44,10.0,89913.12,2.37,2025-10-25
E000916,Rohan,HR,44,22.0,124895.34,4.46,2018-11-02
E001987,Isha,Operations,23,3.0,81244.77,8.16,2019-10-25
E014653,Aarav,Finance,56,32.0,115904.65,6.03,2031-05-17
E007234,Kabir,Engineering,36,1.0,73912.5,1.77,2024-08-08
E001607,Rohan,Engineering,58,3.0,62106.98,7.32,2019-06-20
E011452,Diya,HR,47,8.0,108886.25,6.31,2028-06-14
E012161,Isha,Finance,60,4.0,78738.1,3.15,2029-02-05
E010301,Aarav,Engineering,48,1.0,117188.8,9.67,2027-05-27
E008806,Aarav,Sales,60,12.0,78231.71,5.69,2026-01-14
E008742,Aditya,Sales,52,6.0,83837.46,4.07,2025-12-23
E013918,Aditya,Marketing,51,19.0,65481.4,7.81,2030-09-14
E009240,Isha,Finance,60,14.0,89664.33,4.22,2026-06-07
E006390,Kabir,Finance,47,5.0,66118.22,1.28,2023-10-31
E002743,Kabir,Operations,37,19.0,61915.68,1.28,2020-07-03
E009946,Aarav,HR,49,29.0,37645.28,7.9,2027-01-29
E002852,Kabir,HR,30,21.0,41470.08,7.29,2020-08-08
E003127,Rohan,Sales,47,14.0,97845.83,8.8,2020-11-08
E001216,Tara,Engineering,47,16.0,122212.69,9.03,2019-02-10
E004567,Aarav,HR,39,0.0,95155.78,2.88,2022-03-03
E003433,Kabir,Engineering,54,18.0,92512.21,7.79,2021-02-18
E009593,Diya,Operations,42,11.0,36968.79,6.59,2026-10-03
E006109,Aarav,Engineering,43,22.0,116862.92,7.79,2023-07-30
E005479,Tara,Sales,38,3.0,60084.24,4.47,
E012044,Isha,Sales,36,5.0,93361.11,1.83,2028-12-28
E011402,Nisha,Operations,23,1.0,139076.82,2.56,2028-05-28
E000839,Kabir,Operations,43,4.0,85984.06,5.59,2018-10-07
E001422,Aarav,Operations,37,33.0,67669.13,6.73,2019-04-19
E011018,Isha,Operations,28,18.0,64089.33,2.02,2028-01-21
E007212,Aarav,Finance,21,29.0,62026.3,4.52,2024-07-31
E012990,Nisha,Marketing,33,33.0,72246.13,9.27,2029-11-08
E007930,Diya,Finance,27,22.0,55899.68,8.08,2025-03-28
E011219,Aarav,Engineering,60,21.0,19614.29,7.41,2028-03-28
E014905,Rohan,Engineering,37,4.0,54273.67,8.05,2031-08-09
